run_id,config,engine,seed,source,eval_index,elapsed_ms,best_objective,feasible,hard_violation
arOrch_146588263_infrastructure_70|pop20-sbx#seed1,pop20-sbx,evolutionary-heuristics,1,search,1,0,1009.6364243478705,False,9.636424347870543
arOrch_146588263_infrastructure_70|pop20-sbx#seed1,pop20-sbx,evolutionary-heuristics,1,search,9,2,1001.626904276888,False,1.626904276887981
arOrch_146588263_infrastructure_70|pop20-sbx#seed1,pop20-sbx,evolutionary-heuristics,1,search,11,2,1000.2032968898528,False,0.20329688985285158
arOrch_146588263_infrastructure_70|pop20-sbx#seed1,pop20-sbx,evolutionary-heuristics,1,search,58,13,1000.2013671907675,False,0.20136719076752432
arOrch_146588263_infrastructure_70|pop20-sbx#seed1,pop20-sbx,evolutionary-heuristics,1,search,72,16,1000.1745563406879,False,0.174556340687911
arOrch_146588263_infrastructure_70|pop20-sbx#seed1,pop20-sbx,evolutionary-heuristics,1,search,74,16,1000.1642215449812,False,0.1642215449811984
arOrch_146588263_infrastructure_70|pop20-sbx#seed1,pop20-sbx,evolutionary-heuristics,1,search,90,20,1000.1163826182833,False,0.11638261828329358
arOrch_146588263_infrastructure_70|pop20-sbx#seed1,pop20-sbx,evolutionary-heuristics,1,search,129,28,1000.101038400859,False,0.10103840085904037
arOrch_146588263_infrastructure_70|pop20-sbx#seed1,pop20-sbx,evolutionary-heuristics,1,search,141,31,1000.0861199803713,False,0.08611998037137022
arOrch_146588263_infrastructure_70|pop20-sbx#seed1,pop20-sbx,evolutionary-heuristics,1,search,212,45,1000.0800690378165,False,0.08006903781659085
arOrch_146588263_infrastructure_70|pop20-sbx#seed1,pop20-sbx,evolutionary-heuristics,1,search,251,54,1000.0369976015501,False,0.03699760155008199
arOrch_146588263_infrastructure_70|pop20-sbx#seed1,pop20-sbx,evolutionary-heuristics,1,search,407,86,1000.0350679024648,False,0.035067902464754656
arOrch_146588263_infrastructure_70|pop20-sbx#seed1,pop20-sbx,evolutionary-heuristics,1,search,418,89,1000.0258126704417,False,0.02581267044175931
arOrch_146588263_infrastructure_70|pop20-sbx#seed1,pop20-sbx,evolutionary-heuristics,1,search,421,89,1000.0238829713564,False,0.023882971356431974
arOrch_146588263_infrastructure_70|pop20-sbx#seed1,pop20-sbx,evolutionary-heuristics,1,search,445,94,1000.0017023102442,False,0.0017023102442058076
arOrch_146588263_infrastructure_70|pop20-sbx#seed1,pop20-sbx,evolutionary-heuristics,1,search,578,122,0.3475257580377856,True,0.0
arOrch_146588263_infrastructure_70|pop20-sbx#seed1,pop20-sbx,evolutionary-heuristics,1,search,643,136,0.3470621558176481,True,0.0
arOrch_146588263_infrastructure_70|pop20-sbx#seed1,pop20-sbx,evolutionary-heuristics,1,search,882,186,0.3467489770517041,True,0.0
arOrch_146588263_infrastructure_70|pop20-sbx#seed1,pop20-sbx,evolutionary-heuristics,1,search,1324,280,0.33718257601601853,True,0.0
arOrch_146588263_infrastructure_70|pop20-sbx#seed1,pop20-sbx,evolutionary-heuristics,1,search,1478,318,0.3278856713227819,True,0.0
arOrch_146588263_infrastructure_70|pop20-sbx#seed1,pop20-sbx,evolutionary-heuristics,1,search,1617,347,0.17519601453491715,True,0.0
arOrch_146588263_infrastructure_70|pop20-sbx#seed1,pop20-sbx,evolutionary-heuristics,1,search,1649,355,0.1705069323098849,True,0.0
arOrch_146588263_infrastructure_70|pop20-sbx#seed1,pop20-sbx,evolutionary-heuristics,1,search,1665,359,0.16818012180840436,True,0.0
arOrch_146588263_infrastructure_70|pop20-sbx#seed1,pop20-sbx,evolutionary-heuristics,1,search,1819,392,0.16694401349340776,True,0.0
arOrch_146588263_infrastructure_70|pop20-sbx#seed1,pop20-sbx,evolutionary-heuristics,1,search,1869,402,0.16416215675989312,True,0.0
arOrch_146588263_infrastructure_70|pop20-sbx#seed1,pop20-sbx,evolutionary-heuristics,1,search,2145,461,0.1618353462584126,True,0.0
arOrch_146588263_infrastructure_70|pop20-sbx#seed1,pop20-sbx,evolutionary-heuristics,1,search,2323,497,0.16132183787304602,True,0.0
arOrch_146588263_infrastructure_70|pop20-sbx#seed1,pop20-sbx,evolutionary-heuristics,1,search,25093,5460,0.15516562669727518,True,0.0
arOrch_146588263_infrastructure_70|pop20-sbx#seed2,pop20-sbx,evolutionary-heuristics,2,search,1,0,1005.1471871451159,False,5.147187145115925
arOrch_146588263_infrastructure_70|pop20-sbx#seed2,pop20-sbx,evolutionary-heuristics,2,search,17,3,1004.0407960199005,False,4.0407960199004975
arOrch_146588263_infrastructure_70|pop20-sbx#seed2,pop20-sbx,evolutionary-heuristics,2,search,25,5,1003.5592094234262,False,3.5592094234262097
arOrch_146588263_infrastructure_70|pop20-sbx#seed2,pop20-sbx,evolutionary-heuristics,2,search,35,7,1002.9930017279798,False,2.9930017279798014
arOrch_146588263_infrastructure_70|pop20-sbx#seed2,pop20-sbx,evolutionary-heuristics,2,search,41,8,1002.8838996786875,False,2.8838996786875177
arOrch_146588263_infrastructure_70|pop20-sbx#seed2,pop20-sbx,evolutionary-heuristics,2,search,44,9,1001.5639495621069,False,1.563949562106943
arOrch_146588263_infrastructure_70|pop20-sbx#seed2,pop20-sbx,evolutionary-heuristics,2,search,63,13,1001.5521376668664,False,1.5521376668663907
arOrch_146588263_infrastructure_70|pop20-sbx#seed2,pop20-sbx,evolutionary-heuristics,2,search,66,14,1001.5299143179403,False,1.5299143179402788
arOrch_146588263_infrastructure_70|pop20-sbx#seed2,pop20-sbx,evolutionary-heuristics,2,search,81,17,1001.0300725727006,False,1.0300725727006455
arOrch_146588263_infrastructure_70|pop20-sbx#seed2,pop20-sbx,evolutionary-heuristics,2,search,89,18,1000.7188392745022,False,0.7188392745022086
arOrch_146588263_infrastructure_70|pop20-sbx#seed2,pop20-sbx,evolutionary-heuristics,2,search,103,22,1000.6408830285138,False,0.6408830285137928
arOrch_146588263_infrastructure_70|pop20-sbx#seed2,pop20-sbx,evolutionary-heuristics,2,search,105,22,1000.625237561952,False,0.625237561951969
arOrch_146588263_infrastructure_70|pop20-sbx#seed2,pop20-sbx,evolutionary-heuristics,2,search,120,25,1000.5808617778303,False,0.5808617778303061
arOrch_146588263_infrastructure_70|pop20-sbx#seed2,pop20-sbx,evolutionary-heuristics,2,search,128,27,1000.5230734863205,False,0.5230734863205624
arOrch_146588263_infrastructure_70|pop20-sbx#seed2,pop20-sbx,evolutionary-heuristics,2,search,165,34,1000.5074626865671,False,0.5074626865671642
arOrch_146588263_infrastructure_70|pop20-sbx#seed2,pop20-sbx,evolutionary-heuristics,2,search,1020,203,1000.0017521178196,False,0.0017521178196409442
arOrch_146588263_infrastructure_70|pop20-sbx#seed2,pop20-sbx,evolutionary-heuristics,2,search,1069,212,0.34855303854662756,True,0.0
arOrch_146588263_infrastructure_70|pop20-sbx#seed2,pop20-sbx,evolutionary-heuristics,2,search,1125,222,0.3485040996550082,True,0.0
arOrch_146588263_infrastructure_70|pop20-sbx#seed2,pop20-sbx,evolutionary-heuristics,2,search,1161,229,0.3392994075941643,True,0.0
arOrch_146588263_infrastructure_70|pop20-sbx#seed2,pop20-sbx,evolutionary-heuristics,2,search,1198,236,0.339250468702545,True,0.0
arOrch_146588263_infrastructure_70|pop20-sbx#seed2,pop20-sbx,evolutionary-heuristics,2,search,1224,241,0.3314475112898653,True,0.0
arOrch_146588263_infrastructure_70|pop20-sbx#seed2,pop20-sbx,evolutionary-heuristics,2,search,1351,265,0.3283825749938372,True,0.0
arOrch_146588263_infrastructure_70|pop20-sbx#seed2,pop20-sbx,evolutionary-heuristics,2,search,1499,293,0.3254896053673299,True,0.0
arOrch_146588263_infrastructure_70|pop20-sbx#seed2,pop20-sbx,evolutionary-heuristics,2,search,3323,623,0.3210318715666395,True,0.0
arOrch_146588263_infrastructure_70|pop20-sbx#seed2,pop20-sbx,evolutionary-heuristics,2,search,3441,644,0.32027466764413126,True,0.0
arOrch_146588263_infrastructure_70|pop20-sbx#seed2,pop20-sbx,evolutionary-heuristics,2,search,88290,16055,0.31998657669524566,True,0.0
arOrch_146588263_infrastructure_70|pop20-sbx#seed2,pop20-sbx,evolutionary-heuristics,2,search,90812,16495,0.31364180114525386,True,0.0
arOrch_146588263_infrastructure_70|pop20-sbx#seed3,pop20-sbx,evolutionary-heuristics,3,search,1,0,1004.2241817578773,False,4.224181757877281
arOrch_146588263_infrastructure_70|pop20-sbx#seed3,pop20-sbx,evolutionary-heuristics,3,search,16,3,1002.0966599034613,False,2.0966599034613034
arOrch_146588263_infrastructure_70|pop20-sbx#seed3,pop20-sbx,evolutionary-heuristics,3,search,36,8,1000.7961382879804,False,0.7961382879803731
arOrch_146588263_infrastructure_70|pop20-sbx#seed3,pop20-sbx,evolutionary-heuristics,3,search,91,21,1000.7509181127053,False,0.7509181127053861
arOrch_146588263_infrastructure_70|pop20-sbx#seed3,pop20-sbx,evolutionary-heuristics,3,search,102,23,1000.6994110446021,False,0.6994110446021533
arOrch_146588263_infrastructure_70|pop20-sbx#seed3,pop20-sbx,evolutionary-heuristics,3,search,106,24,1000.6787113803646,False,0.6787113803645893
arOrch_146588263_infrastructure_70|pop20-sbx#seed3,pop20-sbx,evolutionary-heuristics,3,search,117,26,1000.6616042848942,False,0.6616042848942562
arOrch_146588263_infrastructure_70|pop20-sbx#seed3,pop20-sbx,evolutionary-heuristics,3,search,121,27,1000.0683323922098,False,0.06833239220971254
arOrch_146588263_infrastructure_70|pop20-sbx#seed3,pop20-sbx,evolutionary-heuristics,3,search,190,42,1000.0622258672355,False,0.06222586723553095
arOrch_146588263_infrastructure_70|pop20-sbx#seed3,pop20-sbx,evolutionary-heuristics,3,search,195,42,1000.0542857466775,False,0.05428574667751435
arOrch_146588263_infrastructure_70|pop20-sbx#seed3,pop20-sbx,evolutionary-heuristics,3,search,209,45,1000.0507135878721,False,0.050713587872094804
arOrch_146588263_infrastructure_70|pop20-sbx#seed3,pop20-sbx,evolutionary-heuristics,3,search,234,51,1000.049092479726,False,0.04909247972601682
arOrch_146588263_infrastructure_70|pop20-sbx#seed3,pop20-sbx,evolutionary-heuristics,3,search,241,52,1000.0333703503499,False,0.0333703503498637
arOrch_146588263_infrastructure_70|pop20-sbx#seed3,pop20-sbx,evolutionary-heuristics,3,search,321,68,1000.0317966908334,False,0.031796690833365324
arOrch_146588263_infrastructure_70|pop20-sbx#seed3,pop20-sbx,evolutionary-heuristics,3,search,323,69,1000.0268761247372,False,0.026876124737262416
arOrch_146588263_infrastructure_70|pop20-sbx#seed3,pop20-sbx,evolutionary-heuristics,3,search,332,70,1000.0086070035297,False,0.008607003529688562
arOrch_146588263_infrastructure_70|pop20-sbx#seed3,pop20-sbx,evolutionary-heuristics,3,search,412,87,1000.0066773044443,False,0.006677304444361145
arOrch_146588263_infrastructure_70|pop20-sbx#seed3,pop20-sbx,evolutionary-heuristics,3,search,413,87,1000.005926755718,False,0.005926755718002041
arOrch_146588263_infrastructure_70|pop20-sbx#seed3,pop20-sbx,evolutionary-heuristics,3,search,419,88,0.3472927339920582,True,0.0
arOrch_146588263_infrastructure_70|pop20-sbx#seed3,pop20-sbx,evolutionary-heuristics,3,search,434,91,0.34487611335953317,True,0.0
arOrch_146588263_infrastructure_70|pop20-sbx#seed3,pop20-sbx,evolutionary-heuristics,3,search,514,108,0.34468284392806414,True,0.0
arOrch_146588263_infrastructure_70|pop20-sbx#seed3,pop20-sbx,evolutionary-heuristics,3,search,543,114,0.34348848010957733,True,0.0
arOrch_146588263_infrastructure_70|pop20-sbx#seed3,pop20-sbx,evolutionary-heuristics,3,search,564,118,0.34198314373302585,True,0.0
arOrch_146588263_infrastructure_70|pop20-sbx#seed3,pop20-sbx,evolutionary-heuristics,3,search,617,129,0.3361401963299494,True,0.0
arOrch_146588263_infrastructure_70|pop20-sbx#seed3,pop20-sbx,evolutionary-heuristics,3,search,678,142,0.3354840986409381,True,0.0
arOrch_146588263_infrastructure_70|pop20-sbx#seed3,pop20-sbx,evolutionary-heuristics,3,search,901,189,0.3308414614563857,True,0.0
arOrch_146588263_infrastructure_70|pop20-sbx#seed3,pop20-sbx,evolutionary-heuristics,3,search,1113,233,0.3256210348226747,True,0.0
arOrch_146588263_infrastructure_70|pop20-sbx#seed3,pop20-sbx,evolutionary-heuristics,3,search,1173,245,0.1642170079332167,True,0.0
arOrch_146588263_infrastructure_70|pop20-sbx#seed3,pop20-sbx,evolutionary-heuristics,3,search,1833,379,0.15787223238322493,True,0.0
arOrch_146588263_infrastructure_70|pop20-sbx#seed3,pop20-sbx,evolutionary-heuristics,3,search,3446,723,0.15369757814504792,True,0.0
arOrch_146588263_infrastructure_135|pop20-sbx#seed1,pop20-sbx,evolutionary-heuristics,1,search,1,0,1028.6353555555556,False,28.635355555555552
arOrch_146588263_infrastructure_135|pop20-sbx#seed1,pop20-sbx,evolutionary-heuristics,1,search,2,0,1020.1086015754561,False,20.108601575456053
arOrch_146588263_infrastructure_135|pop20-sbx#seed1,pop20-sbx,evolutionary-heuristics,1,search,3,0,1003.5057551923386,False,3.505755192338577
arOrch_146588263_infrastructure_135|pop20-sbx#seed1,pop20-sbx,evolutionary-heuristics,1,search,8,2,1001.6830650097911,False,1.6830650097911213
arOrch_146588263_infrastructure_135|pop20-sbx#seed1,pop20-sbx,evolutionary-heuristics,1,search,42,11,1001.6302584085679,False,1.6302584085678462
arOrch_146588263_infrastructure_135|pop20-sbx#seed1,pop20-sbx,evolutionary-heuristics,1,search,45,11,1001.5538686381113,False,1.5538686381113902
arOrch_146588263_infrastructure_135|pop20-sbx#seed1,pop20-sbx,evolutionary-heuristics,1,search,64,16,1001.5504555965643,False,1.5504555965643687
arOrch_146588263_infrastructure_135|pop20-sbx#seed1,pop20-sbx,evolutionary-heuristics,1,search,91,23,1001.0732704785684,False,1.0732704785683116
arOrch_146588263_infrastructure_135|pop20-sbx#seed1,pop20-sbx,evolutionary-heuristics,1,search,111,28,1000.5320813210254,False,0.5320813210254204
arOrch_146588263_infrastructure_135|pop20-sbx#seed1,pop20-sbx,evolutionary-heuristics,1,search,131,33,1000.5074626865671,False,0.5074626865671642
arOrch_146588263_infrastructure_135|pop20-sbx#seed1,pop20-sbx,evolutionary-heuristics,1,search,143,36,1000.1074627008909,False,0.10746270089092656
arOrch_146588263_infrastructure_135|pop20-sbx#seed1,pop20-sbx,evolutionary-heuristics,1,search,207,51,1000.0309339905732,False,0.03093399057319915
arOrch_146588263_infrastructure_135|pop20-sbx#seed1,pop20-sbx,evolutionary-heuristics,1,search,235,58,1000.0148492022608,False,0.01484920226086779
arOrch_146588263_infrastructure_135|pop20-sbx#seed1,pop20-sbx,evolutionary-heuristics,1,search,303,74,1000.0113986922877,False,0.011398692287735426
arOrch_146588263_infrastructure_135|pop20-sbx#seed1,pop20-sbx,evolutionary-heuristics,1,search,323,78,1000.0006857891467,False,0.0006857891466679496
arOrch_146588263_infrastructure_135|pop20-sbx#seed1,pop20-sbx,evolutionary-heuristics,1,search,388,94,0.28814323289053656,True,0.0
arOrch_146588263_infrastructure_135|pop20-sbx#seed1,pop20-sbx,evolutionary-heuristics,1,search,412,99,0.28029379872979115,True,0.0
arOrch_146588263_infrastructure_135|pop20-sbx#seed1,pop20-sbx,evolutionary-heuristics,1,search,457,110,0.2802847458905393,True,0.0
arOrch_146588263_infrastructure_135|pop20-sbx#seed1,pop20-sbx,evolutionary-heuristics,1,search,1324,323,0.2734869520994391,True,0.0
arOrch_146588263_infrastructure_135|pop20-sbx#seed1,pop20-sbx,evolutionary-heuristics,1,search,1866,449,0.2686869826512978,True,0.0
arOrch_146588263_infrastructure_135|pop20-sbx#seed1,pop20-sbx,evolutionary-heuristics,1,search,2059,493,0.26757343261554023,True,0.0
arOrch_146588263_infrastructure_135|pop20-sbx#seed1,pop20-sbx,evolutionary-heuristics,1,search,26842,8070,0.2640657265774355,True,0.0
arOrch_146588263_infrastructure_135|pop20-sbx#seed1,pop20-sbx,evolutionary-heuristics,1,search,38548,10959,0.2627719842623225,True,0.0
arOrch_146588263_infrastructure_135|pop20-sbx#seed1,pop20-sbx,evolutionary-heuristics,1,search,39135,11096,0.2625665296778613,True,0.0
arOrch_146588263_infrastructure_135|pop20-sbx#seed1,pop20-sbx,evolutionary-heuristics,1,search,39617,11210,0.2618962280592043,True,0.0
arOrch_146588263_infrastructure_135|pop20-sbx#seed1,pop20-sbx,evolutionary-heuristics,1,search,279966,69614,0.261798652576494,True,0.0
arOrch_146588263_infrastructure_135|pop20-sbx#seed1,pop20-sbx,evolutionary-heuristics,1,search,280194,69672,0.10169896510010928,True,0.0
arOrch_146588263_infrastructure_135|pop20-sbx#seed1,pop20-sbx,evolutionary-heuristics,1,search,280319,69705,0.10064929121093327,True,0.0
arOrch_146588263_infrastructure_135|pop20-sbx#seed2,pop20-sbx,evolutionary-heuristics,2,search,1,0,1007.1425849087893,False,7.142584908789387
arOrch_146588263_infrastructure_135|pop20-sbx#seed2,pop20-sbx,evolutionary-heuristics,2,search,3,1,1006.5752750785451,False,6.575275078545171
arOrch_146588263_infrastructure_135|pop20-sbx#seed2,pop20-sbx,evolutionary-heuristics,2,search,8,2,1005.587010959004,False,5.587010959004038
arOrch_146588263_infrastructure_135|pop20-sbx#seed2,pop20-sbx,evolutionary-heuristics,2,search,9,2,1003.8152325108045,False,3.8152325108045813
arOrch_146588263_infrastructure_135|pop20-sbx#seed2,pop20-sbx,evolutionary-heuristics,2,search,14,4,1002.8610284257501,False,2.8610284257500425
arOrch_146588263_infrastructure_135|pop20-sbx#seed2,pop20-sbx,evolutionary-heuristics,2,search,41,11,1002.8146944877919,False,2.814694487791942
arOrch_146588263_infrastructure_135|pop20-sbx#seed2,pop20-sbx,evolutionary-heuristics,2,search,55,16,1002.7953492372833,False,2.7953492372832365
arOrch_146588263_infrastructure_135|pop20-sbx#seed2,pop20-sbx,evolutionary-heuristics,2,search,58,16,1002.4862209012128,False,2.486220901212872
arOrch_146588263_infrastructure_135|pop20-sbx#seed2,pop20-sbx,evolutionary-heuristics,2,search,60,17,1001.6556108804594,False,1.6556108804593996
arOrch_146588263_infrastructure_135|pop20-sbx#seed2,pop20-sbx,evolutionary-heuristics,2,search,64,18,1000.5148196746807,False,0.5148196746807107
arOrch_146588263_infrastructure_135|pop20-sbx#seed2,pop20-sbx,evolutionary-heuristics,2,search,81,23,1000.5103572252629,False,0.5103572252628683
arOrch_146588263_infrastructure_135|pop20-sbx#seed2,pop20-sbx,evolutionary-heuristics,2,search,90,25,1000.0139339892462,False,0.013933989246204058
arOrch_146588263_infrastructure_135|pop20-sbx#seed2,pop20-sbx,evolutionary-heuristics,2,search,150,42,1000.0127103708836,False,0.012710370883603071
arOrch_146588263_infrastructure_135|pop20-sbx#seed2,pop20-sbx,evolutionary-heuristics,2,search,151,42,0.28048107732960614,True,0.0
arOrch_146588263_infrastructure_135|pop20-sbx#seed2,pop20-sbx,evolutionary-heuristics,2,search,205,56,0.27737470940410447,True,0.0
arOrch_146588263_infrastructure_135|pop20-sbx#seed2,pop20-sbx,evolutionary-heuristics,2,search,238,65,0.2747694504028987,True,0.0
arOrch_146588263_infrastructure_135|pop20-sbx#seed2,pop20-sbx,evolutionary-heuristics,2,search,301,82,0.27207828304317877,True,0.0
arOrch_146588263_infrastructure_135|pop20-sbx#seed2,pop20-sbx,evolutionary-heuristics,2,search,349,102,0.2675919883968202,True,0.0
arOrch_146588263_infrastructure_135|pop20-sbx#seed2,pop20-sbx,evolutionary-heuristics,2,search,418,119,0.26732407080098436,True,0.0
arOrch_146588263_infrastructure_135|pop20-sbx#seed2,pop20-sbx,evolutionary-heuristics,2,search,472,134,0.2671277686673371,True,0.0
arOrch_146588263_infrastructure_135|pop20-sbx#seed2,pop20-sbx,evolutionary-heuristics,2,search,494,140,0.26668616390180644,True,0.0
arOrch_146588263_infrastructure_135|pop20-sbx#seed2,pop20-sbx,evolutionary-heuristics,2,search,513,145,0.26355765449423385,True,0.0
arOrch_146588263_infrastructure_135|pop20-sbx#seed2,pop20-sbx,evolutionary-heuristics,2,search,592,167,0.26223954241374225,True,0.0
arOrch_146588263_infrastructure_135|pop20-sbx#seed2,pop20-sbx,evolutionary-heuristics,2,search,682,191,0.10435181426411753,True,0.0
arOrch_146588263_infrastructure_135|pop20-sbx#seed2,pop20-sbx,evolutionary-heuristics,2,search,942,264,0.10109018104818153,True,0.0
arOrch_146588263_infrastructure_135|pop20-sbx#seed2,pop20-sbx,evolutionary-heuristics,2,search,3045,837,0.0990672618759715,True,0.0
arOrch_146588263_infrastructure_135|pop20-sbx#seed3,pop20-sbx,evolutionary-heuristics,3,search,1,0,1010.0863597158364,False,10.08635971583637
arOrch_146588263_infrastructure_135|pop20-sbx#seed3,pop20-sbx,evolutionary-heuristics,3,search,2,0,1006.7494892620459,False,6.749489262045919
arOrch_146588263_infrastructure_135|pop20-sbx#seed3,pop20-sbx,evolutionary-heuristics,3,search,3,1,1005.3608440246604,False,5.360844024660397
arOrch_146588263_infrastructure_135|pop20-sbx#seed3,pop20-sbx,evolutionary-heuristics,3,search,7,2,1004.0885364842454,False,4.08853648424544
arOrch_146588263_infrastructure_135|pop20-sbx#seed3,pop20-sbx,evolutionary-heuristics,3,search,8,2,1002.7244462833414,False,2.7244462833414427
arOrch_146588263_infrastructure_135|pop20-sbx#seed3,pop20-sbx,evolutionary-heuristics,3,search,21,6,1001.7585119614046,False,1.7585119614045694
arOrch_146588263_infrastructure_135|pop20-sbx#seed3,pop20-sbx,evolutionary-heuristics,3,search,55,17,1001.2702732119977,False,1.270273211997776
arOrch_146588263_infrastructure_135|pop20-sbx#seed3,pop20-sbx,evolutionary-heuristics,3,search,67,21,1000.6466150256467,False,0.6466150256467449
arOrch_146588263_infrastructure_135|pop20-sbx#seed3,pop20-sbx,evolutionary-heuristics,3,search,100,30,1000.5763370628115,False,0.5763370628114582
arOrch_146588263_infrastructure_135|pop20-sbx#seed3,pop20-sbx,evolutionary-heuristics,3,search,108,33,1000.5750991190084,False,0.575099119008381
arOrch_146588263_infrastructure_135|pop20-sbx#seed3,pop20-sbx,evolutionary-heuristics,3,search,134,41,1000.5654046141758,False,0.5654046141758233
arOrch_146588263_infrastructure_135|pop20-sbx#seed3,pop20-sbx,evolutionary-heuristics,3,search,148,45,1000.5551247336227,False,0.5551247336227128
arOrch_146588263_infrastructure_135|pop20-sbx#seed3,pop20-sbx,evolutionary-heuristics,3,search,172,52,1000.5546331313643,False,0.5546331313642778
arOrch_146588263_infrastructure_135|pop20-sbx#seed3,pop20-sbx,evolutionary-heuristics,3,search,178,54,1000.5492398335515,False,0.5492398335515314
arOrch_146588263_infrastructure_135|pop20-sbx#seed3,pop20-sbx,evolutionary-heuristics,3,search,185,57,1000.5428134319043,False,0.5428134319043231
arOrch_146588263_infrastructure_135|pop20-sbx#seed3,pop20-sbx,evolutionary-heuristics,3,search,228,71,1000.5270709186057,False,0.5270709186057058
arOrch_146588263_infrastructure_135|pop20-sbx#seed3,pop20-sbx,evolutionary-heuristics,3,search,293,90,1000.5192593994684,False,0.5192593994684667
arOrch_146588263_infrastructure_135|pop20-sbx#seed3,pop20-sbx,evolutionary-heuristics,3,search,358,108,1000.5074626865671,False,0.5074626865671642
arOrch_146588263_infrastructure_220|pop20-sbx#seed1,pop20-sbx,evolutionary-heuristics,1,search,1,2,1001.655074331132,False,1.6550743311320026
arOrch_146588263_infrastructure_220|pop20-sbx#seed1,pop20-sbx,evolutionary-heuristics,1,search,24,20,1001.558871161606,False,1.5588711616060562
arOrch_146588263_infrastructure_220|pop20-sbx#seed1,pop20-sbx,evolutionary-heuristics,1,search,43,49,1001.2345578491136,False,1.2345578491135647
arOrch_146588263_infrastructure_220|pop20-sbx#seed1,pop20-sbx,evolutionary-heuristics,1,search,46,51,1001.1441066577975,False,1.1441066577974255
arOrch_146588263_infrastructure_220|pop20-sbx#seed1,pop20-sbx,evolutionary-heuristics,1,search,54,56,1000.6076661466632,False,0.6076661466632008
arOrch_146588263_infrastructure_220|pop20-sbx#seed1,pop20-sbx,evolutionary-heuristics,1,search,101,117,1000.6026616538105,False,0.6026616538104735
arOrch_146588263_infrastructure_220|pop20-sbx#seed1,pop20-sbx,evolutionary-heuristics,1,search,115,126,1000.5702561584455,False,0.5702561584455775
arOrch_146588263_infrastructure_220|pop20-sbx#seed1,pop20-sbx,evolutionary-heuristics,1,search,133,139,1000.5570514753349,False,0.5570514753349374
arOrch_146588263_infrastructure_220|pop20-sbx#seed1,pop20-sbx,evolutionary-heuristics,1,search,143,147,1000.533352645649,False,0.5333526456490121
arOrch_146588263_infrastructure_220|pop20-sbx#seed1,pop20-sbx,evolutionary-heuristics,1,search,146,149,1000.5074626865671,False,0.5074626865671642
arOrch_146588263_infrastructure_220|pop20-sbx#seed2,pop20-sbx,evolutionary-heuristics,2,search,1,0,1000.6369737944794,False,0.6369737944794926
arOrch_146588263_infrastructure_220|pop20-sbx#seed2,pop20-sbx,evolutionary-heuristics,2,search,58,10,1000.1328506597298,False,0.13285065972975046
arOrch_146588263_infrastructure_220|pop20-sbx#seed2,pop20-sbx,evolutionary-heuristics,2,search,114,19,1000.120401754662,False,0.12040175466196042
arOrch_146588263_infrastructure_220|pop20-sbx#seed2,pop20-sbx,evolutionary-heuristics,2,search,153,26,1000.1118570973927,False,0.11185709739267855
arOrch_146588263_infrastructure_220|pop20-sbx#seed2,pop20-sbx,evolutionary-heuristics,2,search,165,29,1000.1075272203842,False,0.10752722038420988
arOrch_146588263_infrastructure_220|pop20-sbx#seed2,pop20-sbx,evolutionary-heuristics,2,search,168,30,1000.0641342221577,False,0.06413422215769465
arOrch_146588263_infrastructure_220|pop20-sbx#seed2,pop20-sbx,evolutionary-heuristics,2,search,194,34,1000.0198325308179,False,0.019832530817868906
arOrch_146588263_infrastructure_220|pop20-sbx#seed2,pop20-sbx,evolutionary-heuristics,2,search,263,46,1000.0142193499091,False,0.014219349909149574
arOrch_146588263_infrastructure_220|pop20-sbx#seed2,pop20-sbx,evolutionary-heuristics,2,search,285,50,1000.0039109521757,False,0.003910952175692514
arOrch_146588263_infrastructure_220|pop20-sbx#seed2,pop20-sbx,evolutionary-heuristics,2,search,298,52,0.29022384730696604,True,0.0
arOrch_146588263_infrastructure_220|pop20-sbx#seed2,pop20-sbx,evolutionary-heuristics,2,search,343,60,0.29009349013746566,True,0.0
arOrch_146588263_infrastructure_220|pop20-sbx#seed2,pop20-sbx,evolutionary-heuristics,2,search,390,67,0.2898950274829144,True,0.0
arOrch_146588263_infrastructure_220|pop20-sbx#seed2,pop20-sbx,evolutionary-heuristics,2,search,416,71,0.2861392161086785,True,0.0
arOrch_146588263_infrastructure_220|pop20-sbx#seed2,pop20-sbx,evolutionary-heuristics,2,search,469,80,0.2832882951613066,True,0.0
arOrch_146588263_infrastructure_220|pop20-sbx#seed2,pop20-sbx,evolutionary-heuristics,2,search,613,103,0.2813117280110407,True,0.0
arOrch_146588263_infrastructure_220|pop20-sbx#seed2,pop20-sbx,evolutionary-heuristics,2,search,1338,216,0.2759389878688242,True,0.0
arOrch_146588263_infrastructure_220|pop20-sbx#seed2,pop20-sbx,evolutionary-heuristics,2,search,1595,257,0.2753833353441543,True,0.0
arOrch_146588263_infrastructure_220|pop20-sbx#seed2,pop20-sbx,evolutionary-heuristics,2,search,1661,267,0.26944991747836194,True,0.0
arOrch_146588263_infrastructure_220|pop20-sbx#seed2,pop20-sbx,evolutionary-heuristics,2,search,3082,513,0.10838563100048404,True,0.0
arOrch_146588263_infrastructure_220|pop20-sbx#seed2,pop20-sbx,evolutionary-heuristics,2,search,3350,555,0.10739162553856549,True,0.0
arOrch_146588263_infrastructure_220|pop20-sbx#seed2,pop20-sbx,evolutionary-heuristics,2,search,47493,7604,0.10721628294616029,True,0.0
arOrch_146588263_infrastructure_220|pop20-sbx#seed2,pop20-sbx,evolutionary-heuristics,2,search,83961,13421,0.10446478796722174,True,0.0
arOrch_146588263_infrastructure_220|pop20-sbx#seed3,pop20-sbx,evolutionary-heuristics,3,search,1,0,1002.6613625114552,False,2.661362511455241
arOrch_146588263_infrastructure_220|pop20-sbx#seed3,pop20-sbx,evolutionary-heuristics,3,search,2,0,1000.6471935088739,False,0.6471935088738939
arOrch_146588263_infrastructure_220|pop20-sbx#seed3,pop20-sbx,evolutionary-heuristics,3,search,43,8,1000.6026901321931,False,0.6026901321930804
arOrch_146588263_infrastructure_220|pop20-sbx#seed3,pop20-sbx,evolutionary-heuristics,3,search,51,10,1000.095484048932,False,0.09548404893200729
arOrch_146588263_infrastructure_220|pop20-sbx#seed3,pop20-sbx,evolutionary-heuristics,3,search,101,20,1000.043635218157,False,0.043635218156977316
arOrch_146588263_infrastructure_220|pop20-sbx#seed3,pop20-sbx,evolutionary-heuristics,3,search,145,29,1000.0279565825198,False,0.02795658251976376
arOrch_146588263_infrastructure_220|pop20-sbx#seed3,pop20-sbx,evolutionary-heuristics,3,search,185,37,1000.0204439204196,False,0.02044392041953183
arOrch_146588263_infrastructure_220|pop20-sbx#seed3,pop20-sbx,evolutionary-heuristics,3,search,207,42,1000.014503672293,False,0.014503672293010403
arOrch_146588263_infrastructure_220|pop20-sbx#seed3,pop20-sbx,evolutionary-heuristics,3,search,250,49,1000.009685040571,False,0.00968504057093978
arOrch_146588263_infrastructure_220|pop20-sbx#seed3,pop20-sbx,evolutionary-heuristics,3,search,277,55,1000.0024221658672,False,0.002422165867200846
arOrch_146588263_infrastructure_220|pop20-sbx#seed3,pop20-sbx,evolutionary-heuristics,3,search,288,57,0.2932485041003656,True,0.0
arOrch_146588263_infrastructure_220|pop20-sbx#seed3,pop20-sbx,evolutionary-heuristics,3,search,297,58,0.2916663354257657,True,0.0
arOrch_146588263_infrastructure_220|pop20-sbx#seed3,pop20-sbx,evolutionary-heuristics,3,search,333,65,0.29086037675647713,True,0.0
arOrch_146588263_infrastructure_220|pop20-sbx#seed3,pop20-sbx,evolutionary-heuristics,3,search,340,66,0.28816403774853727,True,0.0
arOrch_146588263_infrastructure_220|pop20-sbx#seed3,pop20-sbx,evolutionary-heuristics,3,search,369,71,0.28672024934954876,True,0.0
arOrch_146588263_infrastructure_220|pop20-sbx#seed3,pop20-sbx,evolutionary-heuristics,3,search,428,82,0.286571768636482,True,0.0
arOrch_146588263_infrastructure_220|pop20-sbx#seed3,pop20-sbx,evolutionary-heuristics,3,search,434,83,0.2857331366869058,True,0.0
arOrch_146588263_infrastructure_220|pop20-sbx#seed3,pop20-sbx,evolutionary-heuristics,3,search,522,100,0.28315590951034003,True,0.0
arOrch_146588263_infrastructure_220|pop20-sbx#seed3,pop20-sbx,evolutionary-heuristics,3,search,706,133,0.28223292889467677,True,0.0
arOrch_146588263_infrastructure_220|pop20-sbx#seed3,pop20-sbx,evolutionary-heuristics,3,search,819,153,0.281425034797672,True,0.0
arOrch_146588263_infrastructure_220|pop20-sbx#seed3,pop20-sbx,evolutionary-heuristics,3,search,887,166,0.27982270153903,True,0.0
arOrch_146588263_infrastructure_220|pop20-sbx#seed3,pop20-sbx,evolutionary-heuristics,3,search,946,182,0.2782870160084564,True,0.0
arOrch_146588263_infrastructure_220|pop20-sbx#seed3,pop20-sbx,evolutionary-heuristics,3,search,1425,291,0.2782122480419973,True,0.0
arOrch_146588263_infrastructure_220|pop20-sbx#seed3,pop20-sbx,evolutionary-heuristics,3,search,2811,540,0.27776630030477184,True,0.0
arOrch_146588263_infrastructure_220|pop20-sbx#seed3,pop20-sbx,evolutionary-heuristics,3,search,2930,560,0.27588608568846185,True,0.0
arOrch_146588263_infrastructure_220|pop20-sbx#seed3,pop20-sbx,evolutionary-heuristics,3,search,3160,599,0.27391984231264194,True,0.0
arOrch_146588263_infrastructure_220|pop20-sbx#seed3,pop20-sbx,evolutionary-heuristics,3,search,7079,1283,0.27374449972023673,True,0.0
arOrch_146588263_infrastructure_220|pop20-sbx#seed3,pop20-sbx,evolutionary-heuristics,3,search,8301,1488,0.27002265656538343,True,0.0
arOrch_146588263_infrastructure_220|pop20-sbx#seed3,pop20-sbx,evolutionary-heuristics,3,search,9029,1610,0.26987869526639907,True,0.0
arOrch_146588263_infrastructure_220|pop20-sbx#seed3,pop20-sbx,evolutionary-heuristics,3,search,9105,1622,0.2697721027367422,True,0.0
arOrch_146588263_infrastructure_220|pop20-sbx#seed3,pop20-sbx,evolutionary-heuristics,3,search,9492,1689,0.26915849070922837,True,0.0
arOrch_146588263_infrastructure_220|pop20-sbx#seed3,pop20-sbx,evolutionary-heuristics,3,search,21953,3968,0.26859970958757856,True,0.0
arOrch_146588263_infrastructure_220|pop20-sbx#seed3,pop20-sbx,evolutionary-heuristics,3,search,22085,3992,0.26827797057624236,True,0.0
arOrch_146588263_infrastructure_220|pop20-sbx#seed3,pop20-sbx,evolutionary-heuristics,3,search,37085,6637,0.2681026279838372,True,0.0
arOrch_146588263_infrastructure_220|pop20-sbx#seed3,pop20-sbx,evolutionary-heuristics,3,search,83487,14785,0.10810479027676476,True,0.0
arOrch_146588263_infrastructure_220|pop20-sbx#seed3,pop20-sbx,evolutionary-heuristics,3,search,83931,14860,0.1050902974421311,True,0.0
arOrch_146588263_infrastructure_220|pop20-sbx#seed3,pop20-sbx,evolutionary-heuristics,3,search,84263,14927,0.10446478796722174,True,0.0
arOrch_146588263_infrastructure_70|pop50-sbx#seed1,pop50-sbx,evolutionary-heuristics,1,search,1,0,1009.6364243478705,False,9.636424347870543
arOrch_146588263_infrastructure_70|pop50-sbx#seed1,pop50-sbx,evolutionary-heuristics,1,search,9,1,1001.626904276888,False,1.626904276887981
arOrch_146588263_infrastructure_70|pop50-sbx#seed1,pop50-sbx,evolutionary-heuristics,1,search,11,1,1000.2032968898528,False,0.20329688985285158
arOrch_146588263_infrastructure_70|pop50-sbx#seed1,pop50-sbx,evolutionary-heuristics,1,search,109,16,1000.1951607419267,False,0.1951607419266818
arOrch_146588263_infrastructure_70|pop50-sbx#seed1,pop50-sbx,evolutionary-heuristics,1,search,154,22,1000.1553001489061,False,0.15530014890614868
arOrch_146588263_infrastructure_70|pop50-sbx#seed1,pop50-sbx,evolutionary-heuristics,1,search,217,33,1000.1410995601685,False,0.14109956016850086
arOrch_146588263_infrastructure_70|pop50-sbx#seed1,pop50-sbx,evolutionary-heuristics,1,search,277,42,1000.078441473677,False,0.07844147367695492
arOrch_146588263_infrastructure_70|pop50-sbx#seed1,pop50-sbx,evolutionary-heuristics,1,search,289,44,1000.0184025984584,False,0.018402598458357847
arOrch_146588263_infrastructure_70|pop50-sbx#seed1,pop50-sbx,evolutionary-heuristics,1,search,427,66,1000.0040934351177,False,0.004093435117747709
arOrch_146588263_infrastructure_70|pop50-sbx#seed1,pop50-sbx,evolutionary-heuristics,1,search,484,76,0.33792826324359604,True,0.0
arOrch_146588263_infrastructure_70|pop50-sbx#seed1,pop50-sbx,evolutionary-heuristics,1,search,630,111,0.3378131655662686,True,0.0
arOrch_146588263_infrastructure_70|pop50-sbx#seed1,pop50-sbx,evolutionary-heuristics,1,search,707,131,0.3331613005159822,True,0.0
arOrch_146588263_infrastructure_70|pop50-sbx#seed1,pop50-sbx,evolutionary-heuristics,1,search,709,132,0.3316700901303373,True,0.0
arOrch_146588263_infrastructure_70|pop50-sbx#seed1,pop50-sbx,evolutionary-heuristics,1,search,726,143,0.3305715736393938,True,0.0
arOrch_146588263_infrastructure_70|pop50-sbx#seed1,pop50-sbx,evolutionary-heuristics,1,search,928,192,0.3298446305695204,True,0.0
arOrch_146588263_infrastructure_70|pop50-sbx#seed1,pop50-sbx,evolutionary-heuristics,1,search,929,192,0.3222108475798092,True,0.0
arOrch_146588263_infrastructure_70|pop50-sbx#seed1,pop50-sbx,evolutionary-heuristics,1,search,1112,231,0.3189898139070043,True,0.0
arOrch_146588263_infrastructure_70|pop50-sbx#seed1,pop50-sbx,evolutionary-heuristics,1,search,1215,255,0.3174067599983138,True,0.0
arOrch_146588263_infrastructure_70|pop50-sbx#seed1,pop50-sbx,evolutionary-heuristics,1,search,1681,346,0.3162744417482602,True,0.0
arOrch_146588263_infrastructure_70|pop50-sbx#seed1,pop50-sbx,evolutionary-heuristics,1,search,3764,643,0.15656889223388265,True,0.0
arOrch_146588263_infrastructure_70|pop50-sbx#seed1,pop50-sbx,evolutionary-heuristics,1,search,4123,700,0.15516562669727518,True,0.0
arOrch_146588263_infrastructure_70|pop50-sbx#seed1,pop50-sbx,evolutionary-heuristics,1,search,921978,188142,0.15369757814504792,True,0.0
arOrch_146588263_infrastructure_70|pop50-sbx#seed2,pop50-sbx,evolutionary-heuristics,2,search,1,0,1005.1471871451159,False,5.147187145115925
arOrch_146588263_infrastructure_70|pop50-sbx#seed2,pop50-sbx,evolutionary-heuristics,2,search,17,4,1004.0407960199005,False,4.0407960199004975
arOrch_146588263_infrastructure_70|pop50-sbx#seed2,pop50-sbx,evolutionary-heuristics,2,search,23,6,1003.9815331061901,False,3.981533106190101
arOrch_146588263_infrastructure_70|pop50-sbx#seed2,pop50-sbx,evolutionary-heuristics,2,search,28,7,1002.8613170900524,False,2.8613170900523994
arOrch_146588263_infrastructure_70|pop50-sbx#seed2,pop50-sbx,evolutionary-heuristics,2,search,39,10,1002.8357089748729,False,2.8357089748728375
arOrch_146588263_infrastructure_70|pop50-sbx#seed2,pop50-sbx,evolutionary-heuristics,2,search,103,28,1001.109144899349,False,1.10914489934895
arOrch_146588263_infrastructure_70|pop50-sbx#seed2,pop50-sbx,evolutionary-heuristics,2,search,115,32,1001.0557749271198,False,1.0557749271198793
arOrch_146588263_infrastructure_70|pop50-sbx#seed2,pop50-sbx,evolutionary-heuristics,2,search,168,47,1001.019256647319,False,1.0192566473190654
arOrch_146588263_infrastructure_70|pop50-sbx#seed2,pop50-sbx,evolutionary-heuristics,2,search,191,53,1000.5547622898429,False,0.5547622898429259
arOrch_146588263_infrastructure_70|pop50-sbx#seed2,pop50-sbx,evolutionary-heuristics,2,search,304,85,1000.1438310952133,False,0.1438310952132719
arOrch_146588263_infrastructure_70|pop50-sbx#seed2,pop50-sbx,evolutionary-heuristics,2,search,314,87,1000.1057797112911,False,0.10577971129109882
arOrch_146588263_infrastructure_70|pop50-sbx#seed2,pop50-sbx,evolutionary-heuristics,2,search,357,105,1000.0460433369176,False,0.0460433369175578
arOrch_146588263_infrastructure_70|pop50-sbx#seed2,pop50-sbx,evolutionary-heuristics,2,search,437,125,1000.0087046639549,False,0.008704663954903645
arOrch_146588263_infrastructure_70|pop50-sbx#seed2,pop50-sbx,evolutionary-heuristics,2,search,536,150,0.35102311973558276,True,0.0
arOrch_146588263_infrastructure_70|pop50-sbx#seed2,pop50-sbx,evolutionary-heuristics,2,search,637,178,0.339494369360743,True,0.0
arOrch_146588263_infrastructure_70|pop50-sbx#seed2,pop50-sbx,evolutionary-heuristics,2,search,666,186,0.33107241239016494,True,0.0
arOrch_146588263_infrastructure_70|pop50-sbx#seed2,pop50-sbx,evolutionary-heuristics,2,search,811,225,0.3277750948565358,True,0.0
arOrch_146588263_infrastructure_70|pop50-sbx#seed2,pop50-sbx,evolutionary-heuristics,2,search,915,251,0.32647512051035876,True,0.0
arOrch_146588263_infrastructure_70|pop50-sbx#seed2,pop50-sbx,evolutionary-heuristics,2,search,1619,424,0.3165696535867331,True,0.0
arOrch_146588263_infrastructure_70|pop50-sbx#seed2,pop50-sbx,evolutionary-heuristics,2,search,1854,482,0.1600552782115889,True,0.0
arOrch_146588263_infrastructure_70|pop50-sbx#seed2,pop50-sbx,evolutionary-heuristics,2,search,2489,643,0.15516562669727518,True,0.0
arOrch_146588263_infrastructure_70|pop50-sbx#seed2,pop50-sbx,evolutionary-heuristics,2,search,160177,42360,0.15369757814504792,True,0.0
arOrch_146588263_infrastructure_70|pop50-sbx#seed3,pop50-sbx,evolutionary-heuristics,3,search,1,0,1004.2241817578773,False,4.224181757877281
arOrch_146588263_infrastructure_70|pop50-sbx#seed3,pop50-sbx,evolutionary-heuristics,3,search,16,3,1002.0966599034613,False,2.0966599034613034
arOrch_146588263_infrastructure_70|pop50-sbx#seed3,pop50-sbx,evolutionary-heuristics,3,search,104,19,1001.590106022911,False,1.5901060229109811
arOrch_146588263_infrastructure_70|pop50-sbx#seed3,pop50-sbx,evolutionary-heuristics,3,search,109,20,1000.5476002535506,False,0.547600253550602
arOrch_146588263_infrastructure_70|pop50-sbx#seed3,pop50-sbx,evolutionary-heuristics,3,search,271,49,1000.0968525284649,False,0.09685252846488786
arOrch_146588263_infrastructure_70|pop50-sbx#seed3,pop50-sbx,evolutionary-heuristics,3,search,356,65,1000.0733975232889,False,0.07339752328896207
arOrch_146588263_infrastructure_70|pop50-sbx#seed3,pop50-sbx,evolutionary-heuristics,3,search,362,66,1000.0432668889383,False,0.0432668889382914
arOrch_146588263_infrastructure_70|pop50-sbx#seed3,pop50-sbx,evolutionary-heuristics,3,search,421,76,1000.0300818279234,False,0.030081827923409556
arOrch_146588263_infrastructure_70|pop50-sbx#seed3,pop50-sbx,evolutionary-heuristics,3,search,578,102,1000.0174828183426,False,0.0174828183426671
arOrch_146588263_infrastructure_70|pop50-sbx#seed3,pop50-sbx,evolutionary-heuristics,3,search,625,110,1000.0083564971325,False,0.008356497132446216
arOrch_146588263_infrastructure_70|pop50-sbx#seed3,pop50-sbx,evolutionary-heuristics,3,search,714,125,0.3444079037886781,True,0.0
arOrch_146588263_infrastructure_70|pop50-sbx#seed3,pop50-sbx,evolutionary-heuristics,3,search,793,138,0.33946801867649534,True,0.0
arOrch_146588263_infrastructure_70|pop50-sbx#seed3,pop50-sbx,evolutionary-heuristics,3,search,885,154,0.33213017672018924,True,0.0
arOrch_146588263_infrastructure_70|pop50-sbx#seed3,pop50-sbx,evolutionary-heuristics,3,search,1081,187,0.3253456324180183,True,0.0
arOrch_146588263_infrastructure_70|pop50-sbx#seed3,pop50-sbx,evolutionary-heuristics,3,search,1159,200,0.32321191491438345,True,0.0
arOrch_146588263_infrastructure_70|pop50-sbx#seed3,pop50-sbx,evolutionary-heuristics,3,search,1201,207,0.17539252050149462,True,0.0
arOrch_146588263_infrastructure_70|pop50-sbx#seed3,pop50-sbx,evolutionary-heuristics,3,search,1410,242,0.1728493750980171,True,0.0
arOrch_146588263_infrastructure_70|pop50-sbx#seed3,pop50-sbx,evolutionary-heuristics,3,search,1466,252,0.17268220341475488,True,0.0
arOrch_146588263_infrastructure_70|pop50-sbx#seed3,pop50-sbx,evolutionary-heuristics,3,search,1611,281,0.17105743922577288,True,0.0
arOrch_146588263_infrastructure_70|pop50-sbx#seed3,pop50-sbx,evolutionary-heuristics,3,search,1653,288,0.16611957435838698,True,0.0
arOrch_146588263_infrastructure_70|pop50-sbx#seed3,pop50-sbx,evolutionary-heuristics,3,search,1666,290,0.16122686830365016,True,0.0
arOrch_146588263_infrastructure_70|pop50-sbx#seed3,pop50-sbx,evolutionary-heuristics,3,search,1731,301,0.160698451384051,True,0.0
arOrch_146588263_infrastructure_70|pop50-sbx#seed3,pop50-sbx,evolutionary-heuristics,3,search,1857,322,0.15369757814504792,True,0.0
arOrch_146588263_infrastructure_135|pop50-sbx#seed1,pop50-sbx,evolutionary-heuristics,1,search,1,0,1028.6353555555556,False,28.635355555555552
arOrch_146588263_infrastructure_135|pop50-sbx#seed1,pop50-sbx,evolutionary-heuristics,1,search,2,0,1020.1086015754561,False,20.108601575456053
arOrch_146588263_infrastructure_135|pop50-sbx#seed1,pop50-sbx,evolutionary-heuristics,1,search,3,1,1003.5057551923386,False,3.505755192338577
arOrch_146588263_infrastructure_135|pop50-sbx#seed1,pop50-sbx,evolutionary-heuristics,1,search,8,2,1001.6830650097911,False,1.6830650097911213
arOrch_146588263_infrastructure_135|pop50-sbx#seed1,pop50-sbx,evolutionary-heuristics,1,search,81,18,1001.6659830865128,False,1.66598308651282
arOrch_146588263_infrastructure_135|pop50-sbx#seed1,pop50-sbx,evolutionary-heuristics,1,search,111,26,1001.1704700732631,False,1.170470073263147
arOrch_146588263_infrastructure_135|pop50-sbx#seed1,pop50-sbx,evolutionary-heuristics,1,search,133,30,1001.1664257686341,False,1.166425768634088
arOrch_146588263_infrastructure_135|pop50-sbx#seed1,pop50-sbx,evolutionary-heuristics,1,search,154,35,1001.1451100332023,False,1.1451100332022581
arOrch_146588263_infrastructure_135|pop50-sbx#seed1,pop50-sbx,evolutionary-heuristics,1,search,163,37,1000.6288567999329,False,0.628856799932912
arOrch_146588263_infrastructure_135|pop50-sbx#seed1,pop50-sbx,evolutionary-heuristics,1,search,207,48,1000.5161506937685,False,0.5161506937685029
arOrch_146588263_infrastructure_135|pop50-sbx#seed1,pop50-sbx,evolutionary-heuristics,1,search,229,52,1000.4925373134329,False,0.4925373134328359
arOrch_146588263_infrastructure_135|pop50-sbx#seed1,pop50-sbx,evolutionary-heuristics,1,search,275,63,1000.0719852232454,False,0.07198522324539591
arOrch_146588263_infrastructure_135|pop50-sbx#seed1,pop50-sbx,evolutionary-heuristics,1,search,382,87,1000.01434288172,False,0.014342881719988723
arOrch_146588263_infrastructure_135|pop50-sbx#seed1,pop50-sbx,evolutionary-heuristics,1,search,454,103,0.29090924854692024,True,0.0
arOrch_146588263_infrastructure_135|pop50-sbx#seed1,pop50-sbx,evolutionary-heuristics,1,search,529,120,0.2877583290842223,True,0.0
arOrch_146588263_infrastructure_135|pop50-sbx#seed1,pop50-sbx,evolutionary-heuristics,1,search,548,124,0.284287248725808,True,0.0
arOrch_146588263_infrastructure_135|pop50-sbx#seed1,pop50-sbx,evolutionary-heuristics,1,search,564,128,0.2768439745673259,True,0.0
arOrch_146588263_infrastructure_135|pop50-sbx#seed1,pop50-sbx,evolutionary-heuristics,1,search,609,139,0.27400352726243293,True,0.0
arOrch_146588263_infrastructure_135|pop50-sbx#seed1,pop50-sbx,evolutionary-heuristics,1,search,758,173,0.2708245330231524,True,0.0
arOrch_146588263_infrastructure_135|pop50-sbx#seed1,pop50-sbx,evolutionary-heuristics,1,search,903,205,0.1122165955168836,True,0.0
arOrch_146588263_infrastructure_135|pop50-sbx#seed1,pop50-sbx,evolutionary-heuristics,1,search,1071,242,0.10675912372197278,True,0.0
arOrch_146588263_infrastructure_135|pop50-sbx#seed1,pop50-sbx,evolutionary-heuristics,1,search,1452,339,0.10169896510010928,True,0.0
arOrch_146588263_infrastructure_135|pop50-sbx#seed1,pop50-sbx,evolutionary-heuristics,1,search,1700,392,0.10064929121093327,True,0.0
arOrch_146588263_infrastructure_135|pop50-sbx#seed2,pop50-sbx,evolutionary-heuristics,2,search,1,0,1007.1425849087893,False,7.142584908789387
arOrch_146588263_infrastructure_135|pop50-sbx#seed2,pop50-sbx,evolutionary-heuristics,2,search,3,0,1006.5752750785451,False,6.575275078545171
arOrch_146588263_infrastructure_135|pop50-sbx#seed2,pop50-sbx,evolutionary-heuristics,2,search,8,1,1005.587010959004,False,5.587010959004038
arOrch_146588263_infrastructure_135|pop50-sbx#seed2,pop50-sbx,evolutionary-heuristics,2,search,9,2,1003.8152325108045,False,3.8152325108045813
arOrch_146588263_infrastructure_135|pop50-sbx#seed2,pop50-sbx,evolutionary-heuristics,2,search,14,3,1002.8610284257501,False,2.8610284257500425
arOrch_146588263_infrastructure_135|pop50-sbx#seed2,pop50-sbx,evolutionary-heuristics,2,search,44,9,1002.1727534892688,False,2.1727534892687643
arOrch_146588263_infrastructure_135|pop50-sbx#seed2,pop50-sbx,evolutionary-heuristics,2,search,49,10,1001.2796386189035,False,1.2796386189034923
arOrch_146588263_infrastructure_135|pop50-sbx#seed2,pop50-sbx,evolutionary-heuristics,2,search,83,17,1001.1840047067924,False,1.1840047067923432
arOrch_146588263_infrastructure_135|pop50-sbx#seed2,pop50-sbx,evolutionary-heuristics,2,search,103,22,1001.1318002021519,False,1.1318002021519489
arOrch_146588263_infrastructure_135|pop50-sbx#seed2,pop50-sbx,evolutionary-heuristics,2,search,118,25,1000.59159074327,False,0.591590743270045
arOrch_146588263_infrastructure_135|pop50-sbx#seed2,pop50-sbx,evolutionary-heuristics,2,search,165,35,1000.2334716582058,False,0.2334716582057278
arOrch_146588263_infrastructure_135|pop50-sbx#seed2,pop50-sbx,evolutionary-heuristics,2,search,246,54,1000.1273061174032,False,0.1273061174032864
arOrch_146588263_infrastructure_135|pop50-sbx#seed2,pop50-sbx,evolutionary-heuristics,2,search,278,62,1000.1042303581014,False,0.10423035810139986
arOrch_146588263_infrastructure_135|pop50-sbx#seed2,pop50-sbx,evolutionary-heuristics,2,search,333,74,1000.0888752613525,False,0.08887526135248755
arOrch_146588263_infrastructure_135|pop50-sbx#seed2,pop50-sbx,evolutionary-heuristics,2,search,347,77,1000.0774232520071,False,0.07742325200704542
arOrch_146588263_infrastructure_135|pop50-sbx#seed2,pop50-sbx,evolutionary-heuristics,2,search,379,85,1000.0514465565482,False,0.05144655654817183
arOrch_146588263_infrastructure_135|pop50-sbx#seed2,pop50-sbx,evolutionary-heuristics,2,search,390,87,1000.0440346205148,False,0.04403462051481196
arOrch_146588263_infrastructure_135|pop50-sbx#seed2,pop50-sbx,evolutionary-heuristics,2,search,408,91,1000.0183853542522,False,0.01838535425228075
arOrch_146588263_infrastructure_135|pop50-sbx#seed2,pop50-sbx,evolutionary-heuristics,2,search,455,101,1000.0145774395461,False,0.014577439546136162
arOrch_146588263_infrastructure_135|pop50-sbx#seed2,pop50-sbx,evolutionary-heuristics,2,search,519,115,1000.0074761739178,False,0.00747617391781836
arOrch_146588263_infrastructure_135|pop50-sbx#seed2,pop50-sbx,evolutionary-heuristics,2,search,563,125,1000.0049179955417,False,0.004917995541783415
arOrch_146588263_infrastructure_135|pop50-sbx#seed2,pop50-sbx,evolutionary-heuristics,2,search,605,134,1000.0048601954769,False,0.00486019547691226
arOrch_146588263_infrastructure_135|pop50-sbx#seed2,pop50-sbx,evolutionary-heuristics,2,search,641,141,0.29051306548230144,True,0.0
arOrch_146588263_infrastructure_135|pop50-sbx#seed2,pop50-sbx,evolutionary-heuristics,2,search,645,142,0.27914055457935727,True,0.0
arOrch_146588263_infrastructure_135|pop50-sbx#seed2,pop50-sbx,evolutionary-heuristics,2,search,723,159,0.1186346653841928,True,0.0
arOrch_146588263_infrastructure_135|pop50-sbx#seed2,pop50-sbx,evolutionary-heuristics,2,search,886,202,0.11665406572506776,True,0.0
arOrch_146588263_infrastructure_135|pop50-sbx#seed2,pop50-sbx,evolutionary-heuristics,2,search,893,204,0.11315298718387774,True,0.0
arOrch_146588263_infrastructure_135|pop50-sbx#seed2,pop50-sbx,evolutionary-heuristics,2,search,1060,241,0.1094133191668403,True,0.0
arOrch_146588263_infrastructure_135|pop50-sbx#seed2,pop50-sbx,evolutionary-heuristics,2,search,1092,247,0.10779742931042013,True,0.0
arOrch_146588263_infrastructure_135|pop50-sbx#seed2,pop50-sbx,evolutionary-heuristics,2,search,1106,250,0.10751301315853025,True,0.0
arOrch_146588263_infrastructure_135|pop50-sbx#seed2,pop50-sbx,evolutionary-heuristics,2,search,1139,256,0.10671078108285817,True,0.0
arOrch_146588263_infrastructure_135|pop50-sbx#seed2,pop50-sbx,evolutionary-heuristics,2,search,1270,283,0.10188446483825875,True,0.0
arOrch_146588263_infrastructure_135|pop50-sbx#seed2,pop50-sbx,evolutionary-heuristics,2,search,2733,631,0.10029114757181073,True,0.0
arOrch_146588263_infrastructure_135|pop50-sbx#seed2,pop50-sbx,evolutionary-heuristics,2,search,5841,1262,0.09962025170766149,True,0.0
arOrch_146588263_infrastructure_135|pop50-sbx#seed3,pop50-sbx,evolutionary-heuristics,3,search,1,0,1010.0863597158364,False,10.08635971583637
arOrch_146588263_infrastructure_135|pop50-sbx#seed3,pop50-sbx,evolutionary-heuristics,3,search,2,0,1006.7494892620459,False,6.749489262045919
arOrch_146588263_infrastructure_135|pop50-sbx#seed3,pop50-sbx,evolutionary-heuristics,3,search,3,0,1005.3608440246604,False,5.360844024660397
arOrch_146588263_infrastructure_135|pop50-sbx#seed3,pop50-sbx,evolutionary-heuristics,3,search,7,1,1004.0885364842454,False,4.08853648424544
arOrch_146588263_infrastructure_135|pop50-sbx#seed3,pop50-sbx,evolutionary-heuristics,3,search,8,2,1002.7244462833414,False,2.7244462833414427
arOrch_146588263_infrastructure_135|pop50-sbx#seed3,pop50-sbx,evolutionary-heuristics,3,search,24,6,1001.6739906936455,False,1.673990693645484
arOrch_146588263_infrastructure_135|pop50-sbx#seed3,pop50-sbx,evolutionary-heuristics,3,search,48,12,1001.0850916448843,False,1.085091644884281
arOrch_146588263_infrastructure_135|pop50-sbx#seed3,pop50-sbx,evolutionary-heuristics,3,search,127,33,1001.0340460400342,False,1.0340460400342193
arOrch_146588263_infrastructure_135|pop50-sbx#seed3,pop50-sbx,evolutionary-heuristics,3,search,156,41,1001.0228619251073,False,1.0228619251072977
arOrch_146588263_infrastructure_135|pop50-sbx#seed3,pop50-sbx,evolutionary-heuristics,3,search,192,50,1000.7214768790933,False,0.7214768790933122
arOrch_146588263_infrastructure_135|pop50-sbx#seed3,pop50-sbx,evolutionary-heuristics,3,search,222,58,1000.5982376730616,False,0.5982376730615903
arOrch_146588263_infrastructure_135|pop50-sbx#seed3,pop50-sbx,evolutionary-heuristics,3,search,298,77,1000.5600649917423,False,0.5600649917422447
arOrch_146588263_infrastructure_135|pop50-sbx#seed3,pop50-sbx,evolutionary-heuristics,3,search,319,83,1000.0785768204336,False,0.0785768204335133
arOrch_146588263_infrastructure_135|pop50-sbx#seed3,pop50-sbx,evolutionary-heuristics,3,search,383,99,1000.0417074222188,False,0.041707422218811546
arOrch_146588263_infrastructure_135|pop50-sbx#seed3,pop50-sbx,evolutionary-heuristics,3,search,401,105,0.2822350999269674,True,0.0
arOrch_146588263_infrastructure_135|pop50-sbx#seed3,pop50-sbx,evolutionary-heuristics,3,search,726,190,0.2805197816578625,True,0.0
arOrch_146588263_infrastructure_135|pop50-sbx#seed3,pop50-sbx,evolutionary-heuristics,3,search,760,198,0.2800847057474396,True,0.0
arOrch_146588263_infrastructure_135|pop50-sbx#seed3,pop50-sbx,evolutionary-heuristics,3,search,796,206,0.2799919670349863,True,0.0
arOrch_146588263_infrastructure_135|pop50-sbx#seed3,pop50-sbx,evolutionary-heuristics,3,search,832,216,0.27906626674725366,True,0.0
arOrch_146588263_infrastructure_135|pop50-sbx#seed3,pop50-sbx,evolutionary-heuristics,3,search,890,237,0.2790615402180696,True,0.0
arOrch_146588263_infrastructure_135|pop50-sbx#seed3,pop50-sbx,evolutionary-heuristics,3,search,904,241,0.27734622194896474,True,0.0
arOrch_146588263_infrastructure_135|pop50-sbx#seed3,pop50-sbx,evolutionary-heuristics,3,search,967,256,0.2769588199355732,True,0.0
arOrch_146588263_infrastructure_135|pop50-sbx#seed3,pop50-sbx,evolutionary-heuristics,3,search,969,256,0.2745188967976762,True,0.0
arOrch_146588263_infrastructure_135|pop50-sbx#seed3,pop50-sbx,evolutionary-heuristics,3,search,1084,283,0.27413149478428467,True,0.0
arOrch_146588263_infrastructure_135|pop50-sbx#seed3,pop50-sbx,evolutionary-heuristics,3,search,1101,288,0.2730653818870674,True,0.0
arOrch_146588263_infrastructure_135|pop50-sbx#seed3,pop50-sbx,evolutionary-heuristics,3,search,1182,306,0.2635604093467996,True,0.0
arOrch_146588263_infrastructure_135|pop50-sbx#seed3,pop50-sbx,evolutionary-heuristics,3,search,1265,326,0.26155390460450073,True,0.0
arOrch_146588263_infrastructure_135|pop50-sbx#seed3,pop50-sbx,evolutionary-heuristics,3,search,133913,33025,0.2612311382330726,True,0.0
arOrch_146588263_infrastructure_135|pop50-sbx#seed3,pop50-sbx,evolutionary-heuristics,3,search,188127,46288,0.12199600350688805,True,0.0
arOrch_146588263_infrastructure_135|pop50-sbx#seed3,pop50-sbx,evolutionary-heuristics,3,search,188179,46300,0.11690037025480463,True,0.0
arOrch_146588263_infrastructure_135|pop50-sbx#seed3,pop50-sbx,evolutionary-heuristics,3,search,188237,46313,0.10756828887948994,True,0.0
arOrch_146588263_infrastructure_135|pop50-sbx#seed3,pop50-sbx,evolutionary-heuristics,3,search,188242,46315,0.10109018104818153,True,0.0
arOrch_146588263_infrastructure_135|pop50-sbx#seed3,pop50-sbx,evolutionary-heuristics,3,search,188361,46344,0.0990672618759715,True,0.0
arOrch_146588263_infrastructure_220|pop50-sbx#seed1,pop50-sbx,evolutionary-heuristics,1,search,1,0,1001.655074331132,False,1.6550743311320026
arOrch_146588263_infrastructure_220|pop50-sbx#seed1,pop50-sbx,evolutionary-heuristics,1,search,51,18,1001.0149253731344,False,1.0149253731343284
arOrch_146588263_infrastructure_220|pop50-sbx#seed1,pop50-sbx,evolutionary-heuristics,1,search,199,76,1000.5938142129099,False,0.593814212909947
arOrch_146588263_infrastructure_220|pop50-sbx#seed1,pop50-sbx,evolutionary-heuristics,1,search,232,87,1000.5626196153897,False,0.5626196153897332
arOrch_146588263_infrastructure_220|pop50-sbx#seed1,pop50-sbx,evolutionary-heuristics,1,search,307,113,1000.560694149386,False,0.5606941493859655
arOrch_146588263_infrastructure_220|pop50-sbx#seed1,pop50-sbx,evolutionary-heuristics,1,search,371,138,1000.5546302342626,False,0.5546302342625868
arOrch_146588263_infrastructure_220|pop50-sbx#seed1,pop50-sbx,evolutionary-heuristics,1,search,386,143,1000.5306855246355,False,0.5306855246355155
arOrch_146588263_infrastructure_220|pop50-sbx#seed1,pop50-sbx,evolutionary-heuristics,1,search,421,154,1000.5091374731381,False,0.5091374731381743
arOrch_146588263_infrastructure_220|pop50-sbx#seed1,pop50-sbx,evolutionary-heuristics,1,search,598,210,1000.5074626865671,False,0.5074626865671642
arOrch_146588263_infrastructure_220|pop50-sbx#seed2,pop50-sbx,evolutionary-heuristics,2,search,1,0,1000.6369737944794,False,0.6369737944794926
arOrch_146588263_infrastructure_220|pop50-sbx#seed2,pop50-sbx,evolutionary-heuristics,2,search,81,21,1000.5818533382594,False,0.5818533382593568
arOrch_146588263_infrastructure_220|pop50-sbx#seed2,pop50-sbx,evolutionary-heuristics,2,search,104,28,1000.5627336558524,False,0.5627336558524073
arOrch_146588263_infrastructure_220|pop50-sbx#seed2,pop50-sbx,evolutionary-heuristics,2,search,119,32,1000.1324612913745,False,0.13246129137452697
arOrch_146588263_infrastructure_220|pop50-sbx#seed2,pop50-sbx,evolutionary-heuristics,2,search,232,63,1000.1203086143612,False,0.12030861436119347
arOrch_146588263_infrastructure_220|pop50-sbx#seed2,pop50-sbx,evolutionary-heuristics,2,search,252,69,1000.0543076413678,False,0.05430764136785439
arOrch_146588263_infrastructure_220|pop50-sbx#seed2,pop50-sbx,evolutionary-heuristics,2,search,412,110,1000.0303584602229,False,0.03035846022293314
arOrch_146588263_infrastructure_220|pop50-sbx#seed2,pop50-sbx,evolutionary-heuristics,2,search,444,118,1000.027452210291,False,0.027452210291063203
arOrch_146588263_infrastructure_220|pop50-sbx#seed2,pop50-sbx,evolutionary-heuristics,2,search,454,121,1000.0176201980249,False,0.017620198024925315
arOrch_146588263_infrastructure_220|pop50-sbx#seed2,pop50-sbx,evolutionary-heuristics,2,search,462,123,1000.0042317933809,False,0.004231793380879187
arOrch_146588263_infrastructure_220|pop50-sbx#seed2,pop50-sbx,evolutionary-heuristics,2,search,481,127,1000.0039082473037,False,0.003908247303735367
arOrch_146588263_infrastructure_220|pop50-sbx#seed2,pop50-sbx,evolutionary-heuristics,2,search,521,138,0.29428401065937326,True,0.0
arOrch_146588263_infrastructure_220|pop50-sbx#seed2,pop50-sbx,evolutionary-heuristics,2,search,617,163,0.29299066847610833,True,0.0
arOrch_146588263_infrastructure_220|pop50-sbx#seed2,pop50-sbx,evolutionary-heuristics,2,search,625,165,0.28749536825181593,True,0.0
arOrch_146588263_infrastructure_220|pop50-sbx#seed2,pop50-sbx,evolutionary-heuristics,2,search,873,230,0.28551880110155003,True,0.0
arOrch_146588263_infrastructure_220|pop50-sbx#seed2,pop50-sbx,evolutionary-heuristics,2,search,876,231,0.2845739202496363,True,0.0
arOrch_146588263_infrastructure_220|pop50-sbx#seed2,pop50-sbx,evolutionary-heuristics,2,search,893,235,0.2805210173627161,True,0.0
arOrch_146588263_infrastructure_220|pop50-sbx#seed2,pop50-sbx,evolutionary-heuristics,2,search,917,241,0.2798018311494879,True,0.0
arOrch_146588263_infrastructure_220|pop50-sbx#seed2,pop50-sbx,evolutionary-heuristics,2,search,919,242,0.27768770868344306,True,0.0
arOrch_146588263_infrastructure_220|pop50-sbx#seed2,pop50-sbx,evolutionary-heuristics,2,search,1225,335,0.2755747824944781,True,0.0
arOrch_146588263_infrastructure_220|pop50-sbx#seed2,pop50-sbx,evolutionary-heuristics,2,search,1545,418,0.27544239725370206,True,0.0
arOrch_146588263_infrastructure_220|pop50-sbx#seed2,pop50-sbx,evolutionary-heuristics,2,search,2663,709,0.27515716131066215,True,0.0
arOrch_146588263_infrastructure_220|pop50-sbx#seed2,pop50-sbx,evolutionary-heuristics,2,search,2971,792,0.2748275505327901,True,0.0
arOrch_146588263_infrastructure_220|pop50-sbx#seed2,pop50-sbx,evolutionary-heuristics,2,search,3057,814,0.27067103587380004,True,0.0
arOrch_146588263_infrastructure_220|pop50-sbx#seed2,pop50-sbx,evolutionary-heuristics,2,search,16753,4452,0.27046090879697726,True,0.0
arOrch_146588263_infrastructure_220|pop50-sbx#seed2,pop50-sbx,evolutionary-heuristics,2,search,17367,4619,0.2681026279838372,True,0.0
arOrch_146588263_infrastructure_220|pop50-sbx#seed2,pop50-sbx,evolutionary-heuristics,2,search,32087,8583,0.11219265544409648,True,0.0
arOrch_146588263_infrastructure_220|pop50-sbx#seed2,pop50-sbx,evolutionary-heuristics,2,search,32355,8653,0.10821882694578423,True,0.0
arOrch_146588263_infrastructure_220|pop50-sbx#seed2,pop50-sbx,evolutionary-heuristics,2,search,32515,8694,0.10446478796722174,True,0.0
arOrch_146588263_infrastructure_220|pop50-sbx#seed3,pop50-sbx,evolutionary-heuristics,3,search,1,0,1002.6613625114552,False,2.661362511455241
arOrch_146588263_infrastructure_220|pop50-sbx#seed3,pop50-sbx,evolutionary-heuristics,3,search,2,0,1000.6471935088739,False,0.6471935088738939
arOrch_146588263_infrastructure_220|pop50-sbx#seed3,pop50-sbx,evolutionary-heuristics,3,search,97,29,1000.5630266579523,False,0.5630266579522887
arOrch_146588263_infrastructure_220|pop50-sbx#seed3,pop50-sbx,evolutionary-heuristics,3,search,101,31,1000.249860756572,False,0.24986075657204307
arOrch_146588263_infrastructure_220|pop50-sbx#seed3,pop50-sbx,evolutionary-heuristics,3,search,150,45,1000.1063331676967,False,0.10633316769668569
arOrch_146588263_infrastructure_220|pop50-sbx#seed3,pop50-sbx,evolutionary-heuristics,3,search,208,63,1000.1042902122206,False,0.10429021222053882
arOrch_146588263_infrastructure_220|pop50-sbx#seed3,pop50-sbx,evolutionary-heuristics,3,search,216,65,1000.0844443737751,False,0.08444437377516074
arOrch_146588263_infrastructure_220|pop50-sbx#seed3,pop50-sbx,evolutionary-heuristics,3,search,251,75,1000.0095808498139,False,0.009580849813950158
arOrch_146588263_infrastructure_220|pop50-sbx#seed3,pop50-sbx,evolutionary-heuristics,3,search,395,121,0.1311590053358164,True,0.0
arOrch_146588263_infrastructure_220|pop50-sbx#seed3,pop50-sbx,evolutionary-heuristics,3,search,782,255,0.1270486488270161,True,0.0
arOrch_146588263_infrastructure_220|pop50-sbx#seed3,pop50-sbx,evolutionary-heuristics,3,search,843,271,0.1250772468217306,True,0.0
arOrch_146588263_infrastructure_220|pop50-sbx#seed3,pop50-sbx,evolutionary-heuristics,3,search,968,306,0.12112494299883514,True,0.0
arOrch_146588263_infrastructure_220|pop50-sbx#seed3,pop50-sbx,evolutionary-heuristics,3,search,1155,357,0.11996717770457524,True,0.0
arOrch_146588263_infrastructure_220|pop50-sbx#seed3,pop50-sbx,evolutionary-heuristics,3,search,1261,386,0.11807089487449189,True,0.0
arOrch_146588263_infrastructure_220|pop50-sbx#seed3,pop50-sbx,evolutionary-heuristics,3,search,1341,407,0.11642548355345073,True,0.0
arOrch_146588263_infrastructure_220|pop50-sbx#seed3,pop50-sbx,evolutionary-heuristics,3,search,1689,503,0.11457676539832641,True,0.0
arOrch_146588263_infrastructure_220|pop50-sbx#seed3,pop50-sbx,evolutionary-heuristics,3,search,2074,607,0.11406921484667462,True,0.0
arOrch_146588263_infrastructure_220|pop50-sbx#seed3,pop50-sbx,evolutionary-heuristics,3,search,2316,686,0.11304633079029591,True,0.0
arOrch_146588263_infrastructure_220|pop50-sbx#seed3,pop50-sbx,evolutionary-heuristics,3,search,2519,745,0.11217965381682557,True,0.0
arOrch_146588263_infrastructure_220|pop50-sbx#seed3,pop50-sbx,evolutionary-heuristics,3,search,2764,810,0.11175689339665601,True,0.0
arOrch_146588263_infrastructure_220|pop50-sbx#seed3,pop50-sbx,evolutionary-heuristics,3,search,3098,899,0.11101599698832726,True,0.0
arOrch_146588263_infrastructure_220|pop50-sbx#seed3,pop50-sbx,evolutionary-heuristics,3,search,3197,925,0.11086838606605155,True,0.0
arOrch_146588263_infrastructure_220|pop50-sbx#seed3,pop50-sbx,evolutionary-heuristics,3,search,4279,1233,0.11082266119076792,True,0.0
arOrch_146588263_infrastructure_220|pop50-sbx#seed3,pop50-sbx,evolutionary-heuristics,3,search,4871,1435,0.110779912746632,True,0.0
arOrch_146588263_infrastructure_220|pop50-sbx#seed3,pop50-sbx,evolutionary-heuristics,3,search,8088,2341,0.10982865572884934,True,0.0
arOrch_146588263_infrastructure_220|pop50-sbx#seed3,pop50-sbx,evolutionary-heuristics,3,search,11937,3386,0.10906026569652054,True,0.0
arOrch_146588263_infrastructure_220|pop50-sbx#seed3,pop50-sbx,evolutionary-heuristics,3,search,216913,63930,0.10745211715329331,True,0.0
arOrch_146588263_infrastructure_220|pop50-sbx#seed3,pop50-sbx,evolutionary-heuristics,3,search,316435,91488,0.10555985797407642,True,0.0
arOrch_146588263_infrastructure_70|pop20-uniform#seed1,pop20-uniform,evolutionary-heuristics,1,search,1,0,1009.6364243478705,False,9.636424347870543
arOrch_146588263_infrastructure_70|pop20-uniform#seed1,pop20-uniform,evolutionary-heuristics,1,search,9,2,1001.626904276888,False,1.626904276887981
arOrch_146588263_infrastructure_70|pop20-uniform#seed1,pop20-uniform,evolutionary-heuristics,1,search,11,2,1000.2032968898528,False,0.20329688985285158
arOrch_146588263_infrastructure_70|pop20-uniform#seed1,pop20-uniform,evolutionary-heuristics,1,search,87,22,1000.2000328724756,False,0.2000328724755803
arOrch_146588263_infrastructure_70|pop20-uniform#seed1,pop20-uniform,evolutionary-heuristics,1,search,104,26,1000.1391504321144,False,0.13915043211443204
arOrch_146588263_infrastructure_70|pop20-uniform#seed1,pop20-uniform,evolutionary-heuristics,1,search,156,37,1000.0794185438199,False,0.07941854381986074
arOrch_146588263_infrastructure_70|pop20-uniform#seed1,pop20-uniform,evolutionary-heuristics,1,search,178,42,1000.035983101331,False,0.035983101331047894
arOrch_146588263_infrastructure_70|pop20-uniform#seed1,pop20-uniform,evolutionary-heuristics,1,search,179,42,1000.0335601823758,False,0.03356018237584385
arOrch_146588263_infrastructure_70|pop20-uniform#seed1,pop20-uniform,evolutionary-heuristics,1,search,210,54,1000.0185361034587,False,0.01853610345871256
arOrch_146588263_infrastructure_70|pop20-uniform#seed1,pop20-uniform,evolutionary-heuristics,1,search,230,58,0.17846284926004388,True,0.0
arOrch_146588263_infrastructure_70|pop20-uniform#seed1,pop20-uniform,evolutionary-heuristics,1,search,479,108,0.17202355852175966,True,0.0
arOrch_146588263_infrastructure_70|pop20-uniform#seed1,pop20-uniform,evolutionary-heuristics,1,search,647,143,0.17193361995777515,True,0.0
arOrch_146588263_infrastructure_70|pop20-uniform#seed1,pop20-uniform,evolutionary-heuristics,1,search,924,198,0.17096495345780444,True,0.0
arOrch_146588263_infrastructure_70|pop20-uniform#seed1,pop20-uniform,evolutionary-heuristics,1,search,977,208,0.16502268528275657,True,0.0
arOrch_146588263_infrastructure_70|pop20-uniform#seed1,pop20-uniform,evolutionary-heuristics,1,search,1057,224,0.16462017790781266,True,0.0
arOrch_146588263_infrastructure_70|pop20-uniform#seed1,pop20-uniform,evolutionary-heuristics,1,search,1557,325,0.15736548018176263,True,0.0
arOrch_146588263_infrastructure_70|pop20-uniform#seed1,pop20-uniform,evolutionary-heuristics,1,search,1644,342,0.15656889223388265,True,0.0
arOrch_146588263_infrastructure_70|pop20-uniform#seed1,pop20-uniform,evolutionary-heuristics,1,search,3992,815,0.15516562669727518,True,0.0
arOrch_146588263_infrastructure_70|pop20-uniform#seed2,pop20-uniform,evolutionary-heuristics,2,search,1,0,1005.1471871451159,False,5.147187145115925
arOrch_146588263_infrastructure_70|pop20-uniform#seed2,pop20-uniform,evolutionary-heuristics,2,search,17,5,1004.0407960199005,False,4.0407960199004975
arOrch_146588263_infrastructure_70|pop20-uniform#seed2,pop20-uniform,evolutionary-heuristics,2,search,63,19,1003.5487987237793,False,3.548798723779289
arOrch_146588263_infrastructure_70|pop20-uniform#seed2,pop20-uniform,evolutionary-heuristics,2,search,65,20,1001.9848595922425,False,1.9848595922425372
arOrch_146588263_infrastructure_70|pop20-uniform#seed2,pop20-uniform,evolutionary-heuristics,2,search,73,22,1001.7111415554483,False,1.7111415554483391
arOrch_146588263_infrastructure_70|pop20-uniform#seed2,pop20-uniform,evolutionary-heuristics,2,search,94,30,1001.6740151239237,False,1.6740151239237147
arOrch_146588263_infrastructure_70|pop20-uniform#seed2,pop20-uniform,evolutionary-heuristics,2,search,125,41,1000.6758905991715,False,0.6758905991714536
arOrch_146588263_infrastructure_70|pop20-uniform#seed2,pop20-uniform,evolutionary-heuristics,2,search,178,55,1000.6693366972573,False,0.6693366972573188
arOrch_146588263_infrastructure_70|pop20-uniform#seed2,pop20-uniform,evolutionary-heuristics,2,search,187,57,1000.6273101711238,False,0.6273101711237458
arOrch_146588263_infrastructure_70|pop20-uniform#seed2,pop20-uniform,evolutionary-heuristics,2,search,264,77,1000.5809187136911,False,0.5809187136910993
arOrch_146588263_infrastructure_70|pop20-uniform#seed2,pop20-uniform,evolutionary-heuristics,2,search,276,80,1000.1765726773893,False,0.1765726773893411
arOrch_146588263_infrastructure_70|pop20-uniform#seed2,pop20-uniform,evolutionary-heuristics,2,search,290,84,1000.1425374332226,False,0.14253743322267703
arOrch_146588263_infrastructure_70|pop20-uniform#seed2,pop20-uniform,evolutionary-heuristics,2,search,345,98,1000.1388427063345,False,0.1388427063344866
arOrch_146588263_infrastructure_70|pop20-uniform#seed2,pop20-uniform,evolutionary-heuristics,2,search,347,98,1000.105107026902,False,0.10510702690208762
arOrch_146588263_infrastructure_70|pop20-uniform#seed2,pop20-uniform,evolutionary-heuristics,2,search,358,101,1000.0755720887403,False,0.07557208874023638
arOrch_146588263_infrastructure_70|pop20-uniform#seed2,pop20-uniform,evolutionary-heuristics,2,search,365,103,1000.0442347169349,False,0.04423471693489019
arOrch_146588263_infrastructure_70|pop20-uniform#seed2,pop20-uniform,evolutionary-heuristics,2,search,400,111,1000.0439818462917,False,0.04398184629163891
arOrch_146588263_infrastructure_70|pop20-uniform#seed2,pop20-uniform,evolutionary-heuristics,2,search,428,119,1000.0411930333447,False,0.04119303334466153
arOrch_146588263_infrastructure_70|pop20-uniform#seed2,pop20-uniform,evolutionary-heuristics,2,search,430,119,1000.0094409893491,False,0.009440989349043704
arOrch_146588263_infrastructure_70|pop20-uniform#seed2,pop20-uniform,evolutionary-heuristics,2,search,465,128,0.3456039163634047,True,0.0
arOrch_146588263_infrastructure_70|pop20-uniform#seed2,pop20-uniform,evolutionary-heuristics,2,search,469,129,0.33943695699297893,True,0.0
arOrch_146588263_infrastructure_70|pop20-uniform#seed2,pop20-uniform,evolutionary-heuristics,2,search,559,151,0.33431232573006175,True,0.0
arOrch_146588263_infrastructure_70|pop20-uniform#seed2,pop20-uniform,evolutionary-heuristics,2,search,628,169,0.3210658903817019,True,0.0
arOrch_146588263_infrastructure_70|pop20-uniform#seed2,pop20-uniform,evolutionary-heuristics,2,search,645,173,0.32034044369610093,True,0.0
arOrch_146588263_infrastructure_70|pop20-uniform#seed2,pop20-uniform,evolutionary-heuristics,2,search,776,206,0.31727031915659687,True,0.0
arOrch_146588263_infrastructure_70|pop20-uniform#seed2,pop20-uniform,evolutionary-heuristics,2,search,852,225,0.16145854374819638,True,0.0
arOrch_146588263_infrastructure_70|pop20-uniform#seed2,pop20-uniform,evolutionary-heuristics,2,search,1108,290,0.15954185479156352,True,0.0
arOrch_146588263_infrastructure_70|pop20-uniform#seed2,pop20-uniform,evolutionary-heuristics,2,search,1341,357,0.15656889223388265,True,0.0
arOrch_146588263_infrastructure_70|pop20-uniform#seed2,pop20-uniform,evolutionary-heuristics,2,search,1594,425,0.15516562669727518,True,0.0
arOrch_146588263_infrastructure_70|pop20-uniform#seed3,pop20-uniform,evolutionary-heuristics,3,search,1,0,1004.2241817578773,False,4.224181757877281
arOrch_146588263_infrastructure_70|pop20-uniform#seed3,pop20-uniform,evolutionary-heuristics,3,search,16,3,1002.0966599034613,False,2.0966599034613034
arOrch_146588263_infrastructure_70|pop20-uniform#seed3,pop20-uniform,evolutionary-heuristics,3,search,38,9,1000.7490354836299,False,0.7490354836299056
arOrch_146588263_infrastructure_70|pop20-uniform#seed3,pop20-uniform,evolutionary-heuristics,3,search,45,10,1000.6637278732658,False,0.6637278732658125
arOrch_146588263_infrastructure_70|pop20-uniform#seed3,pop20-uniform,evolutionary-heuristics,3,search,65,15,1000.6539402648408,False,0.6539402648407819
arOrch_146588263_infrastructure_70|pop20-uniform#seed3,pop20-uniform,evolutionary-heuristics,3,search,101,23,1000.613468457508,False,0.613468457508011
arOrch_146588263_infrastructure_70|pop20-uniform#seed3,pop20-uniform,evolutionary-heuristics,3,search,126,28,1000.606651382672,False,0.6066513826719702
arOrch_146588263_infrastructure_70|pop20-uniform#seed3,pop20-uniform,evolutionary-heuristics,3,search,138,31,1000.5849983864302,False,0.5849983864302523
arOrch_146588263_infrastructure_70|pop20-uniform#seed3,pop20-uniform,evolutionary-heuristics,3,search,150,34,1000.5788186570137,False,0.5788186570136855
arOrch_146588263_infrastructure_70|pop20-uniform#seed3,pop20-uniform,evolutionary-heuristics,3,search,151,34,1000.5623304536144,False,0.5623304536143966
arOrch_146588263_infrastructure_70|pop20-uniform#seed3,pop20-uniform,evolutionary-heuristics,3,search,153,34,1000.1440355015578,False,0.144035501557801
arOrch_146588263_infrastructure_70|pop20-uniform#seed3,pop20-uniform,evolutionary-heuristics,3,search,207,46,1000.0612400764234,False,0.06124007642333927
arOrch_146588263_infrastructure_70|pop20-uniform#seed3,pop20-uniform,evolutionary-heuristics,3,search,252,56,0.34211659033239494,True,0.0
arOrch_146588263_infrastructure_70|pop20-uniform#seed3,pop20-uniform,evolutionary-heuristics,3,search,316,70,0.34146049264338363,True,0.0
arOrch_146588263_infrastructure_70|pop20-uniform#seed3,pop20-uniform,evolutionary-heuristics,3,search,408,90,0.34072436720878835,True,0.0
arOrch_146588263_infrastructure_70|pop20-uniform#seed3,pop20-uniform,evolutionary-heuristics,3,search,473,105,0.33252442509405045,True,0.0
arOrch_146588263_infrastructure_70|pop20-uniform#seed3,pop20-uniform,evolutionary-heuristics,3,search,518,114,0.3241980926064648,True,0.0
arOrch_146588263_infrastructure_70|pop20-uniform#seed3,pop20-uniform,evolutionary-heuristics,3,search,647,142,0.16390985842301334,True,0.0
arOrch_146588263_infrastructure_70|pop20-uniform#seed3,pop20-uniform,evolutionary-heuristics,3,search,703,155,0.15817096822115945,True,0.0
arOrch_146588263_infrastructure_70|pop20-uniform#seed3,pop20-uniform,evolutionary-heuristics,3,search,907,201,0.15679932105673583,True,0.0
arOrch_146588263_infrastructure_70|pop20-uniform#seed3,pop20-uniform,evolutionary-heuristics,3,search,1609,377,0.15369757814504792,True,0.0
arOrch_146588263_infrastructure_135|pop20-uniform#seed1,pop20-uniform,evolutionary-heuristics,1,search,1,0,1028.6353555555556,False,28.635355555555552
arOrch_146588263_infrastructure_135|pop20-uniform#seed1,pop20-uniform,evolutionary-heuristics,1,search,2,0,1020.1086015754561,False,20.108601575456053
arOrch_146588263_infrastructure_135|pop20-uniform#seed1,pop20-uniform,evolutionary-heuristics,1,search,3,0,1003.5057551923386,False,3.505755192338577
arOrch_146588263_infrastructure_135|pop20-uniform#seed1,pop20-uniform,evolutionary-heuristics,1,search,8,2,1001.6830650097911,False,1.6830650097911213
arOrch_146588263_infrastructure_135|pop20-uniform#seed1,pop20-uniform,evolutionary-heuristics,1,search,42,11,1001.6174736816123,False,1.6174736816123059
arOrch_146588263_infrastructure_135|pop20-uniform#seed1,pop20-uniform,evolutionary-heuristics,1,search,81,22,1001.5997441948152,False,1.5997441948152156
arOrch_146588263_infrastructure_135|pop20-uniform#seed1,pop20-uniform,evolutionary-heuristics,1,search,87,23,1001.1370234289445,False,1.1370234289445522
arOrch_146588263_infrastructure_135|pop20-uniform#seed1,pop20-uniform,evolutionary-heuristics,1,search,101,27,1001.0833172278329,False,1.083317227832974
arOrch_146588263_infrastructure_135|pop20-uniform#seed1,pop20-uniform,evolutionary-heuristics,1,search,143,38,1000.6532992809437,False,0.6532992809437044
arOrch_146588263_infrastructure_135|pop20-uniform#seed1,pop20-uniform,evolutionary-heuristics,1,search,157,41,1000.6266547576588,False,0.6266547576587651
arOrch_146588263_infrastructure_135|pop20-uniform#seed1,pop20-uniform,evolutionary-heuristics,1,search,162,43,1000.5937206824027,False,0.5937206824026942
arOrch_146588263_infrastructure_135|pop20-uniform#seed1,pop20-uniform,evolutionary-heuristics,1,search,177,46,1000.5875417686858,False,0.5875417686858297
arOrch_146588263_infrastructure_135|pop20-uniform#seed1,pop20-uniform,evolutionary-heuristics,1,search,185,49,1000.5780235516538,False,0.5780235516537886
arOrch_146588263_infrastructure_135|pop20-uniform#seed1,pop20-uniform,evolutionary-heuristics,1,search,209,55,1000.1576915405935,False,0.15769154059356902
arOrch_146588263_infrastructure_135|pop20-uniform#seed1,pop20-uniform,evolutionary-heuristics,1,search,223,58,1000.1406122782735,False,0.14061227827349915
arOrch_146588263_infrastructure_135|pop20-uniform#seed1,pop20-uniform,evolutionary-heuristics,1,search,255,67,1000.0540788603496,False,0.054078860349572426
arOrch_146588263_infrastructure_135|pop20-uniform#seed1,pop20-uniform,evolutionary-heuristics,1,search,290,77,1000.0480183600988,False,0.04801836009877753
arOrch_146588263_infrastructure_135|pop20-uniform#seed1,pop20-uniform,evolutionary-heuristics,1,search,318,84,1000.0374889716109,False,0.03748897161082822
arOrch_146588263_infrastructure_135|pop20-uniform#seed1,pop20-uniform,evolutionary-heuristics,1,search,352,92,1000.0252933569583,False,0.025293356958273228
arOrch_146588263_infrastructure_135|pop20-uniform#seed1,pop20-uniform,evolutionary-heuristics,1,search,356,94,1000.0205220064088,False,0.02052200640883524
arOrch_146588263_infrastructure_135|pop20-uniform#seed1,pop20-uniform,evolutionary-heuristics,1,search,365,96,1000.0093063362397,False,0.009306336239665917
arOrch_146588263_infrastructure_135|pop20-uniform#seed1,pop20-uniform,evolutionary-heuristics,1,search,367,97,1000.0018308984394,False,0.0018308984394138355
arOrch_146588263_infrastructure_135|pop20-uniform#seed1,pop20-uniform,evolutionary-heuristics,1,search,429,112,0.28020036801490533,True,0.0
arOrch_146588263_infrastructure_135|pop20-uniform#seed1,pop20-uniform,evolutionary-heuristics,1,search,478,124,0.27844420734007413,True,0.0
arOrch_146588263_infrastructure_135|pop20-uniform#seed1,pop20-uniform,evolutionary-heuristics,1,search,553,143,0.11697159580516381,True,0.0
arOrch_146588263_infrastructure_135|pop20-uniform#seed1,pop20-uniform,evolutionary-heuristics,1,search,598,154,0.11129885925160767,True,0.0
arOrch_146588263_infrastructure_135|pop20-uniform#seed1,pop20-uniform,evolutionary-heuristics,1,search,1087,282,0.11088438381091646,True,0.0
arOrch_146588263_infrastructure_135|pop20-uniform#seed1,pop20-uniform,evolutionary-heuristics,1,search,1576,399,0.10846835609030067,True,0.0
arOrch_146588263_infrastructure_135|pop20-uniform#seed1,pop20-uniform,evolutionary-heuristics,1,search,1843,464,0.10822464867313103,True,0.0
arOrch_146588263_infrastructure_135|pop20-uniform#seed1,pop20-uniform,evolutionary-heuristics,1,search,1857,467,0.10756644482077643,True,0.0
arOrch_146588263_infrastructure_135|pop20-uniform#seed1,pop20-uniform,evolutionary-heuristics,1,search,2081,522,0.10290168820571281,True,0.0
arOrch_146588263_infrastructure_135|pop20-uniform#seed1,pop20-uniform,evolutionary-heuristics,1,search,2515,634,0.10186813506432203,True,0.0
arOrch_146588263_infrastructure_135|pop20-uniform#seed1,pop20-uniform,evolutionary-heuristics,1,search,3536,892,0.10170634758163496,True,0.0
arOrch_146588263_infrastructure_135|pop20-uniform#seed1,pop20-uniform,evolutionary-heuristics,1,search,5952,1653,0.10025822077378796,True,0.0
arOrch_146588263_infrastructure_135|pop20-uniform#seed2,pop20-uniform,evolutionary-heuristics,2,search,1,0,1007.1425849087893,False,7.142584908789387
arOrch_146588263_infrastructure_135|pop20-uniform#seed2,pop20-uniform,evolutionary-heuristics,2,search,3,1,1006.5752750785451,False,6.575275078545171
arOrch_146588263_infrastructure_135|pop20-uniform#seed2,pop20-uniform,evolutionary-heuristics,2,search,8,13,1005.587010959004,False,5.587010959004038
arOrch_146588263_infrastructure_135|pop20-uniform#seed2,pop20-uniform,evolutionary-heuristics,2,search,9,14,1003.8152325108045,False,3.8152325108045813
arOrch_146588263_infrastructure_135|pop20-uniform#seed2,pop20-uniform,evolutionary-heuristics,2,search,14,15,1002.8610284257501,False,2.8610284257500425
arOrch_146588263_infrastructure_135|pop20-uniform#seed2,pop20-uniform,evolutionary-heuristics,2,search,44,25,1002.0529909529262,False,2.0529909529262027
arOrch_146588263_infrastructure_135|pop20-uniform#seed2,pop20-uniform,evolutionary-heuristics,2,search,59,29,1001.0350910171229,False,1.0350910171229164
arOrch_146588263_infrastructure_135|pop20-uniform#seed2,pop20-uniform,evolutionary-heuristics,2,search,68,32,1000.7200559237488,False,0.7200559237487602
arOrch_146588263_infrastructure_135|pop20-uniform#seed2,pop20-uniform,evolutionary-heuristics,2,search,77,35,1000.6268371577178,False,0.6268371577178018
arOrch_146588263_infrastructure_135|pop20-uniform#seed2,pop20-uniform,evolutionary-heuristics,2,search,87,38,1000.5334381124945,False,0.5334381124945644
arOrch_146588263_infrastructure_135|pop20-uniform#seed2,pop20-uniform,evolutionary-heuristics,2,search,129,51,1000.0421939900717,False,0.04219399007171778
arOrch_146588263_infrastructure_135|pop20-uniform#seed2,pop20-uniform,evolutionary-heuristics,2,search,207,73,1000.0328305611026,False,0.03283056110266214
arOrch_146588263_infrastructure_135|pop20-uniform#seed2,pop20-uniform,evolutionary-heuristics,2,search,223,79,1000.0302012085797,False,0.030201208579654262
arOrch_146588263_infrastructure_135|pop20-uniform#seed2,pop20-uniform,evolutionary-heuristics,2,search,226,79,0.2854762721663008,True,0.0
arOrch_146588263_infrastructure_135|pop20-uniform#seed2,pop20-uniform,evolutionary-heuristics,2,search,295,102,0.2833203667780219,True,0.0
arOrch_146588263_infrastructure_135|pop20-uniform#seed2,pop20-uniform,evolutionary-heuristics,2,search,381,134,0.28330855419401607,True,0.0
arOrch_146588263_infrastructure_135|pop20-uniform#seed2,pop20-uniform,evolutionary-heuristics,2,search,395,138,0.28290634875459597,True,0.0
arOrch_146588263_infrastructure_135|pop20-uniform#seed2,pop20-uniform,evolutionary-heuristics,2,search,440,153,0.2823415463389002,True,0.0
arOrch_146588263_infrastructure_135|pop20-uniform#seed2,pop20-uniform,evolutionary-heuristics,2,search,455,158,0.28062124141384615,True,0.0
arOrch_146588263_infrastructure_135|pop20-uniform#seed2,pop20-uniform,evolutionary-heuristics,2,search,539,184,0.27799704891486643,True,0.0
arOrch_146588263_infrastructure_135|pop20-uniform#seed2,pop20-uniform,evolutionary-heuristics,2,search,787,255,0.2777272729169838,True,0.0
arOrch_146588263_infrastructure_135|pop20-uniform#seed2,pop20-uniform,evolutionary-heuristics,2,search,788,256,0.27301410588782193,True,0.0
arOrch_146588263_infrastructure_135|pop20-uniform#seed2,pop20-uniform,evolutionary-heuristics,2,search,852,271,0.11558285279824618,True,0.0
arOrch_146588263_infrastructure_135|pop20-uniform#seed2,pop20-uniform,evolutionary-heuristics,2,search,874,276,0.11255210311806046,True,0.0
arOrch_146588263_infrastructure_135|pop20-uniform#seed2,pop20-uniform,evolutionary-heuristics,2,search,886,279,0.11153390703381624,True,0.0
arOrch_146588263_infrastructure_135|pop20-uniform#seed2,pop20-uniform,evolutionary-heuristics,2,search,978,300,0.11099764613806995,True,0.0
arOrch_146588263_infrastructure_135|pop20-uniform#seed2,pop20-uniform,evolutionary-heuristics,2,search,1270,377,0.1103267502739207,True,0.0
arOrch_146588263_infrastructure_135|pop20-uniform#seed2,pop20-uniform,evolutionary-heuristics,2,search,1740,486,0.11013103875649739,True,0.0
arOrch_146588263_infrastructure_135|pop20-uniform#seed2,pop20-uniform,evolutionary-heuristics,2,search,1804,501,0.10904722645239512,True,0.0
arOrch_146588263_infrastructure_135|pop20-uniform#seed2,pop20-uniform,evolutionary-heuristics,2,search,1811,503,0.10142180916145818,True,0.0
arOrch_146588263_infrastructure_135|pop20-uniform#seed2,pop20-uniform,evolutionary-heuristics,2,search,1979,544,0.10086089809372328,True,0.0
arOrch_146588263_infrastructure_135|pop20-uniform#seed2,pop20-uniform,evolutionary-heuristics,2,search,6135,1536,0.0995056761863612,True,0.0
arOrch_146588263_infrastructure_135|pop20-uniform#seed3,pop20-uniform,evolutionary-heuristics,3,search,1,0,1010.0863597158364,False,10.08635971583637
arOrch_146588263_infrastructure_135|pop20-uniform#seed3,pop20-uniform,evolutionary-heuristics,3,search,2,0,1006.7494892620459,False,6.749489262045919
arOrch_146588263_infrastructure_135|pop20-uniform#seed3,pop20-uniform,evolutionary-heuristics,3,search,3,0,1005.3608440246604,False,5.360844024660397
arOrch_146588263_infrastructure_135|pop20-uniform#seed3,pop20-uniform,evolutionary-heuristics,3,search,7,2,1004.0885364842454,False,4.08853648424544
arOrch_146588263_infrastructure_135|pop20-uniform#seed3,pop20-uniform,evolutionary-heuristics,3,search,8,2,1002.7244462833414,False,2.7244462833414427
arOrch_146588263_infrastructure_135|pop20-uniform#seed3,pop20-uniform,evolutionary-heuristics,3,search,27,17,1002.3926836625028,False,2.3926836625028596
arOrch_146588263_infrastructure_135|pop20-uniform#seed3,pop20-uniform,evolutionary-heuristics,3,search,34,19,1002.2314312190105,False,2.231431219010424
arOrch_146588263_infrastructure_135|pop20-uniform#seed3,pop20-uniform,evolutionary-heuristics,3,search,35,20,1001.6345553277174,False,1.6345553277174267
arOrch_146588263_infrastructure_135|pop20-uniform#seed3,pop20-uniform,evolutionary-heuristics,3,search,44,22,1001.1667609056714,False,1.1667609056713564
arOrch_146588263_infrastructure_135|pop20-uniform#seed3,pop20-uniform,evolutionary-heuristics,3,search,64,28,1001.0703508247287,False,1.070350824728723
arOrch_146588263_infrastructure_135|pop20-uniform#seed3,pop20-uniform,evolutionary-heuristics,3,search,68,29,1000.1182755349708,False,0.11827553497079399
arOrch_146588263_infrastructure_135|pop20-uniform#seed3,pop20-uniform,evolutionary-heuristics,3,search,81,32,1000.1092726814628,False,0.10927268146279419
arOrch_146588263_infrastructure_135|pop20-uniform#seed3,pop20-uniform,evolutionary-heuristics,3,search,143,49,1000.0983425261564,False,0.0983425261564893
arOrch_146588263_infrastructure_135|pop20-uniform#seed3,pop20-uniform,evolutionary-heuristics,3,search,176,57,1000.0967542304309,False,0.09675423043086338
arOrch_146588263_infrastructure_135|pop20-uniform#seed3,pop20-uniform,evolutionary-heuristics,3,search,187,60,1000.0704696795628,False,0.07046967956281844
arOrch_146588263_infrastructure_135|pop20-uniform#seed3,pop20-uniform,evolutionary-heuristics,3,search,208,65,1000.0625276413585,False,0.0625276413585733
arOrch_146588263_infrastructure_135|pop20-uniform#seed3,pop20-uniform,evolutionary-heuristics,3,search,215,67,1000.0577056604526,False,0.05770566045258068
arOrch_146588263_infrastructure_135|pop20-uniform#seed3,pop20-uniform,evolutionary-heuristics,3,search,244,75,1000.056870828313,False,0.056870828313021884
arOrch_146588263_infrastructure_135|pop20-uniform#seed3,pop20-uniform,evolutionary-heuristics,3,search,253,77,1000.0492983985157,False,0.04929839851575522
arOrch_146588263_infrastructure_135|pop20-uniform#seed3,pop20-uniform,evolutionary-heuristics,3,search,271,82,1000.0486002629643,False,0.04860026296437229
arOrch_146588263_infrastructure_135|pop20-uniform#seed3,pop20-uniform,evolutionary-heuristics,3,search,282,85,1000.0378482910173,False,0.03784829101730148
arOrch_146588263_infrastructure_135|pop20-uniform#seed3,pop20-uniform,evolutionary-heuristics,3,search,309,92,1000.0314533378418,False,0.03145333784170314
arOrch_146588263_infrastructure_135|pop20-uniform#seed3,pop20-uniform,evolutionary-heuristics,3,search,341,101,1000.03087756636,False,0.030877566359966045
arOrch_146588263_infrastructure_135|pop20-uniform#seed3,pop20-uniform,evolutionary-heuristics,3,search,379,111,1000.0250842719071,False,0.02508427190706372
arOrch_146588263_infrastructure_135|pop20-uniform#seed3,pop20-uniform,evolutionary-heuristics,3,search,394,116,0.2905677671995019,True,0.0
arOrch_146588263_infrastructure_135|pop20-uniform#seed3,pop20-uniform,evolutionary-heuristics,3,search,443,130,0.28565924702078677,True,0.0
arOrch_146588263_infrastructure_135|pop20-uniform#seed3,pop20-uniform,evolutionary-heuristics,3,search,465,135,0.2799508298695421,True,0.0
arOrch_146588263_infrastructure_135|pop20-uniform#seed3,pop20-uniform,evolutionary-heuristics,3,search,492,142,0.2790073097586174,True,0.0
arOrch_146588263_infrastructure_135|pop20-uniform#seed3,pop20-uniform,evolutionary-heuristics,3,search,501,144,0.27730824359727396,True,0.0
arOrch_146588263_infrastructure_135|pop20-uniform#seed3,pop20-uniform,evolutionary-heuristics,3,search,594,168,0.2764954877856826,True,0.0
arOrch_146588263_infrastructure_135|pop20-uniform#seed3,pop20-uniform,evolutionary-heuristics,3,search,701,197,0.2735102841185554,True,0.0
arOrch_146588263_infrastructure_135|pop20-uniform#seed3,pop20-uniform,evolutionary-heuristics,3,search,774,216,0.27292294756723473,True,0.0
arOrch_146588263_infrastructure_135|pop20-uniform#seed3,pop20-uniform,evolutionary-heuristics,3,search,789,219,0.2713533098431343,True,0.0
arOrch_146588263_infrastructure_135|pop20-uniform#seed3,pop20-uniform,evolutionary-heuristics,3,search,854,236,0.27002707567107714,True,0.0
arOrch_146588263_infrastructure_135|pop20-uniform#seed3,pop20-uniform,evolutionary-heuristics,3,search,866,240,0.26637737728195293,True,0.0
arOrch_146588263_infrastructure_135|pop20-uniform#seed3,pop20-uniform,evolutionary-heuristics,3,search,1005,275,0.26355254571717923,True,0.0
arOrch_146588263_infrastructure_135|pop20-uniform#seed3,pop20-uniform,evolutionary-heuristics,3,search,1409,385,0.10731949603518845,True,0.0
arOrch_146588263_infrastructure_135|pop20-uniform#seed3,pop20-uniform,evolutionary-heuristics,3,search,1423,388,0.10170634758163496,True,0.0
arOrch_146588263_infrastructure_135|pop20-uniform#seed3,pop20-uniform,evolutionary-heuristics,3,search,2037,541,0.10025822077378796,True,0.0
arOrch_146588263_infrastructure_220|pop20-uniform#seed1,pop20-uniform,evolutionary-heuristics,1,search,1,0,1001.655074331132,False,1.6550743311320026
arOrch_146588263_infrastructure_220|pop20-uniform#seed1,pop20-uniform,evolutionary-heuristics,1,search,23,5,1001.6530475949767,False,1.6530475949766237
arOrch_146588263_infrastructure_220|pop20-uniform#seed1,pop20-uniform,evolutionary-heuristics,1,search,34,8,1000.6291473527245,False,0.6291473527245764
arOrch_146588263_infrastructure_220|pop20-uniform#seed1,pop20-uniform,evolutionary-heuristics,1,search,66,15,1000.5889046714966,False,0.5889046714965942
arOrch_146588263_infrastructure_220|pop20-uniform#seed1,pop20-uniform,evolutionary-heuristics,1,search,82,19,1000.5888569027195,False,0.588856902719453
arOrch_146588263_infrastructure_220|pop20-uniform#seed1,pop20-uniform,evolutionary-heuristics,1,search,95,21,1000.0287634946881,False,0.028763494688027868
arOrch_146588263_infrastructure_220|pop20-uniform#seed1,pop20-uniform,evolutionary-heuristics,1,search,157,36,1000.009443256801,False,0.00944325680097171
arOrch_146588263_infrastructure_220|pop20-uniform#seed1,pop20-uniform,evolutionary-heuristics,1,search,197,45,1000.0020130832245,False,0.0020130832244477973
arOrch_146588263_infrastructure_220|pop20-uniform#seed1,pop20-uniform,evolutionary-heuristics,1,search,203,46,0.2958409089074532,True,0.0
arOrch_146588263_infrastructure_220|pop20-uniform#seed1,pop20-uniform,evolutionary-heuristics,1,search,230,65,0.29307141682082216,True,0.0
arOrch_146588263_infrastructure_220|pop20-uniform#seed1,pop20-uniform,evolutionary-heuristics,1,search,260,72,0.2918601004253165,True,0.0
arOrch_146588263_infrastructure_220|pop20-uniform#seed1,pop20-uniform,evolutionary-heuristics,1,search,277,75,0.2893338414092984,True,0.0
arOrch_146588263_infrastructure_220|pop20-uniform#seed1,pop20-uniform,evolutionary-heuristics,1,search,282,77,0.28919823344656403,True,0.0
arOrch_146588263_infrastructure_220|pop20-uniform#seed1,pop20-uniform,evolutionary-heuristics,1,search,300,80,0.2886239320777759,True,0.0
arOrch_146588263_infrastructure_220|pop20-uniform#seed1,pop20-uniform,evolutionary-heuristics,1,search,351,91,0.2825820721246568,True,0.0
arOrch_146588263_infrastructure_220|pop20-uniform#seed1,pop20-uniform,evolutionary-heuristics,1,search,496,122,0.2806288354789231,True,0.0
arOrch_146588263_infrastructure_220|pop20-uniform#seed1,pop20-uniform,evolutionary-heuristics,1,search,509,125,0.12106527269936476,True,0.0
arOrch_146588263_infrastructure_220|pop20-uniform#seed1,pop20-uniform,evolutionary-heuristics,1,search,565,139,0.11787818493708335,True,0.0
arOrch_146588263_infrastructure_220|pop20-uniform#seed1,pop20-uniform,evolutionary-heuristics,1,search,702,174,0.11688336875806604,True,0.0
arOrch_146588263_infrastructure_220|pop20-uniform#seed1,pop20-uniform,evolutionary-heuristics,1,search,785,194,0.11666376777352969,True,0.0
arOrch_146588263_infrastructure_220|pop20-uniform#seed1,pop20-uniform,evolutionary-heuristics,1,search,1060,261,0.11580786037287033,True,0.0
arOrch_146588263_infrastructure_220|pop20-uniform#seed1,pop20-uniform,evolutionary-heuristics,1,search,1177,287,0.11520039407439818,True,0.0
arOrch_146588263_infrastructure_220|pop20-uniform#seed1,pop20-uniform,evolutionary-heuristics,1,search,1271,307,0.11494685101758177,True,0.0
arOrch_146588263_infrastructure_220|pop20-uniform#seed1,pop20-uniform,evolutionary-heuristics,1,search,1470,360,0.11448552610637037,True,0.0
arOrch_146588263_infrastructure_220|pop20-uniform#seed1,pop20-uniform,evolutionary-heuristics,1,search,1792,428,0.11032901144738029,True,0.0
arOrch_146588263_infrastructure_220|pop20-uniform#seed1,pop20-uniform,evolutionary-heuristics,1,search,3661,827,0.10984416341449793,True,0.0
arOrch_146588263_infrastructure_220|pop20-uniform#seed1,pop20-uniform,evolutionary-heuristics,1,search,4193,939,0.1088902051209881,True,0.0
arOrch_146588263_infrastructure_220|pop20-uniform#seed1,pop20-uniform,evolutionary-heuristics,1,search,15647,3418,0.10838563100048401,True,0.0
arOrch_146588263_infrastructure_220|pop20-uniform#seed1,pop20-uniform,evolutionary-heuristics,1,search,16742,3659,0.1046401305596269,True,0.0
arOrch_146588263_infrastructure_220|pop20-uniform#seed1,pop20-uniform,evolutionary-heuristics,1,search,17272,3769,0.10446478796722174,True,0.0
arOrch_146588263_infrastructure_220|pop20-uniform#seed2,pop20-uniform,evolutionary-heuristics,2,search,1,0,1000.6369737944794,False,0.6369737944794926
arOrch_146588263_infrastructure_220|pop20-uniform#seed2,pop20-uniform,evolutionary-heuristics,2,search,95,23,1000.632936501894,False,0.6329365018940895
arOrch_146588263_infrastructure_220|pop20-uniform#seed2,pop20-uniform,evolutionary-heuristics,2,search,122,29,1000.2357052311328,False,0.23570523113273387
arOrch_146588263_infrastructure_220|pop20-uniform#seed2,pop20-uniform,evolutionary-heuristics,2,search,175,42,1000.1364856247778,False,0.1364856247778744
arOrch_146588263_infrastructure_220|pop20-uniform#seed2,pop20-uniform,evolutionary-heuristics,2,search,187,45,1000.1353378347484,False,0.1353378347483612
arOrch_146588263_infrastructure_220|pop20-uniform#seed2,pop20-uniform,evolutionary-heuristics,2,search,210,52,1000.1229187781246,False,0.1229187781245946
arOrch_146588263_infrastructure_220|pop20-uniform#seed2,pop20-uniform,evolutionary-heuristics,2,search,213,53,1000.0871644107077,False,0.08716441070765804
arOrch_146588263_infrastructure_220|pop20-uniform#seed2,pop20-uniform,evolutionary-heuristics,2,search,223,55,1000.0178499344225,False,0.017849934422564703
arOrch_146588263_infrastructure_220|pop20-uniform#seed2,pop20-uniform,evolutionary-heuristics,2,search,299,73,1000.0108407411394,False,0.010840741139451668
arOrch_146588263_infrastructure_220|pop20-uniform#seed2,pop20-uniform,evolutionary-heuristics,2,search,302,74,1000.0074765244053,False,0.0074765244053640505
arOrch_146588263_infrastructure_220|pop20-uniform#seed2,pop20-uniform,evolutionary-heuristics,2,search,326,79,1000.0061873678318,False,0.0061873678317610915
arOrch_146588263_infrastructure_220|pop20-uniform#seed2,pop20-uniform,evolutionary-heuristics,2,search,331,80,0.2987618437546028,True,0.0
arOrch_146588263_infrastructure_220|pop20-uniform#seed2,pop20-uniform,evolutionary-heuristics,2,search,441,116,0.2914396725282231,True,0.0
arOrch_146588263_infrastructure_220|pop20-uniform#seed2,pop20-uniform,evolutionary-heuristics,2,search,539,139,0.29020943007713246,True,0.0
arOrch_146588263_infrastructure_220|pop20-uniform#seed2,pop20-uniform,evolutionary-heuristics,2,search,641,166,0.2838957022790754,True,0.0
arOrch_146588263_infrastructure_220|pop20-uniform#seed2,pop20-uniform,evolutionary-heuristics,2,search,662,171,0.27949372807787937,True,0.0
arOrch_146588263_infrastructure_220|pop20-uniform#seed2,pop20-uniform,evolutionary-heuristics,2,search,747,190,0.1244810521369793,True,0.0
arOrch_146588263_infrastructure_220|pop20-uniform#seed2,pop20-uniform,evolutionary-heuristics,2,search,793,202,0.11995087533963707,True,0.0
arOrch_146588263_infrastructure_220|pop20-uniform#seed2,pop20-uniform,evolutionary-heuristics,2,search,795,202,0.11882091275781385,True,0.0
arOrch_146588263_infrastructure_220|pop20-uniform#seed2,pop20-uniform,evolutionary-heuristics,2,search,818,208,0.11480546236689491,True,0.0
arOrch_146588263_infrastructure_220|pop20-uniform#seed2,pop20-uniform,evolutionary-heuristics,2,search,864,218,0.11441893855661782,True,0.0
arOrch_146588263_infrastructure_220|pop20-uniform#seed2,pop20-uniform,evolutionary-heuristics,2,search,962,254,0.11301405388210647,True,0.0
arOrch_146588263_infrastructure_220|pop20-uniform#seed2,pop20-uniform,evolutionary-heuristics,2,search,1076,279,0.11046212764418939,True,0.0
arOrch_146588263_infrastructure_220|pop20-uniform#seed2,pop20-uniform,evolutionary-heuristics,2,search,1444,365,0.11028678505178419,True,0.0
arOrch_146588263_infrastructure_220|pop20-uniform#seed2,pop20-uniform,evolutionary-heuristics,2,search,1712,426,0.10990105502823656,True,0.0
arOrch_146588263_infrastructure_220|pop20-uniform#seed2,pop20-uniform,evolutionary-heuristics,2,search,2737,686,0.10829588291615708,True,0.0
arOrch_146588263_infrastructure_220|pop20-uniform#seed2,pop20-uniform,evolutionary-heuristics,2,search,3243,836,0.10758101494812929,True,0.0
arOrch_146588263_infrastructure_220|pop20-uniform#seed2,pop20-uniform,evolutionary-heuristics,2,search,3369,872,0.10517965593524953,True,0.0
arOrch_146588263_infrastructure_220|pop20-uniform#seed2,pop20-uniform,evolutionary-heuristics,2,search,3458,897,0.10446478796722174,True,0.0
arOrch_146588263_infrastructure_220|pop20-uniform#seed3,pop20-uniform,evolutionary-heuristics,3,search,1,0,1002.6613625114552,False,2.661362511455241
arOrch_146588263_infrastructure_220|pop20-uniform#seed3,pop20-uniform,evolutionary-heuristics,3,search,2,0,1000.6471935088739,False,0.6471935088738939
arOrch_146588263_infrastructure_220|pop20-uniform#seed3,pop20-uniform,evolutionary-heuristics,3,search,51,16,1000.1031223514575,False,0.10312235145750007
arOrch_146588263_infrastructure_220|pop20-uniform#seed3,pop20-uniform,evolutionary-heuristics,3,search,61,18,1000.1030480235164,False,0.10304802351641798
arOrch_146588263_infrastructure_220|pop20-uniform#seed3,pop20-uniform,evolutionary-heuristics,3,search,63,19,1000.0760024422617,False,0.0760024422616788
arOrch_146588263_infrastructure_220|pop20-uniform#seed3,pop20-uniform,evolutionary-heuristics,3,search,112,32,1000.0709243905383,False,0.07092439053821738
arOrch_146588263_infrastructure_220|pop20-uniform#seed3,pop20-uniform,evolutionary-heuristics,3,search,129,37,0.2829167179997078,True,0.0
arOrch_146588263_infrastructure_220|pop20-uniform#seed3,pop20-uniform,evolutionary-heuristics,3,search,190,57,0.2817433076892163,True,0.0
arOrch_146588263_infrastructure_220|pop20-uniform#seed3,pop20-uniform,evolutionary-heuristics,3,search,223,66,0.2809032066075028,True,0.0
arOrch_146588263_infrastructure_220|pop20-uniform#seed3,pop20-uniform,evolutionary-heuristics,3,search,269,78,0.2791045483758814,True,0.0
arOrch_146588263_infrastructure_220|pop20-uniform#seed3,pop20-uniform,evolutionary-heuristics,3,search,367,108,0.12478735670769618,True,0.0
arOrch_146588263_infrastructure_220|pop20-uniform#seed3,pop20-uniform,evolutionary-heuristics,3,search,392,114,0.12111034516167805,True,0.0
arOrch_146588263_infrastructure_220|pop20-uniform#seed3,pop20-uniform,evolutionary-heuristics,3,search,397,115,0.11532006866120037,True,0.0
arOrch_146588263_infrastructure_220|pop20-uniform#seed3,pop20-uniform,evolutionary-heuristics,3,search,664,208,0.11464125986558435,True,0.0
arOrch_146588263_infrastructure_220|pop20-uniform#seed3,pop20-uniform,evolutionary-heuristics,3,search,917,280,0.11178426456913026,True,0.0
arOrch_146588263_infrastructure_220|pop20-uniform#seed3,pop20-uniform,evolutionary-heuristics,3,search,1095,328,0.1116048604751568,True,0.0
arOrch_146588263_infrastructure_220|pop20-uniform#seed3,pop20-uniform,evolutionary-heuristics,3,search,1867,652,0.10943745179804606,True,0.0
arOrch_146588263_infrastructure_220|pop20-uniform#seed3,pop20-uniform,evolutionary-heuristics,3,search,2229,767,0.10909355223740387,True,0.0
arOrch_146588263_infrastructure_220|pop20-uniform#seed3,pop20-uniform,evolutionary-heuristics,3,search,2268,779,0.10886778835302227,True,0.0
arOrch_146588263_infrastructure_220|pop20-uniform#seed3,pop20-uniform,evolutionary-heuristics,3,search,2551,863,0.10840646344181086,True,0.0
arOrch_146588263_infrastructure_220|pop20-uniform#seed3,pop20-uniform,evolutionary-heuristics,3,search,8201,2254,0.10721628294616029,True,0.0
arOrch_146588263_infrastructure_220|pop20-uniform#seed3,pop20-uniform,evolutionary-heuristics,3,search,211196,51105,0.10446478796722174,True,0.0
