run_id,application,infra_size,dataset_seed,instance_id,engine,seed,options,status,feasibility,feasible,objective_value,engine_objective_value,oracle_match,cost,latency,security,engine_execution_time_ms,engine_evaluations,wall_time_s,solver_status,n_tasks,n_candidates,error
arOrch_146588263_infrastructure_100|minizinc-csp,arOrch,100,146588263,arOrch_146588263_infrastructure_100,minizinc-csp,,"{""intermediate_solutions"": true, ""time_limit_ms"": 300000}",ok,FEASIBLE,True,0.1366863085622358,0.136686308562236,True,149.828787245,32.0,1.0,36561.0,,41.173,OPTIMAL,7,825,
arOrch_146588263_infrastructure_105|minizinc-csp,arOrch,105,146588263,arOrch_146588263_infrastructure_105,minizinc-csp,,"{""intermediate_solutions"": true, ""time_limit_ms"": 300000}",ok,FEASIBLE,True,0.11052860925188772,0.110528609251888,True,146.820720525,33.0,1.0,39992.0,,45.455,OPTIMAL,7,833,
arOrch_146588263_infrastructure_100|evolutionary-heuristics#seed1,arOrch,100,146588263,arOrch_146588263_infrastructure_100,evolutionary-heuristics,1,"{""algorithm"": ""NSGAII"", ""max_evaluations"": 1000, ""operators"": ""UNIFORM"", ""population_size"": 20, ""seed"": 1, ""time_budget_ms"": 300000}",ok,FEASIBLE,True,0.1366863085622358,0.1366863085622358,True,149.828787245,32.0,1.0,300030.0,1814440,304.07,,7,825,
arOrch_146588263_infrastructure_100|random-search#seed1,arOrch,100,146588263,arOrch_146588263_infrastructure_100,random-search,1,"{""iterations_count"": 1000, ""seed"": 1, ""time_budget_ms"": 300000}",ok,FEASIBLE,True,0.33458540600240033,0.33458540600240033,True,177.52945264,37.0,0.66,300033.0,1644844,311.381,,7,825,
arOrch_146588263_infrastructure_110|minizinc-csp,arOrch,110,146588263,arOrch_146588263_infrastructure_110,minizinc-csp,,"{""intermediate_solutions"": true, ""time_limit_ms"": 300000}",ok,FEASIBLE,True,0.29821141172400595,0.298211411724006,True,184.949095275,37.5,0.66,302147.0,,310.604,SATISFIED,7,1170,
arOrch_146588263_infrastructure_100|evolutionary-heuristics#seed2,arOrch,100,146588263,arOrch_146588263_infrastructure_100,evolutionary-heuristics,2,"{""algorithm"": ""NSGAII"", ""max_evaluations"": 1000, ""operators"": ""UNIFORM"", ""population_size"": 20, ""seed"": 2, ""time_budget_ms"": 300000}",ok,FEASIBLE,True,0.1366863085622358,0.1366863085622358,True,149.828787245,32.0,1.0,299840.0,1480606,303.63,,7,825,
arOrch_146588263_infrastructure_100|random-search#seed2,arOrch,100,146588263,arOrch_146588263_infrastructure_100,random-search,2,"{""iterations_count"": 1000, ""seed"": 2, ""time_budget_ms"": 300000}",ok,FEASIBLE,True,0.15976675760421635,0.15976675760421635,True,170.71980466500003,36.0,1.0,299850.0,1391512,304.727,,7,825,
arOrch_146588263_infrastructure_115|minizinc-csp,arOrch,115,146588263,arOrch_146588263_infrastructure_115,minizinc-csp,,"{""intermediate_solutions"": true, ""time_limit_ms"": 300000}",ok,FEASIBLE,True,0.15587024030740854,0.155870240307409,True,178.33204649500001,38.0,1.0,266437.0,,271.317,OPTIMAL,7,1033,
arOrch_146588263_infrastructure_120|minizinc-csp,arOrch,120,146588263,arOrch_146588263_infrastructure_120,minizinc-csp,,"{""intermediate_solutions"": true, ""time_limit_ms"": 300000}",ok,FEASIBLE,True,0.0926580548120461,0.0926580548120461,True,136.54168989,35.0,1.0,146827.0,,154.641,OPTIMAL,7,1272,
arOrch_146588263_infrastructure_100|evolutionary-heuristics#seed3,arOrch,100,146588263,arOrch_146588263_infrastructure_100,evolutionary-heuristics,3,"{""algorithm"": ""NSGAII"", ""max_evaluations"": 1000, ""operators"": ""UNIFORM"", ""population_size"": 20, ""seed"": 3, ""time_budget_ms"": 300000}",ok,FEASIBLE,True,0.1366863085622358,0.1366863085622358,True,149.828787245,32.0,1.0,299993.0,1515254,304.877,,7,825,
arOrch_146588263_infrastructure_100|random-search#seed3,arOrch,100,146588263,arOrch_146588263_infrastructure_100,random-search,3,"{""iterations_count"": 1000, ""seed"": 3, ""time_budget_ms"": 300000}",ok,FEASIBLE,True,0.3269156530318478,0.3269156530318478,True,170.40580694000002,36.0,0.66,299994.0,1445704,304.804,,7,825,
arOrch_146588263_infrastructure_125|minizinc-csp,arOrch,125,146588263,arOrch_146588263_infrastructure_125,minizinc-csp,,"{""intermediate_solutions"": true, ""time_limit_ms"": 300000}",ok,FEASIBLE,True,0.11572825250980437,0.115728252509805,True,161.881813655,32.0,1.0,261962.0,,270.619,OPTIMAL,7,1263,
arOrch_146588263_infrastructure_100|evolutionary-heuristics#seed4,arOrch,100,146588263,arOrch_146588263_infrastructure_100,evolutionary-heuristics,4,"{""algorithm"": ""NSGAII"", ""max_evaluations"": 1000, ""operators"": ""UNIFORM"", ""population_size"": 20, ""seed"": 4, ""time_budget_ms"": 300000}",ok,FEASIBLE,True,0.13760615895147477,0.13760615895147477,True,145.23767643500003,42.0,1.0,299992.0,1363649,304.667,,7,825,
arOrch_146588263_infrastructure_100|random-search#seed4,arOrch,100,146588263,arOrch_146588263_infrastructure_100,random-search,4,"{""iterations_count"": 1000, ""seed"": 4, ""time_budget_ms"": 300000}",ok,FEASIBLE,True,0.16052109158316064,0.16052109158316064,True,166.514225155,45.0,1.0,299993.0,1275750,305.112,,7,825,
arOrch_146588263_infrastructure_130|minizinc-csp,arOrch,130,146588263,arOrch_146588263_infrastructure_130,minizinc-csp,,"{""intermediate_solutions"": true, ""time_limit_ms"": 300000}",ok,FEASIBLE,True,0.11684043493206184,0.116840434932062,True,150.51907902,35.0,1.0,232661.0,,242.188,OPTIMAL,7,1095,
arOrch_146588263_infrastructure_135|minizinc-csp,arOrch,135,146588263,arOrch_146588263_infrastructure_135,minizinc-csp,,"{""intermediate_solutions"": true, ""time_limit_ms"": 300000}",ok,FEASIBLE,True,0.0990672618759715,0.0990672618759715,True,141.02650837,36.0,1.0,125836.0,,134.291,OPTIMAL,7,1296,
arOrch_146588263_infrastructure_100|evolutionary-heuristics#seed5,arOrch,100,146588263,arOrch_146588263_infrastructure_100,evolutionary-heuristics,5,"{""algorithm"": ""NSGAII"", ""max_evaluations"": 1000, ""operators"": ""UNIFORM"", ""population_size"": 20, ""seed"": 5, ""time_budget_ms"": 300000}",ok,FEASIBLE,True,0.1366863085622358,0.1366863085622358,True,149.828787245,32.0,1.0,300053.0,1844089,304.194,,7,825,
arOrch_146588263_infrastructure_100|random-search#seed5,arOrch,100,146588263,arOrch_146588263_infrastructure_100,random-search,5,"{""iterations_count"": 1000, ""seed"": 5, ""time_budget_ms"": 300000}",ok,FEASIBLE,True,0.16642506311600774,0.16642506311600774,True,179.31154207,32.5,1.0,300054.0,1759787,304.356,,7,825,
arOrch_146588263_infrastructure_140|minizinc-csp,arOrch,140,146588263,arOrch_146588263_infrastructure_140,minizinc-csp,,"{""intermediate_solutions"": true, ""time_limit_ms"": 300000}",ok,FEASIBLE,True,0.09901339892845809,0.0990133989284581,True,140.28210529499998,32.0,1.0,268732.0,,275.925,OPTIMAL,7,1253,
arOrch_146588263_infrastructure_100|evolutionary-heuristics#seed6,arOrch,100,146588263,arOrch_146588263_infrastructure_100,evolutionary-heuristics,6,"{""algorithm"": ""NSGAII"", ""max_evaluations"": 1000, ""operators"": ""UNIFORM"", ""population_size"": 20, ""seed"": 6, ""time_budget_ms"": 300000}",ok,FEASIBLE,True,0.1366863085622358,0.1366863085622358,True,149.828787245,32.0,1.0,300003.0,1655175,305.405,,7,825,
arOrch_146588263_infrastructure_100|random-search#seed6,arOrch,100,146588263,arOrch_146588263_infrastructure_100,random-search,6,"{""iterations_count"": 1000, ""seed"": 6, ""time_budget_ms"": 300000}",ok,FEASIBLE,True,0.3117516228386259,0.3117516228386259,True,153.57832341999998,39.0,0.66,300003.0,1553304,304.564,,7,825,
arOrch_146588263_infrastructure_145|minizinc-csp,arOrch,145,146588263,arOrch_146588263_infrastructure_145,minizinc-csp,,"{""intermediate_solutions"": true, ""time_limit_ms"": 300000}",ok,FEASIBLE,True,0.0982032491400146,0.0982032491400147,True,141.62574837,30.5,1.0,218856.0,,230.153,OPTIMAL,7,1244,
arOrch_146588263_infrastructure_100|evolutionary-heuristics#seed7,arOrch,100,146588263,arOrch_146588263_infrastructure_100,evolutionary-heuristics,7,"{""algorithm"": ""NSGAII"", ""max_evaluations"": 1000, ""operators"": ""UNIFORM"", ""population_size"": 20, ""seed"": 7, ""time_budget_ms"": 300000}",ok,FEASIBLE,True,0.1366863085622358,0.1366863085622358,True,149.828787245,32.0,1.0,300004.0,1683373,304.591,,7,825,
arOrch_146588263_infrastructure_100|random-search#seed7,arOrch,100,146588263,arOrch_146588263_infrastructure_100,random-search,7,"{""iterations_count"": 1000, ""seed"": 7, ""time_budget_ms"": 300000}",ok,FEASIBLE,True,0.17366406340987725,0.17366406340987725,True,182.42163309499998,40.0,1.0,300005.0,1605336,305.154,,7,825,
arOrch_146588263_infrastructure_150|minizinc-csp,arOrch,150,146588263,arOrch_146588263_infrastructure_150,minizinc-csp,,"{""intermediate_solutions"": true, ""time_limit_ms"": 300000}",ok,FEASIBLE,True,0.12729560426880226,0.127295604268803,True,152.66841576500002,31.5,1.0,301593.0,,309.235,SATISFIED,7,1501,
arOrch_146588263_infrastructure_100|evolutionary-heuristics#seed8,arOrch,100,146588263,arOrch_146588263_infrastructure_100,evolutionary-heuristics,8,"{""algorithm"": ""NSGAII"", ""max_evaluations"": 1000, ""operators"": ""UNIFORM"", ""population_size"": 20, ""seed"": 8, ""time_budget_ms"": 300000}",ok,FEASIBLE,True,0.13760615895147477,0.13760615895147477,True,145.23767643500003,42.0,1.0,300039.0,1869735,304.166,,7,825,
arOrch_146588263_infrastructure_100|random-search#seed8,arOrch,100,146588263,arOrch_146588263_infrastructure_100,random-search,8,"{""iterations_count"": 1000, ""seed"": 8, ""time_budget_ms"": 300000}",ok,FEASIBLE,True,0.1712072817896746,0.1712072817896746,True,181.61670408,37.0,1.0,300041.0,1769843,305.64,,7,825,
arOrch_146588263_infrastructure_155|minizinc-csp,arOrch,155,146588263,arOrch_146588263_infrastructure_155,minizinc-csp,,"{""intermediate_solutions"": true, ""time_limit_ms"": 300000}",ok,FEASIBLE,True,0.12964996207073987,0.12964996207074,True,176.69886437000002,43.0,1.0,301792.0,,313.175,SATISFIED,7,1706,
arOrch_146588263_infrastructure_100|evolutionary-heuristics#seed9,arOrch,100,146588263,arOrch_146588263_infrastructure_100,evolutionary-heuristics,9,"{""algorithm"": ""NSGAII"", ""max_evaluations"": 1000, ""operators"": ""UNIFORM"", ""population_size"": 20, ""seed"": 9, ""time_budget_ms"": 300000}",ok,FEASIBLE,True,0.13760615895147477,0.13760615895147477,True,145.23767643500003,42.0,1.0,300009.0,2040622,303.391,,7,825,
arOrch_146588263_infrastructure_100|random-search#seed9,arOrch,100,146588263,arOrch_146588263_infrastructure_100,random-search,9,"{""iterations_count"": 1000, ""seed"": 9, ""time_budget_ms"": 300000}",ok,FEASIBLE,True,0.16589057249702321,0.16589057249702321,True,173.81628946,41.5,1.0,300009.0,1905524,303.284,,7,825,
arOrch_146588263_infrastructure_160|minizinc-csp,arOrch,160,146588263,arOrch_146588263_infrastructure_160,minizinc-csp,,"{""intermediate_solutions"": true, ""time_limit_ms"": 300000}",ok,FEASIBLE,True,0.1338849453860339,0.133884945386034,True,146.29710588999998,38.0,1.0,301405.0,,307.827,SATISFIED,7,1406,
arOrch_146588263_infrastructure_100|evolutionary-heuristics#seed10,arOrch,100,146588263,arOrch_146588263_infrastructure_100,evolutionary-heuristics,10,"{""algorithm"": ""NSGAII"", ""max_evaluations"": 1000, ""operators"": ""UNIFORM"", ""population_size"": 20, ""seed"": 10, ""time_budget_ms"": 300000}",ok,FEASIBLE,True,0.13760615895147477,0.13760615895147477,True,145.23767643500003,42.0,1.0,300009.0,1897416,303.627,,7,825,
arOrch_146588263_infrastructure_100|random-search#seed10,arOrch,100,146588263,arOrch_146588263_infrastructure_100,random-search,10,"{""iterations_count"": 1000, ""seed"": 10, ""time_budget_ms"": 300000}",ok,FEASIBLE,True,0.16817969918336523,0.16817969918336523,True,176.38250154,41.0,1.0,300010.0,1767822,303.624,,7,825,
arOrch_146588263_infrastructure_165|minizinc-csp,arOrch,165,146588263,arOrch_146588263_infrastructure_165,minizinc-csp,,"{""intermediate_solutions"": true, ""time_limit_ms"": 300000}",ok,FEASIBLE,True,0.15381238212623355,0.153812382126234,True,213.788814795,33.5,1.0,301772.0,,309.183,SATISFIED,7,1486,
arOrch_146588263_infrastructure_105|evolutionary-heuristics#seed1,arOrch,105,146588263,arOrch_146588263_infrastructure_105,evolutionary-heuristics,1,"{""algorithm"": ""NSGAII"", ""max_evaluations"": 1000, ""operators"": ""UNIFORM"", ""population_size"": 20, ""seed"": 1, ""time_budget_ms"": 300000}",ok,FEASIBLE,True,0.11052860925188772,0.11052860925188772,True,146.820720525,33.0,1.0,300010.0,1898761,304.261,,7,833,
arOrch_146588263_infrastructure_105|random-search#seed1,arOrch,105,146588263,arOrch_146588263_infrastructure_105,random-search,1,"{""iterations_count"": 1000, ""seed"": 1, ""time_budget_ms"": 300000}",ok,FEASIBLE,True,0.13070204696442778,0.13070204696442778,True,166.74077849,42.0,1.0,300011.0,1790775,303.874,,7,833,
arOrch_146588263_infrastructure_170|minizinc-csp,arOrch,170,146588263,arOrch_146588263_infrastructure_170,minizinc-csp,,"{""intermediate_solutions"": true, ""time_limit_ms"": 300000}",ok,FEASIBLE,True,0.13767107751944943,0.13767107751945,True,196.484209125,36.0,1.0,301652.0,,309.518,SATISFIED,7,1696,
arOrch_146588263_infrastructure_105|evolutionary-heuristics#seed2,arOrch,105,146588263,arOrch_146588263_infrastructure_105,evolutionary-heuristics,2,"{""algorithm"": ""NSGAII"", ""max_evaluations"": 1000, ""operators"": ""UNIFORM"", ""population_size"": 20, ""seed"": 2, ""time_budget_ms"": 300000}",ok,FEASIBLE,True,0.11052860925188772,0.11052860925188772,True,146.820720525,33.0,1.0,300009.0,2194910,303.305,,7,833,
arOrch_146588263_infrastructure_105|random-search#seed2,arOrch,105,146588263,arOrch_146588263_infrastructure_105,random-search,2,"{""iterations_count"": 1000, ""seed"": 2, ""time_budget_ms"": 300000}",ok,FEASIBLE,True,0.1352690120723133,0.1352690120723133,True,174.901989995,39.0,1.0,300010.0,2083614,303.169,,7,833,
arOrch_146588263_infrastructure_175|minizinc-csp,arOrch,175,146588263,arOrch_146588263_infrastructure_175,minizinc-csp,,"{""intermediate_solutions"": true, ""time_limit_ms"": 300000}",ok,FEASIBLE,True,0.1289534242984934,0.128953424298494,True,154.36434132,32.0,1.0,301808.0,,311.296,SATISFIED,7,1913,
arOrch_146588263_infrastructure_105|evolutionary-heuristics#seed3,arOrch,105,146588263,arOrch_146588263_infrastructure_105,evolutionary-heuristics,3,"{""algorithm"": ""NSGAII"", ""max_evaluations"": 1000, ""operators"": ""UNIFORM"", ""population_size"": 20, ""seed"": 3, ""time_budget_ms"": 300000}",ok,FEASIBLE,True,0.11052860925188772,0.11052860925188772,True,146.820720525,33.0,1.0,300009.0,2196812,303.133,,7,833,
arOrch_146588263_infrastructure_105|random-search#seed3,arOrch,105,146588263,arOrch_146588263_infrastructure_105,random-search,3,"{""iterations_count"": 1000, ""seed"": 3, ""time_budget_ms"": 300000}",ok,FEASIBLE,True,0.13967778610035242,0.13967778610035242,True,178.50649975000002,42.0,1.0,300009.0,2117387,303.088,,7,833,
arOrch_146588263_infrastructure_180|minizinc-csp,arOrch,180,146588263,arOrch_146588263_infrastructure_180,minizinc-csp,,"{""intermediate_solutions"": true, ""time_limit_ms"": 300000}",ok,FEASIBLE,True,0.11105437748444974,0.11105437748445,True,142.78137842499999,39.0,1.0,300978.0,,306.92,SATISFIED,7,1306,
arOrch_146588263_infrastructure_105|evolutionary-heuristics#seed4,arOrch,105,146588263,arOrch_146588263_infrastructure_105,evolutionary-heuristics,4,"{""algorithm"": ""NSGAII"", ""max_evaluations"": 1000, ""operators"": ""UNIFORM"", ""population_size"": 20, ""seed"": 4, ""time_budget_ms"": 300000}",ok,FEASIBLE,True,0.11052860925188772,0.11052860925188772,True,146.820720525,33.0,1.0,299993.0,2182300,303.003,,7,833,
arOrch_146588263_infrastructure_105|random-search#seed4,arOrch,105,146588263,arOrch_146588263_infrastructure_105,random-search,4,"{""iterations_count"": 1000, ""seed"": 4, ""time_budget_ms"": 300000}",ok,FEASIBLE,True,0.12844281647233746,0.12844281647233746,True,166.316412545,38.5,1.0,299994.0,2064701,303.028,,7,833,
arOrch_146588263_infrastructure_185|minizinc-csp,arOrch,185,146588263,arOrch_146588263_infrastructure_185,minizinc-csp,,"{""intermediate_solutions"": true, ""time_limit_ms"": 300000}",ok,FEASIBLE,True,0.10798056198624854,0.107980561986249,True,160.004134765,40.0,1.0,301574.0,,311.732,SATISFIED,7,1696,
arOrch_146588263_infrastructure_105|evolutionary-heuristics#seed5,arOrch,105,146588263,arOrch_146588263_infrastructure_105,evolutionary-heuristics,5,"{""algorithm"": ""NSGAII"", ""max_evaluations"": 1000, ""operators"": ""UNIFORM"", ""population_size"": 20, ""seed"": 5, ""time_budget_ms"": 300000}",ok,FEASIBLE,True,0.11052860925188772,0.11052860925188772,True,146.820720525,33.0,1.0,300009.0,2138601,303.352,,7,833,
arOrch_146588263_infrastructure_105|random-search#seed5,arOrch,105,146588263,arOrch_146588263_infrastructure_105,random-search,5,"{""iterations_count"": 1000, ""seed"": 5, ""time_budget_ms"": 300000}",ok,FEASIBLE,True,0.296110695300948,0.296110695300948,True,166.94783086500001,38.0,0.66,300010.0,2025185,303.496,,7,833,
arOrch_146588263_infrastructure_190|minizinc-csp,arOrch,190,146588263,arOrch_146588263_infrastructure_190,minizinc-csp,,"{""intermediate_solutions"": true, ""time_limit_ms"": 300000}",ok,FEASIBLE,True,0.1206815527816581,0.120681552781659,True,181.233982215,34.0,1.0,301719.0,,311.433,SATISFIED,7,1856,
arOrch_146588263_infrastructure_105|evolutionary-heuristics#seed6,arOrch,105,146588263,arOrch_146588263_infrastructure_105,evolutionary-heuristics,6,"{""algorithm"": ""NSGAII"", ""max_evaluations"": 1000, ""operators"": ""UNIFORM"", ""population_size"": 20, ""seed"": 6, ""time_budget_ms"": 300000}",ok,FEASIBLE,True,0.11052860925188772,0.11052860925188772,True,146.820720525,33.0,1.0,300009.0,2156512,303.321,,7,833,
arOrch_146588263_infrastructure_105|random-search#seed6,arOrch,105,146588263,arOrch_146588263_infrastructure_105,random-search,6,"{""iterations_count"": 1000, ""seed"": 6, ""time_budget_ms"": 300000}",ok,FEASIBLE,True,0.13426102468911189,0.13426102468911189,True,169.59378966,44.5,1.0,300010.0,2038340,303.448,,7,833,
arOrch_146588263_infrastructure_195|minizinc-csp,arOrch,195,146588263,arOrch_146588263_infrastructure_195,minizinc-csp,,"{""intermediate_solutions"": true, ""time_limit_ms"": 300000}",ok,FEASIBLE,True,0.2829907015862607,0.282990701586261,True,169.28347674499997,37.0,0.66,301502.0,,311.121,SATISFIED,7,1681,
arOrch_146588263_infrastructure_105|evolutionary-heuristics#seed7,arOrch,105,146588263,arOrch_146588263_infrastructure_105,evolutionary-heuristics,7,"{""algorithm"": ""NSGAII"", ""max_evaluations"": 1000, ""operators"": ""UNIFORM"", ""population_size"": 20, ""seed"": 7, ""time_budget_ms"": 300000}",ok,FEASIBLE,True,0.11052860925188772,0.11052860925188772,True,146.820720525,33.0,1.0,299993.0,2212990,303.26,,7,833,
arOrch_146588263_infrastructure_105|random-search#seed7,arOrch,105,146588263,arOrch_146588263_infrastructure_105,random-search,7,"{""iterations_count"": 1000, ""seed"": 7, ""time_budget_ms"": 300000}",ok,FEASIBLE,True,0.13215277503203116,0.13215277503203116,True,169.72977975,40.5,1.0,299993.0,2118044,303.309,,7,833,
arOrch_146588263_infrastructure_200|minizinc-csp,arOrch,200,146588263,arOrch_146588263_infrastructure_200,minizinc-csp,,"{""intermediate_solutions"": true, ""time_limit_ms"": 300000}",ok,FEASIBLE,True,0.09979235372904717,0.0997923537290472,True,140.506980885,35.5,1.0,302246.0,,313.097,SATISFIED,7,2289,
arOrch_146588263_infrastructure_105|evolutionary-heuristics#seed8,arOrch,105,146588263,arOrch_146588263_infrastructure_105,evolutionary-heuristics,8,"{""algorithm"": ""NSGAII"", ""max_evaluations"": 1000, ""operators"": ""UNIFORM"", ""population_size"": 20, ""seed"": 8, ""time_budget_ms"": 300000}",ok,FEASIBLE,True,0.11052860925188772,0.11052860925188772,True,146.820720525,33.0,1.0,300009.0,2253241,303.095,,7,833,
arOrch_146588263_infrastructure_105|random-search#seed8,arOrch,105,146588263,arOrch_146588263_infrastructure_105,random-search,8,"{""iterations_count"": 1000, ""seed"": 8, ""time_budget_ms"": 300000}",ok,FEASIBLE,True,0.1390211814731468,0.1390211814731468,True,177.64579882,42.0,1.0,300010.0,2142895,303.147,,7,833,
arOrch_146588263_infrastructure_205|minizinc-csp,arOrch,205,146588263,arOrch_146588263_infrastructure_205,minizinc-csp,,"{""intermediate_solutions"": true, ""time_limit_ms"": 300000}",ok,FEASIBLE,True,0.12009800180053681,0.120098001800537,True,161.86196597499998,31.5,1.0,302344.0,,313.357,SATISFIED,7,2314,
arOrch_146588263_infrastructure_105|evolutionary-heuristics#seed9,arOrch,105,146588263,arOrch_146588263_infrastructure_105,evolutionary-heuristics,9,"{""algorithm"": ""NSGAII"", ""max_evaluations"": 1000, ""operators"": ""UNIFORM"", ""population_size"": 20, ""seed"": 9, ""time_budget_ms"": 300000}",ok,FEASIBLE,True,0.11052860925188772,0.11052860925188772,True,146.820720525,33.0,1.0,300009.0,2280630,303.179,,7,833,
arOrch_146588263_infrastructure_105|random-search#seed9,arOrch,105,146588263,arOrch_146588263_infrastructure_105,random-search,9,"{""iterations_count"": 1000, ""seed"": 9, ""time_budget_ms"": 300000}",ok,FEASIBLE,True,0.286880848625596,0.286880848625596,True,154.849016315,38.0,0.66,300009.0,2170511,303.252,,7,833,
arOrch_146588263_infrastructure_210|minizinc-csp,arOrch,210,146588263,arOrch_146588263_infrastructure_210,minizinc-csp,,"{""intermediate_solutions"": true, ""time_limit_ms"": 300000}",ok,FEASIBLE,True,0.11439632770538422,0.114396327705385,True,166.17831063999998,41.0,1.0,301246.0,,309.296,SATISFIED,7,1614,
arOrch_146588263_infrastructure_105|evolutionary-heuristics#seed10,arOrch,105,146588263,arOrch_146588263_infrastructure_105,evolutionary-heuristics,10,"{""algorithm"": ""NSGAII"", ""max_evaluations"": 1000, ""operators"": ""UNIFORM"", ""population_size"": 20, ""seed"": 10, ""time_budget_ms"": 300000}",ok,FEASIBLE,True,0.11052860925188772,0.11052860925188772,True,146.820720525,33.0,1.0,299934.0,2237491,302.97,,7,833,
arOrch_146588263_infrastructure_105|random-search#seed10,arOrch,105,146588263,arOrch_146588263_infrastructure_105,random-search,10,"{""iterations_count"": 1000, ""seed"": 10, ""time_budget_ms"": 300000}",ok,FEASIBLE,True,0.13979157107626672,0.13979157107626672,True,177.20587344999998,44.0,1.0,299934.0,2112921,303.01,,7,833,
arOrch_146588263_infrastructure_215|minizinc-csp,arOrch,215,146588263,arOrch_146588263_infrastructure_215,minizinc-csp,,"{""intermediate_solutions"": true, ""time_limit_ms"": 300000}",ok,FEASIBLE,True,0.16089119026171897,0.160891190261719,True,179.39112838499997,42.0,1.0,302049.0,,313.372,SATISFIED,7,2139,
arOrch_146588263_infrastructure_110|evolutionary-heuristics#seed1,arOrch,110,146588263,arOrch_146588263_infrastructure_110,evolutionary-heuristics,1,"{""algorithm"": ""NSGAII"", ""max_evaluations"": 1000, ""operators"": ""UNIFORM"", ""population_size"": 20, ""seed"": 1, ""time_budget_ms"": 300000}",ok,FEASIBLE,True,0.11379752782116878,0.11379752782116878,True,158.851832895,40.0,1.0,300004.0,1874682,304.841,,7,1170,
arOrch_146588263_infrastructure_110|random-search#seed1,arOrch,110,146588263,arOrch_146588263_infrastructure_110,random-search,1,"{""iterations_count"": 1000, ""seed"": 1, ""time_budget_ms"": 300000}",ok,FEASIBLE,True,0.13225695528970832,0.13225695528970832,True,182.766562595,43.0,1.0,300004.0,1711545,305.284,,7,1170,
arOrch_146588263_infrastructure_220|minizinc-csp,arOrch,220,146588263,arOrch_146588263_infrastructure_220,minizinc-csp,,"{""intermediate_solutions"": true, ""time_limit_ms"": 300000}",ok,FEASIBLE,True,0.1269584819240172,0.126958481924018,True,186.19437933499998,41.0,1.0,302184.0,,311.3,SATISFIED,7,1738,
arOrch_146588263_infrastructure_50|minizinc-csp,arOrch,50,146588263,arOrch_146588263_infrastructure_50,minizinc-csp,,"{""intermediate_solutions"": true, ""time_limit_ms"": 300000}",ok,FEASIBLE,True,0.16184792642799756,0.161847926427998,True,189.992391075,28.0,1.0,35854.0,,38.66,OPTIMAL,7,564,
arOrch_146588263_infrastructure_55|minizinc-csp,arOrch,55,146588263,arOrch_146588263_infrastructure_55,minizinc-csp,,"{""intermediate_solutions"": true, ""time_limit_ms"": 300000}",ok,FEASIBLE,True,0.15456136146062388,0.154561361460624,True,171.07478213,32.0,1.0,8833.0,,11.998,OPTIMAL,7,584,
arOrch_146588263_infrastructure_60|minizinc-csp,arOrch,60,146588263,arOrch_146588263_infrastructure_60,minizinc-csp,,"{""intermediate_solutions"": true, ""time_limit_ms"": 300000}",ok,FEASIBLE,True,0.14592469300148148,0.145924693001482,True,146.66901847,40.0,1.0,6144.0,,10.269,OPTIMAL,7,638,
arOrch_146588263_infrastructure_110|evolutionary-heuristics#seed2,arOrch,110,146588263,arOrch_146588263_infrastructure_110,evolutionary-heuristics,2,"{""algorithm"": ""NSGAII"", ""max_evaluations"": 1000, ""operators"": ""UNIFORM"", ""population_size"": 20, ""seed"": 2, ""time_budget_ms"": 300000}",ok,FEASIBLE,True,0.11379752782116878,0.11379752782116878,True,158.851832895,40.0,1.0,300004.0,1840226,304.715,,7,1170,
arOrch_146588263_infrastructure_65|minizinc-csp,arOrch,65,146588263,arOrch_146588263_infrastructure_65,minizinc-csp,,"{""intermediate_solutions"": true, ""time_limit_ms"": 300000}",ok,FEASIBLE,True,0.14036195750739394,0.140361957507394,True,165.31859608,45.0,1.0,16471.0,,21.519,OPTIMAL,7,743,
arOrch_146588263_infrastructure_110|random-search#seed2,arOrch,110,146588263,arOrch_146588263_infrastructure_110,random-search,2,"{""iterations_count"": 1000, ""seed"": 2, ""time_budget_ms"": 300000}",ok,FEASIBLE,True,0.1300800161041982,0.1300800161041982,True,180.45494893,42.0,1.0,300006.0,1666583,304.742,,7,1170,
arOrch_146588263_infrastructure_70|minizinc-csp,arOrch,70,146588263,arOrch_146588263_infrastructure_70,minizinc-csp,,"{""intermediate_solutions"": true, ""time_limit_ms"": 300000}",ok,FEASIBLE,True,0.15369757814504792,0.153697578145048,True,161.056854435,37.0,1.0,5246.0,,8.911,OPTIMAL,7,474,
arOrch_146588263_infrastructure_75|minizinc-csp,arOrch,75,146588263,arOrch_146588263_infrastructure_75,minizinc-csp,,"{""intermediate_solutions"": true, ""time_limit_ms"": 300000}",ok,FEASIBLE,True,0.13907108562111672,0.139071085621117,True,152.934957085,39.5,1.0,35733.0,,39.177,OPTIMAL,7,801,
arOrch_146588263_infrastructure_80|minizinc-csp,arOrch,80,146588263,arOrch_146588263_infrastructure_80,minizinc-csp,,"{""intermediate_solutions"": true, ""time_limit_ms"": 300000}",ok,FEASIBLE,True,0.12853550279489906,0.1285355027949,True,165.51071035500001,40.0,1.0,17249.0,,21.604,OPTIMAL,7,711,
arOrch_146588263_infrastructure_85|minizinc-csp,arOrch,85,146588263,arOrch_146588263_infrastructure_85,minizinc-csp,,"{""intermediate_solutions"": true, ""time_limit_ms"": 300000}",ok,FEASIBLE,True,0.17502997322014102,0.175029973220141,True,195.02609535499997,38.0,1.0,146515.0,,153.843,OPTIMAL,7,1034,
arOrch_146588263_infrastructure_90|minizinc-csp,arOrch,90,146588263,arOrch_146588263_infrastructure_90,minizinc-csp,,"{""intermediate_solutions"": true, ""time_limit_ms"": 300000}",ok,FEASIBLE,True,0.10965443393049401,0.109654433930494,True,153.426796095,37.0,1.0,10675.0,,18.518,OPTIMAL,7,894,
arOrch_146588263_infrastructure_95|minizinc-csp,arOrch,95,146588263,arOrch_146588263_infrastructure_95,minizinc-csp,,"{""intermediate_solutions"": true, ""time_limit_ms"": 300000}",ok,FEASIBLE,True,0.12419937891316106,0.124199378913162,True,146.00054128,44.0,1.0,23499.0,,28.591,OPTIMAL,7,1016,
mediaOrch_146588263_infrastructure_100|minizinc-csp,mediaOrch,100,146588263,mediaOrch_146588263_infrastructure_100,minizinc-csp,,"{""intermediate_solutions"": true, ""time_limit_ms"": 300000}",ok,FEASIBLE,True,0.01920645085030797,0.019206450850308,True,1.7017166,34.0,1.0,1072.0,,4.443,OPTIMAL,5,650,
mediaOrch_146588263_infrastructure_105|minizinc-csp,mediaOrch,105,146588263,mediaOrch_146588263_infrastructure_105,minizinc-csp,,"{""intermediate_solutions"": true, ""time_limit_ms"": 300000}",ok,FEASIBLE,True,0.02101393052667211,0.0210139305266722,True,1.26844236,38.0,1.0,1383.0,,4.878,OPTIMAL,5,793,
mediaOrch_146588263_infrastructure_110|minizinc-csp,mediaOrch,110,146588263,mediaOrch_146588263_infrastructure_110,minizinc-csp,,"{""intermediate_solutions"": true, ""time_limit_ms"": 300000}",ok,FEASIBLE,True,0.02046093235491758,0.0204609323549176,True,1.26844236,37.0,1.0,1898.0,,5.456,OPTIMAL,5,882,
mediaOrch_146588263_infrastructure_115|minizinc-csp,mediaOrch,115,146588263,mediaOrch_146588263_infrastructure_115,minizinc-csp,,"{""intermediate_solutions"": true, ""time_limit_ms"": 300000}",ok,FEASIBLE,True,0.021124055818717197,0.0211240558187172,True,1.26844236,38.0,1.0,1746.0,,5.605,OPTIMAL,5,966,
mediaOrch_146588263_infrastructure_120|minizinc-csp,mediaOrch,120,146588263,mediaOrch_146588263_infrastructure_120,minizinc-csp,,"{""intermediate_solutions"": true, ""time_limit_ms"": 300000}",ok,FEASIBLE,True,0.020881687214074348,0.0208816872140744,True,1.7017166,37.0,1.0,2001.9999999999998,,5.85,OPTIMAL,5,996,
arOrch_146588263_infrastructure_110|evolutionary-heuristics#seed3,arOrch,110,146588263,arOrch_146588263_infrastructure_110,evolutionary-heuristics,3,"{""algorithm"": ""NSGAII"", ""max_evaluations"": 1000, ""operators"": ""UNIFORM"", ""population_size"": 20, ""seed"": 3, ""time_budget_ms"": 300000}",ok,FEASIBLE,True,0.11379752782116878,0.11379752782116878,True,158.851832895,40.0,1.0,300046.0,1794246,305.465,,7,1170,
arOrch_146588263_infrastructure_110|random-search#seed3,arOrch,110,146588263,arOrch_146588263_infrastructure_110,random-search,3,"{""iterations_count"": 1000, ""seed"": 3, ""time_budget_ms"": 300000}",ok,FEASIBLE,True,0.28916492146124795,0.28916492146124795,True,168.529519765,42.0,0.66,300046.0,1628659,304.515,,7,1170,
mediaOrch_146588263_infrastructure_125|minizinc-csp,mediaOrch,125,146588263,mediaOrch_146588263_infrastructure_125,minizinc-csp,,"{""intermediate_solutions"": true, ""time_limit_ms"": 300000}",ok,FEASIBLE,True,0.0210249172077435,0.0210249172077435,True,1.7017166,37.0,1.0,13713.0,,18.606,OPTIMAL,5,987,
mediaOrch_146588263_infrastructure_130|minizinc-csp,mediaOrch,130,146588263,mediaOrch_146588263_infrastructure_130,minizinc-csp,,"{""intermediate_solutions"": true, ""time_limit_ms"": 300000}",ok,FEASIBLE,True,0.0204484935773978,0.0204484935773978,True,1.26844236,37.0,1.0,1786.0,,5.693,OPTIMAL,5,827,
mediaOrch_146588263_infrastructure_135|minizinc-csp,mediaOrch,135,146588263,mediaOrch_146588263_infrastructure_135,minizinc-csp,,"{""intermediate_solutions"": true, ""time_limit_ms"": 300000}",ok,FEASIBLE,True,0.02149505515795155,0.0214950551579516,True,1.7017166,38.0,1.0,2528.0,,9.178,OPTIMAL,5,1043,
mediaOrch_146588263_infrastructure_140|minizinc-csp,mediaOrch,140,146588263,mediaOrch_146588263_infrastructure_140,minizinc-csp,,"{""intermediate_solutions"": true, ""time_limit_ms"": 300000}",ok,FEASIBLE,True,0.020934961385513807,0.0209349613855139,True,1.26844236,38.0,1.0,2472.0,,9.151,OPTIMAL,5,1041,
mediaOrch_146588263_infrastructure_145|minizinc-csp,mediaOrch,145,146588263,mediaOrch_146588263_infrastructure_145,minizinc-csp,,"{""intermediate_solutions"": true, ""time_limit_ms"": 300000}",ok,FEASIBLE,True,0.021556530801205412,0.0215565308012055,True,1.7017166,38.0,1.0,3396.0,,8.946,OPTIMAL,5,1095,
mediaOrch_146588263_infrastructure_150|minizinc-csp,mediaOrch,150,146588263,mediaOrch_146588263_infrastructure_150,minizinc-csp,,"{""intermediate_solutions"": true, ""time_limit_ms"": 300000}",ok,FEASIBLE,True,0.020604604226222015,0.0206046042262221,True,1.26844236,37.0,1.0,1926.0,,6.309,OPTIMAL,5,913,
mediaOrch_146588263_infrastructure_155|minizinc-csp,mediaOrch,155,146588263,mediaOrch_146588263_infrastructure_155,minizinc-csp,,"{""intermediate_solutions"": true, ""time_limit_ms"": 300000}",ok,FEASIBLE,True,0.021462395779381856,0.0214623957793819,True,1.7017166,38.0,1.0,2712.0,,9.301,OPTIMAL,5,1215,
mediaOrch_146588263_infrastructure_160|minizinc-csp,mediaOrch,160,146588263,mediaOrch_146588263_infrastructure_160,minizinc-csp,,"{""intermediate_solutions"": true, ""time_limit_ms"": 300000}",ok,FEASIBLE,True,0.022117258331252863,0.0221172583312529,True,1.26844236,40.0,1.0,2582.0,,9.106,OPTIMAL,5,1212,
mediaOrch_146588263_infrastructure_165|minizinc-csp,mediaOrch,165,146588263,mediaOrch_146588263_infrastructure_165,minizinc-csp,,"{""intermediate_solutions"": true, ""time_limit_ms"": 300000}",ok,FEASIBLE,True,0.020546838714888636,0.0205468387148887,True,1.26844236,37.0,1.0,2160.0,,8.771,OPTIMAL,5,1042,
mediaOrch_146588263_infrastructure_170|minizinc-csp,mediaOrch,170,146588263,mediaOrch_146588263_infrastructure_170,minizinc-csp,,"{""intermediate_solutions"": true, ""time_limit_ms"": 300000}",ok,FEASIBLE,True,0.020918826944249822,0.0209188269442499,True,1.26844236,38.0,1.0,3216.0,,9.604,OPTIMAL,5,1330,
mediaOrch_146588263_infrastructure_175|minizinc-csp,mediaOrch,175,146588263,mediaOrch_146588263_infrastructure_175,minizinc-csp,,"{""intermediate_solutions"": true, ""time_limit_ms"": 300000}",ok,FEASIBLE,True,0.020444618420352476,0.0204446184203525,True,1.7017166,36.0,1.0,3236.0,,9.827,OPTIMAL,5,1296,
mediaOrch_146588263_infrastructure_180|minizinc-csp,mediaOrch,180,146588263,mediaOrch_146588263_infrastructure_180,minizinc-csp,,"{""intermediate_solutions"": true, ""time_limit_ms"": 300000}",ok,FEASIBLE,True,0.02094832391154915,0.0209483239115492,True,1.7017166,37.0,1.0,2924.0,,9.129,OPTIMAL,5,1094,
mediaOrch_146588263_infrastructure_185|minizinc-csp,mediaOrch,185,146588263,mediaOrch_146588263_infrastructure_185,minizinc-csp,,"{""intermediate_solutions"": true, ""time_limit_ms"": 300000}",ok,FEASIBLE,True,0.021507496707865698,0.0215074967078657,True,1.26844236,39.0,1.0,5118.0,,12.255,OPTIMAL,5,1383,
mediaOrch_146588263_infrastructure_190|minizinc-csp,mediaOrch,190,146588263,mediaOrch_146588263_infrastructure_190,minizinc-csp,,"{""intermediate_solutions"": true, ""time_limit_ms"": 300000}",ok,FEASIBLE,True,0.02193289718069622,0.0219328971806963,True,1.7017166,39.0,1.0,4394.0,,12.533,OPTIMAL,5,1350,
mediaOrch_146588263_infrastructure_195|minizinc-csp,mediaOrch,195,146588263,mediaOrch_146588263_infrastructure_195,minizinc-csp,,"{""intermediate_solutions"": true, ""time_limit_ms"": 300000}",ok,FEASIBLE,True,0.020362522951615246,0.0203625229516153,True,1.26844236,37.0,1.0,2807.0,,9.866,OPTIMAL,5,1142,
mediaOrch_146588263_infrastructure_200|minizinc-csp,mediaOrch,200,146588263,mediaOrch_146588263_infrastructure_200,minizinc-csp,,"{""intermediate_solutions"": true, ""time_limit_ms"": 300000}",ok,FEASIBLE,True,0.020362522951615246,0.0203625229516153,True,1.26844236,37.0,1.0,6050.0,,13.005,OPTIMAL,5,1520,
mediaOrch_146588263_infrastructure_205|minizinc-csp,mediaOrch,205,146588263,mediaOrch_146588263_infrastructure_205,minizinc-csp,,"{""intermediate_solutions"": true, ""time_limit_ms"": 300000}",ok,FEASIBLE,True,0.020951172799389673,0.0209511727993897,True,1.7017166,37.0,1.0,4662.0,,13.813,OPTIMAL,5,1613,
mediaOrch_146588263_infrastructure_210|minizinc-csp,mediaOrch,210,146588263,mediaOrch_146588263_infrastructure_210,minizinc-csp,,"{""intermediate_solutions"": true, ""time_limit_ms"": 300000}",ok,FEASIBLE,True,0.021404281325278846,0.0214042813252789,True,1.7017166,38.0,1.0,3466.0,,10.632,OPTIMAL,5,1387,
mediaOrch_146588263_infrastructure_215|minizinc-csp,mediaOrch,215,146588263,mediaOrch_146588263_infrastructure_215,minizinc-csp,,"{""intermediate_solutions"": true, ""time_limit_ms"": 300000}",ok,FEASIBLE,True,0.02042396880702946,0.0204239688070295,True,1.26844236,37.0,1.0,4277.0,,13.363,OPTIMAL,5,1376,
mediaOrch_146588263_infrastructure_220|minizinc-csp,mediaOrch,220,146588263,mediaOrch_146588263_infrastructure_220,minizinc-csp,,"{""intermediate_solutions"": true, ""time_limit_ms"": 300000}",ok,FEASIBLE,True,0.02036106284414532,0.0203610628441454,True,1.26844236,37.0,1.0,4032.0,,11.81,OPTIMAL,5,1575,
mediaOrch_146588263_infrastructure_50|minizinc-csp,mediaOrch,50,146588263,mediaOrch_146588263_infrastructure_50,minizinc-csp,,"{""intermediate_solutions"": true, ""time_limit_ms"": 300000}",ok,FEASIBLE,True,0.02037444933920705,0.0203744493392071,True,1.26844236,37.0,1.0,2099.0,,5.887,OPTIMAL,5,540,
mediaOrch_146588263_infrastructure_55|minizinc-csp,mediaOrch,55,146588263,mediaOrch_146588263_infrastructure_55,minizinc-csp,,"{""intermediate_solutions"": true, ""time_limit_ms"": 300000}",ok,FEASIBLE,True,0.021480968396104385,0.0214809683961044,True,1.26844236,39.0,1.0,744.0,,3.863,OPTIMAL,5,499,
mediaOrch_146588263_infrastructure_60|minizinc-csp,mediaOrch,60,146588263,mediaOrch_146588263_infrastructure_60,minizinc-csp,,"{""intermediate_solutions"": true, ""time_limit_ms"": 300000}",ok,FEASIBLE,True,0.019963836551969833,0.0199638365519699,True,1.26844236,36.0,1.0,965.0,,4.012,OPTIMAL,5,527,
mediaOrch_146588263_infrastructure_65|minizinc-csp,mediaOrch,65,146588263,mediaOrch_146588263_infrastructure_65,minizinc-csp,,"{""intermediate_solutions"": true, ""time_limit_ms"": 300000}",ok,FEASIBLE,True,0.019967259073505734,0.0199672590735058,True,1.26844236,36.0,1.0,782.0,,3.994,OPTIMAL,5,508,
mediaOrch_146588263_infrastructure_70|minizinc-csp,mediaOrch,70,146588263,mediaOrch_146588263_infrastructure_70,minizinc-csp,,"{""intermediate_solutions"": true, ""time_limit_ms"": 300000}",ok,FEASIBLE,True,0.020230522774975272,0.0202305227749753,True,5.675009749999999,21.201,1.0,895.0,,3.704,OPTIMAL,5,496,
mediaOrch_146588263_infrastructure_75|minizinc-csp,mediaOrch,75,146588263,mediaOrch_146588263_infrastructure_75,minizinc-csp,,"{""intermediate_solutions"": true, ""time_limit_ms"": 300000}",ok,FEASIBLE,True,0.02171946617703643,0.0217194661770365,True,1.26844236,39.0,1.0,5849.0,,8.71,OPTIMAL,5,726,
mediaOrch_146588263_infrastructure_80|minizinc-csp,mediaOrch,80,146588263,mediaOrch_146588263_infrastructure_80,minizinc-csp,,"{""intermediate_solutions"": true, ""time_limit_ms"": 300000}",ok,FEASIBLE,True,0.021537682534485132,0.0215376825344852,True,1.7017166,38.0,1.0,1165.0,,4.283,OPTIMAL,5,701,
mediaOrch_146588263_infrastructure_85|minizinc-csp,mediaOrch,85,146588263,mediaOrch_146588263_infrastructure_85,minizinc-csp,,"{""intermediate_solutions"": true, ""time_limit_ms"": 300000}",ok,FEASIBLE,True,0.021329502452806962,0.021329502452807,True,1.7017166,37.0,1.0,1291.0,,4.707,OPTIMAL,5,744,
mediaOrch_146588263_infrastructure_90|minizinc-csp,mediaOrch,90,146588263,mediaOrch_146588263_infrastructure_90,minizinc-csp,,"{""intermediate_solutions"": true, ""time_limit_ms"": 300000}",ok,FEASIBLE,True,0.022334798631485974,0.022334798631486,True,1.26844236,40.0,1.0,1237.0,,4.753,OPTIMAL,5,729,
mediaOrch_146588263_infrastructure_95|minizinc-csp,mediaOrch,95,146588263,mediaOrch_146588263_infrastructure_95,minizinc-csp,,"{""intermediate_solutions"": true, ""time_limit_ms"": 300000}",ok,FEASIBLE,True,0.02163119732963121,0.0216311973296313,True,1.26844236,39.0,1.0,1394.0,,4.961,OPTIMAL,5,792,
stockOrch_146588263_infrastructure_100|minizinc-csp,stockOrch,100,146588263,stockOrch_146588263_infrastructure_100,minizinc-csp,,"{""intermediate_solutions"": true, ""time_limit_ms"": 300000}",ok,FEASIBLE,True,0.09010369041194866,0.0901036904119486,True,88.43531389,31.0,1.0,2573.0,,5.859,OPTIMAL,5,388,
stockOrch_146588263_infrastructure_105|minizinc-csp,stockOrch,105,146588263,stockOrch_146588263_infrastructure_105,minizinc-csp,,"{""intermediate_solutions"": true, ""time_limit_ms"": 300000}",ok,FEASIBLE,True,0.08470520587162175,0.0847052058716217,True,81.86526103,31.0,1.0,5611.0,,8.585,OPTIMAL,5,634,
stockOrch_146588263_infrastructure_110|minizinc-csp,stockOrch,110,146588263,stockOrch_146588263_infrastructure_110,minizinc-csp,,"{""intermediate_solutions"": true, ""time_limit_ms"": 300000}",ok,FEASIBLE,True,0.08930550621429623,0.0893055062142962,True,70.78272050000001,52.168,1.0,3791.0,,6.897,OPTIMAL,5,653,
stockOrch_146588263_infrastructure_115|minizinc-csp,stockOrch,115,146588263,stockOrch_146588263_infrastructure_115,minizinc-csp,,"{""intermediate_solutions"": true, ""time_limit_ms"": 300000}",ok,FEASIBLE,True,0.11476151259580467,0.114761512595805,True,90.72459989,33.0,1.0,1382.0,,4.671,OPTIMAL,5,473,
stockOrch_146588263_infrastructure_120|minizinc-csp,stockOrch,120,146588263,stockOrch_146588263_infrastructure_120,minizinc-csp,,"{""intermediate_solutions"": true, ""time_limit_ms"": 300000}",ok,FEASIBLE,True,0.07286329353225422,0.0728632935322542,True,78.28624198,36.0,1.0,15784.0,,19.023,OPTIMAL,5,617,
arOrch_146588263_infrastructure_110|evolutionary-heuristics#seed4,arOrch,110,146588263,arOrch_146588263_infrastructure_110,evolutionary-heuristics,4,"{""algorithm"": ""NSGAII"", ""max_evaluations"": 1000, ""operators"": ""UNIFORM"", ""population_size"": 20, ""seed"": 4, ""time_budget_ms"": 300000}",ok,FEASIBLE,True,0.11379752782116878,0.11379752782116878,True,158.851832895,40.0,1.0,300009.0,1942952,305.369,,7,1170,
stockOrch_146588263_infrastructure_125|minizinc-csp,stockOrch,125,146588263,stockOrch_146588263_infrastructure_125,minizinc-csp,,"{""intermediate_solutions"": true, ""time_limit_ms"": 300000}",ok,FEASIBLE,True,0.0768764270629621,0.0768764270629621,True,65.81659542,35.295,1.0,2716.0,,8.761,OPTIMAL,5,468,
arOrch_146588263_infrastructure_110|random-search#seed4,arOrch,110,146588263,arOrch_146588263_infrastructure_110,random-search,4,"{""iterations_count"": 1000, ""seed"": 4, ""time_budget_ms"": 300000}",ok,FEASIBLE,True,0.13047663028527848,0.13047663028527848,True,181.806683305,41.0,1.0,300009.0,1754863,304.934,,7,1170,
stockOrch_146588263_infrastructure_130|minizinc-csp,stockOrch,130,146588263,stockOrch_146588263_infrastructure_130,minizinc-csp,,"{""intermediate_solutions"": true, ""time_limit_ms"": 300000}",ok,FEASIBLE,True,0.08876365799608534,0.0887636579960853,True,90.61369035999999,24.0,1.0,15124.0,,20.296,OPTIMAL,5,650,
stockOrch_146588263_infrastructure_135|minizinc-csp,stockOrch,135,146588263,stockOrch_146588263_infrastructure_135,minizinc-csp,,"{""intermediate_solutions"": true, ""time_limit_ms"": 300000}",ok,FEASIBLE,True,0.0911167358152507,0.0911167358152507,True,67.66605287000002,59.757000000000005,1.0,10497.0,,15.982,OPTIMAL,5,766,
stockOrch_146588263_infrastructure_140|minizinc-csp,stockOrch,140,146588263,stockOrch_146588263_infrastructure_140,minizinc-csp,,"{""intermediate_solutions"": true, ""time_limit_ms"": 300000}",ok,FEASIBLE,True,0.07532434937492488,0.0753243493749249,True,62.30762323999999,42.793,1.0,6946.0,,11.932,OPTIMAL,5,799,
stockOrch_146588263_infrastructure_145|minizinc-csp,stockOrch,145,146588263,stockOrch_146588263_infrastructure_145,minizinc-csp,,"{""intermediate_solutions"": true, ""time_limit_ms"": 300000}",ok,FEASIBLE,True,0.0775049903604272,0.0775049903604272,True,82.49317599,28.0,1.0,9466.0,,13.72,OPTIMAL,5,698,
stockOrch_146588263_infrastructure_150|minizinc-csp,stockOrch,150,146588263,stockOrch_146588263_infrastructure_150,minizinc-csp,,"{""intermediate_solutions"": true, ""time_limit_ms"": 300000}",ok,FEASIBLE,True,0.07966072420906013,0.0796607242090602,True,58.559491900000005,45.793,1.0,3506.0,,7.674,OPTIMAL,5,714,
stockOrch_146588263_infrastructure_155|minizinc-csp,stockOrch,155,146588263,stockOrch_146588263_infrastructure_155,minizinc-csp,,"{""intermediate_solutions"": true, ""time_limit_ms"": 300000}",ok,FEASIBLE,True,0.08129480954739463,0.0812948095473946,True,57.847283700000006,51.074,1.0,5332.0,,10.109,OPTIMAL,5,775,
stockOrch_146588263_infrastructure_160|minizinc-csp,stockOrch,160,146588263,stockOrch_146588263_infrastructure_160,minizinc-csp,,"{""intermediate_solutions"": true, ""time_limit_ms"": 300000}",ok,FEASIBLE,True,0.09421868253640096,0.0942186825364009,True,77.91199415,41.0,1.0,13210.0,,18.154,OPTIMAL,5,767,
stockOrch_146588263_infrastructure_165|minizinc-csp,stockOrch,165,146588263,stockOrch_146588263_infrastructure_165,minizinc-csp,,"{""intermediate_solutions"": true, ""time_limit_ms"": 300000}",ok,FEASIBLE,True,0.08972004597189584,0.0897200459718958,True,97.3229865,26.0,1.0,31943.0,,36.316,OPTIMAL,5,658,
stockOrch_146588263_infrastructure_170|minizinc-csp,stockOrch,170,146588263,stockOrch_146588263_infrastructure_170,minizinc-csp,,"{""intermediate_solutions"": true, ""time_limit_ms"": 300000}",ok,FEASIBLE,True,0.07244473732158424,0.0724447373215842,True,57.847283700000006,47.074,1.0,5870.0,,11.511,OPTIMAL,5,788,
stockOrch_146588263_infrastructure_175|minizinc-csp,stockOrch,175,146588263,stockOrch_146588263_infrastructure_175,minizinc-csp,,"{""intermediate_solutions"": true, ""time_limit_ms"": 300000}",ok,FEASIBLE,True,0.08985480376807911,0.0898548037680791,True,84.6280508,25.0,1.0,23627.0,,28.782,OPTIMAL,5,803,
stockOrch_146588263_infrastructure_180|minizinc-csp,stockOrch,180,146588263,stockOrch_146588263_infrastructure_180,minizinc-csp,,"{""intermediate_solutions"": true, ""time_limit_ms"": 300000}",ok,FEASIBLE,True,0.08088105186546697,0.080881051865467,True,80.756001,41.0,1.0,40811.0,,47.005,OPTIMAL,5,884,
stockOrch_146588263_infrastructure_185|minizinc-csp,stockOrch,185,146588263,stockOrch_146588263_infrastructure_185,minizinc-csp,,"{""intermediate_solutions"": true, ""time_limit_ms"": 300000}",ok,FEASIBLE,True,0.0729352753977941,0.0729352753977941,True,88.43531389,30.0,1.0,54626.0,,59.616,OPTIMAL,5,866,
arOrch_146588263_infrastructure_110|evolutionary-heuristics#seed5,arOrch,110,146588263,arOrch_146588263_infrastructure_110,evolutionary-heuristics,5,"{""algorithm"": ""NSGAII"", ""max_evaluations"": 1000, ""operators"": ""UNIFORM"", ""population_size"": 20, ""seed"": 5, ""time_budget_ms"": 300000}",ok,FEASIBLE,True,0.11379752782116878,0.11379752782116878,True,158.851832895,40.0,1.0,300009.0,1961690,305.529,,7,1170,
arOrch_146588263_infrastructure_110|random-search#seed5,arOrch,110,146588263,arOrch_146588263_infrastructure_110,random-search,5,"{""iterations_count"": 1000, ""seed"": 5, ""time_budget_ms"": 300000}",ok,FEASIBLE,True,0.12752799832603617,0.12752799832603617,True,176.82225592,42.0,1.0,300010.0,1799968,308.217,,7,1170,
stockOrch_146588263_infrastructure_190|minizinc-csp,stockOrch,190,146588263,stockOrch_146588263_infrastructure_190,minizinc-csp,,"{""intermediate_solutions"": true, ""time_limit_ms"": 300000}",ok,FEASIBLE,True,0.07581230059004891,0.0758123005900489,True,88.43531389,32.0,1.0,108959.0,,115.933,OPTIMAL,5,1039,
stockOrch_146588263_infrastructure_195|minizinc-csp,stockOrch,195,146588263,stockOrch_146588263_infrastructure_195,minizinc-csp,,"{""intermediate_solutions"": true, ""time_limit_ms"": 300000}",ok,FEASIBLE,True,0.07164881732336248,0.0716488173233625,True,80.44739071,31.0,1.0,38995.0,,45.122,OPTIMAL,5,713,
stockOrch_146588263_infrastructure_200|minizinc-csp,stockOrch,200,146588263,stockOrch_146588263_infrastructure_200,minizinc-csp,,"{""intermediate_solutions"": true, ""time_limit_ms"": 300000}",ok,FEASIBLE,True,0.07368871968080465,0.0736887196808047,True,59.63446194,45.795,1.0,11410.0,,17.158,OPTIMAL,5,745,
stockOrch_146588263_infrastructure_205|minizinc-csp,stockOrch,205,146588263,stockOrch_146588263_infrastructure_205,minizinc-csp,,"{""intermediate_solutions"": true, ""time_limit_ms"": 300000}",ok,FEASIBLE,True,0.07602328027408355,0.0760232802740836,True,58.807623240000005,40.793,1.0,42325.0,,49.56,OPTIMAL,5,1259,
stockOrch_146588263_infrastructure_210|minizinc-csp,stockOrch,210,146588263,stockOrch_146588263_infrastructure_210,minizinc-csp,,"{""intermediate_solutions"": true, ""time_limit_ms"": 300000}",ok,FEASIBLE,True,0.08482984297820195,0.084829842978202,True,76.12765726,43.173,1.0,13170.0,,20.066,OPTIMAL,5,759,
stockOrch_146588263_infrastructure_215|minizinc-csp,stockOrch,215,146588263,stockOrch_146588263_infrastructure_215,minizinc-csp,,"{""intermediate_solutions"": true, ""time_limit_ms"": 300000}",ok,FEASIBLE,True,0.08655884695250299,0.086558846952503,True,65.142887325,37.8125,1.0,14276.0,,23.682,OPTIMAL,5,1199,
stockOrch_146588263_infrastructure_220|minizinc-csp,stockOrch,220,146588263,stockOrch_146588263_infrastructure_220,minizinc-csp,,"{""intermediate_solutions"": true, ""time_limit_ms"": 300000}",ok,FEASIBLE,True,0.0711105825887737,0.0711105825887737,True,65.171698785,37.201499999999996,1.0,26270.0,,33.802,OPTIMAL,5,780,
stockOrch_146588263_infrastructure_50|minizinc-csp,stockOrch,50,146588263,stockOrch_146588263_infrastructure_50,minizinc-csp,,"{""intermediate_solutions"": true, ""time_limit_ms"": 300000}",ok,FEASIBLE,True,0.11265854340445691,0.112658543404457,True,78.14213492,47.168,1.0,773.0,,3.313,OPTIMAL,5,333,
stockOrch_146588263_infrastructure_55|minizinc-csp,stockOrch,55,146588263,stockOrch_146588263_infrastructure_55,minizinc-csp,,"{""intermediate_solutions"": true, ""time_limit_ms"": 300000}",ok,FEASIBLE,True,0.11928786450158847,0.119287864501589,True,91.32199878,52.074,1.0,1450.0,,3.262,OPTIMAL,5,354,
stockOrch_146588263_infrastructure_60|minizinc-csp,stockOrch,60,146588263,stockOrch_146588263_infrastructure_60,minizinc-csp,,"{""intermediate_solutions"": true, ""time_limit_ms"": 300000}",ok,FEASIBLE,True,0.09095989679414251,0.0909598967941425,True,59.90097749,46.016999999999996,1.0,641.0,,3.234,OPTIMAL,5,330,
stockOrch_146588263_infrastructure_65|minizinc-csp,stockOrch,65,146588263,stockOrch_146588263_infrastructure_65,minizinc-csp,,"{""intermediate_solutions"": true, ""time_limit_ms"": 300000}",ok,FEASIBLE,True,0.11852161945111524,0.118521619451116,True,88.43531389,32.0,1.0,1641.0,,3.768,OPTIMAL,5,452,
stockOrch_146588263_infrastructure_70|minizinc-csp,stockOrch,70,146588263,stockOrch_146588263_infrastructure_70,minizinc-csp,,"{""intermediate_solutions"": true, ""time_limit_ms"": 300000}",ok,FEASIBLE,True,0.1023207991286833,0.102320799128684,True,82.36931940000001,42.0,1.0,1350.0,,3.626,OPTIMAL,5,454,
arOrch_146588263_infrastructure_110|evolutionary-heuristics#seed6,arOrch,110,146588263,arOrch_146588263_infrastructure_110,evolutionary-heuristics,6,"{""algorithm"": ""NSGAII"", ""max_evaluations"": 1000, ""operators"": ""UNIFORM"", ""population_size"": 20, ""seed"": 6, ""time_budget_ms"": 300000}",ok,FEASIBLE,True,0.11379752782116878,0.11379752782116878,True,158.851832895,40.0,1.0,300026.0,1884896,304.354,,7,1170,
stockOrch_146588263_infrastructure_75|minizinc-csp,stockOrch,75,146588263,stockOrch_146588263_infrastructure_75,minizinc-csp,,"{""intermediate_solutions"": true, ""time_limit_ms"": 300000}",ok,FEASIBLE,True,0.11784543320474768,0.117845433204748,True,87.380866535,47.742999999999995,1.0,3708.0,,8.013,OPTIMAL,5,444,
arOrch_146588263_infrastructure_110|random-search#seed6,arOrch,110,146588263,arOrch_146588263_infrastructure_110,random-search,6,"{""iterations_count"": 1000, ""seed"": 6, ""time_budget_ms"": 300000}",ok,FEASIBLE,True,0.2894046889909365,0.2894046889909365,True,175.95535172,33.0,0.66,300024.0,1620109,305.549,,7,1170,
stockOrch_146588263_infrastructure_80|minizinc-csp,stockOrch,80,146588263,stockOrch_146588263_infrastructure_80,minizinc-csp,,"{""intermediate_solutions"": true, ""time_limit_ms"": 300000}",ok,FEASIBLE,True,0.08903846513451875,0.0890384651345187,True,82.36931940000001,47.0,1.0,1061.0,,5.633,OPTIMAL,5,331,
stockOrch_146588263_infrastructure_85|minizinc-csp,stockOrch,85,146588263,stockOrch_146588263_infrastructure_85,minizinc-csp,,"{""intermediate_solutions"": true, ""time_limit_ms"": 300000}",ok,FEASIBLE,True,0.09834017698962981,0.0983401769896298,True,95.32956355,20.0,1.0,2886.0,,5.87,OPTIMAL,5,445,
stockOrch_146588263_infrastructure_90|minizinc-csp,stockOrch,90,146588263,stockOrch_146588263_infrastructure_90,minizinc-csp,,"{""intermediate_solutions"": true, ""time_limit_ms"": 300000}",ok,FEASIBLE,True,0.07417753201964916,0.0741775320196492,True,62.504169665,41.186499999999995,1.0,983.0,,3.809,OPTIMAL,5,406,
stockOrch_146588263_infrastructure_95|minizinc-csp,stockOrch,95,146588263,stockOrch_146588263_infrastructure_95,minizinc-csp,,"{""intermediate_solutions"": true, ""time_limit_ms"": 300000}",ok,FEASIBLE,True,0.1070954991968751,0.107095499196876,True,82.58104777999999,44.0,1.0,1025.0,,3.911,OPTIMAL,5,389,
arOrch_146588263_infrastructure_110|evolutionary-heuristics#seed7,arOrch,110,146588263,arOrch_146588263_infrastructure_110,evolutionary-heuristics,7,"{""algorithm"": ""NSGAII"", ""max_evaluations"": 1000, ""operators"": ""UNIFORM"", ""population_size"": 20, ""seed"": 7, ""time_budget_ms"": 300000}",ok,FEASIBLE,True,0.11379752782116878,0.11379752782116878,True,158.851832895,40.0,1.0,300010.0,1926141,306.054,,7,1170,
arOrch_146588263_infrastructure_110|random-search#seed7,arOrch,110,146588263,arOrch_146588263_infrastructure_110,random-search,7,"{""iterations_count"": 1000, ""seed"": 7, ""time_budget_ms"": 300000}",ok,FEASIBLE,True,0.1345695264424468,0.1345695264424468,True,184.48407252500002,45.0,1.0,300009.0,1771478,304.288,,7,1170,
arOrch_146588263_infrastructure_110|evolutionary-heuristics#seed8,arOrch,110,146588263,arOrch_146588263_infrastructure_110,evolutionary-heuristics,8,"{""algorithm"": ""NSGAII"", ""max_evaluations"": 1000, ""operators"": ""UNIFORM"", ""population_size"": 20, ""seed"": 8, ""time_budget_ms"": 300000}",ok,FEASIBLE,True,0.11379752782116878,0.11379752782116878,True,158.851832895,40.0,1.0,298804.0,2034008,304.283,,7,1170,
arOrch_146588263_infrastructure_110|random-search#seed8,arOrch,110,146588263,arOrch_146588263_infrastructure_110,random-search,8,"{""iterations_count"": 1000, ""seed"": 8, ""time_budget_ms"": 300000}",ok,FEASIBLE,True,0.13164699015561768,0.13164699015561768,True,181.898302155,43.0,1.0,298805.0,1873878,304.334,,7,1170,
arOrch_146588263_infrastructure_110|evolutionary-heuristics#seed9,arOrch,110,146588263,arOrch_146588263_infrastructure_110,evolutionary-heuristics,9,"{""algorithm"": ""NSGAII"", ""max_evaluations"": 1000, ""operators"": ""UNIFORM"", ""population_size"": 20, ""seed"": 9, ""time_budget_ms"": 300000}",ok,FEASIBLE,True,0.11379752782116878,0.11379752782116878,True,158.851832895,40.0,1.0,301218.0,2030450,304.305,,7,1170,
arOrch_146588263_infrastructure_110|random-search#seed9,arOrch,110,146588263,arOrch_146588263_infrastructure_110,random-search,9,"{""iterations_count"": 1000, ""seed"": 9, ""time_budget_ms"": 300000}",ok,FEASIBLE,True,0.1290799499673711,0.1290799499673711,True,180.60573625,40.0,1.0,301219.0,1857324,304.22,,7,1170,
arOrch_146588263_infrastructure_110|evolutionary-heuristics#seed10,arOrch,110,146588263,arOrch_146588263_infrastructure_110,evolutionary-heuristics,10,"{""algorithm"": ""NSGAII"", ""max_evaluations"": 1000, ""operators"": ""UNIFORM"", ""population_size"": 20, ""seed"": 10, ""time_budget_ms"": 300000}",ok,FEASIBLE,True,0.11379752782116878,0.11379752782116878,True,158.851832895,40.0,1.0,300010.0,1991608,304.735,,7,1170,
arOrch_146588263_infrastructure_110|random-search#seed10,arOrch,110,146588263,arOrch_146588263_infrastructure_110,random-search,10,"{""iterations_count"": 1000, ""seed"": 10, ""time_budget_ms"": 300000}",ok,FEASIBLE,True,0.28674634100290597,0.28674634100290597,True,169.80979110999996,36.0,0.66,300011.0,1826709,304.376,,7,1170,
arOrch_146588263_infrastructure_115|evolutionary-heuristics#seed1,arOrch,115,146588263,arOrch_146588263_infrastructure_115,evolutionary-heuristics,1,"{""algorithm"": ""NSGAII"", ""max_evaluations"": 1000, ""operators"": ""UNIFORM"", ""population_size"": 20, ""seed"": 1, ""time_budget_ms"": 300000}",ok,FEASIBLE,True,0.15618482715042836,0.15618482715042836,True,178.062788545,39.0,1.0,300009.0,2217034,303.966,,7,1033,
arOrch_146588263_infrastructure_115|random-search#seed1,arOrch,115,146588263,arOrch_146588263_infrastructure_115,random-search,1,"{""iterations_count"": 1000, ""seed"": 1, ""time_budget_ms"": 300000}",ok,FEASIBLE,True,0.34161898375336736,0.34161898375336736,True,196.25488317499997,42.0,0.66,300009.0,2015351,304.295,,7,1033,
arOrch_146588263_infrastructure_115|evolutionary-heuristics#seed2,arOrch,115,146588263,arOrch_146588263_infrastructure_115,evolutionary-heuristics,2,"{""algorithm"": ""NSGAII"", ""max_evaluations"": 1000, ""operators"": ""UNIFORM"", ""population_size"": 20, ""seed"": 2, ""time_budget_ms"": 300000}",ok,FEASIBLE,True,0.15587024030740854,0.15587024030740854,True,178.33204649500001,38.0,1.0,299999.0,2080798,304.384,,7,1033,
arOrch_146588263_infrastructure_115|random-search#seed2,arOrch,115,146588263,arOrch_146588263_infrastructure_115,random-search,2,"{""iterations_count"": 1000, ""seed"": 2, ""time_budget_ms"": 300000}",ok,FEASIBLE,True,0.1758394312174425,0.1758394312174425,True,197.20253811499998,43.5,1.0,299999.0,1928839,303.931,,7,1033,
arOrch_146588263_infrastructure_115|evolutionary-heuristics#seed3,arOrch,115,146588263,arOrch_146588263_infrastructure_115,evolutionary-heuristics,3,"{""algorithm"": ""NSGAII"", ""max_evaluations"": 1000, ""operators"": ""UNIFORM"", ""population_size"": 20, ""seed"": 3, ""time_budget_ms"": 300000}",ok,FEASIBLE,True,0.15587024030740854,0.15587024030740854,True,178.33204649500001,38.0,1.0,300008.0,2154356,304.535,,7,1033,
arOrch_146588263_infrastructure_115|random-search#seed3,arOrch,115,146588263,arOrch_146588263_infrastructure_115,random-search,3,"{""iterations_count"": 1000, ""seed"": 3, ""time_budget_ms"": 300000}",ok,FEASIBLE,True,0.33781919136998473,0.33781919136998473,True,196.04681940999998,35.5,0.66,300009.0,2037320,305.074,,7,1033,
arOrch_146588263_infrastructure_115|evolutionary-heuristics#seed4,arOrch,115,146588263,arOrch_146588263_infrastructure_115,evolutionary-heuristics,4,"{""algorithm"": ""NSGAII"", ""max_evaluations"": 1000, ""operators"": ""UNIFORM"", ""population_size"": 20, ""seed"": 4, ""time_budget_ms"": 300000}",ok,FEASIBLE,True,0.15587024030740854,0.15587024030740854,True,178.33204649500001,38.0,1.0,300010.0,2178964,304.223,,7,1033,
arOrch_146588263_infrastructure_115|random-search#seed4,arOrch,115,146588263,arOrch_146588263_infrastructure_115,random-search,4,"{""iterations_count"": 1000, ""seed"": 4, ""time_budget_ms"": 300000}",ok,FEASIBLE,True,0.32859561272993626,0.32859561272993626,True,186.06510087,35.0,0.66,300010.0,1996548,303.887,,7,1033,
arOrch_146588263_infrastructure_115|evolutionary-heuristics#seed5,arOrch,115,146588263,arOrch_146588263_infrastructure_115,evolutionary-heuristics,5,"{""algorithm"": ""NSGAII"", ""max_evaluations"": 1000, ""operators"": ""UNIFORM"", ""population_size"": 20, ""seed"": 5, ""time_budget_ms"": 300000}",ok,FEASIBLE,True,0.15587024030740854,0.15587024030740854,True,178.33204649500001,38.0,1.0,299988.0,2145835,303.974,,7,1033,
arOrch_146588263_infrastructure_115|random-search#seed5,arOrch,115,146588263,arOrch_146588263_infrastructure_115,random-search,5,"{""iterations_count"": 1000, ""seed"": 5, ""time_budget_ms"": 300000}",ok,FEASIBLE,True,0.333371613663942,0.333371613663942,True,193.25510219999998,32.0,0.66,299988.0,2011921,303.979,,7,1033,
arOrch_146588263_infrastructure_115|evolutionary-heuristics#seed6,arOrch,115,146588263,arOrch_146588263_infrastructure_115,evolutionary-heuristics,6,"{""algorithm"": ""NSGAII"", ""max_evaluations"": 1000, ""operators"": ""UNIFORM"", ""population_size"": 20, ""seed"": 6, ""time_budget_ms"": 300000}",ok,FEASIBLE,True,0.15587024030740854,0.15587024030740854,True,178.33204649500001,38.0,1.0,300009.0,2164868,303.924,,7,1033,
arOrch_146588263_infrastructure_115|random-search#seed6,arOrch,115,146588263,arOrch_146588263_infrastructure_115,random-search,6,"{""iterations_count"": 1000, ""seed"": 6, ""time_budget_ms"": 300000}",ok,FEASIBLE,True,0.33959492572720784,0.33959492572720784,True,194.30653781,41.5,0.66,300009.0,2029550,304.079,,7,1033,
arOrch_146588263_infrastructure_115|evolutionary-heuristics#seed7,arOrch,115,146588263,arOrch_146588263_infrastructure_115,evolutionary-heuristics,7,"{""algorithm"": ""NSGAII"", ""max_evaluations"": 1000, ""operators"": ""UNIFORM"", ""population_size"": 20, ""seed"": 7, ""time_budget_ms"": 300000}",ok,FEASIBLE,True,0.15618482715042836,0.15618482715042836,True,178.062788545,39.0,1.0,300009.0,2228844,304.255,,7,1033,
arOrch_146588263_infrastructure_115|random-search#seed7,arOrch,115,146588263,arOrch_146588263_infrastructure_115,random-search,7,"{""iterations_count"": 1000, ""seed"": 7, ""time_budget_ms"": 300000}",ok,FEASIBLE,True,0.17565342873041287,0.17565342873041287,True,196.06457208499998,45.0,1.0,300010.0,2031867,303.899,,7,1033,
arOrch_146588263_infrastructure_115|evolutionary-heuristics#seed8,arOrch,115,146588263,arOrch_146588263_infrastructure_115,evolutionary-heuristics,8,"{""algorithm"": ""NSGAII"", ""max_evaluations"": 1000, ""operators"": ""UNIFORM"", ""population_size"": 20, ""seed"": 8, ""time_budget_ms"": 300000}",ok,FEASIBLE,True,0.15618482715042836,0.15618482715042836,True,178.062788545,39.0,1.0,299976.0,2084538,303.901,,7,1033,
arOrch_146588263_infrastructure_115|random-search#seed8,arOrch,115,146588263,arOrch_146588263_infrastructure_115,random-search,8,"{""iterations_count"": 1000, ""seed"": 8, ""time_budget_ms"": 300000}",ok,FEASIBLE,True,0.18068610267428528,0.18068610267428528,True,201.05985276,46.0,1.0,299977.0,1906793,304.096,,7,1033,
arOrch_146588263_infrastructure_115|evolutionary-heuristics#seed9,arOrch,115,146588263,arOrch_146588263_infrastructure_115,evolutionary-heuristics,9,"{""algorithm"": ""NSGAII"", ""max_evaluations"": 1000, ""operators"": ""UNIFORM"", ""population_size"": 20, ""seed"": 9, ""time_budget_ms"": 300000}",ok,FEASIBLE,True,0.15587024030740854,0.15587024030740854,True,178.33204649500001,38.0,1.0,300009.0,2134594,303.978,,7,1033,
arOrch_146588263_infrastructure_115|random-search#seed9,arOrch,115,146588263,arOrch_146588263_infrastructure_115,random-search,9,"{""iterations_count"": 1000, ""seed"": 9, ""time_budget_ms"": 300000}",ok,FEASIBLE,True,0.33879737930607634,0.33879737930607634,True,193.41661910999997,41.5,0.66,300009.0,2002121,304.101,,7,1033,
arOrch_146588263_infrastructure_115|evolutionary-heuristics#seed10,arOrch,115,146588263,arOrch_146588263_infrastructure_115,evolutionary-heuristics,10,"{""algorithm"": ""NSGAII"", ""max_evaluations"": 1000, ""operators"": ""UNIFORM"", ""population_size"": 20, ""seed"": 10, ""time_budget_ms"": 300000}",ok,FEASIBLE,True,0.15618482715042836,0.15618482715042836,True,178.062788545,39.0,1.0,300010.0,2193802,303.919,,7,1033,
arOrch_146588263_infrastructure_115|random-search#seed10,arOrch,115,146588263,arOrch_146588263_infrastructure_115,random-search,10,"{""iterations_count"": 1000, ""seed"": 10, ""time_budget_ms"": 300000}",ok,FEASIBLE,True,0.3313149157903385,0.3313149157903385,True,186.308093265,39.5,0.66,300010.0,1992627,304.162,,7,1033,
arOrch_146588263_infrastructure_120|evolutionary-heuristics#seed1,arOrch,120,146588263,arOrch_146588263_infrastructure_120,evolutionary-heuristics,1,"{""algorithm"": ""NSGAII"", ""max_evaluations"": 1000, ""operators"": ""UNIFORM"", ""population_size"": 20, ""seed"": 1, ""time_budget_ms"": 300000}",ok,FEASIBLE,True,0.0926580548120461,0.0926580548120461,True,136.54168989,35.0,1.0,299922.0,2113902,304.373,,7,1272,
arOrch_146588263_infrastructure_120|random-search#seed1,arOrch,120,146588263,arOrch_146588263_infrastructure_120,random-search,1,"{""iterations_count"": 1000, ""seed"": 1, ""time_budget_ms"": 300000}",ok,FEASIBLE,True,0.11670141218827026,0.11670141218827026,True,168.55493387,40.0,1.0,299921.0,1964260,304.399,,7,1272,
arOrch_146588263_infrastructure_120|evolutionary-heuristics#seed2,arOrch,120,146588263,arOrch_146588263_infrastructure_120,evolutionary-heuristics,2,"{""algorithm"": ""NSGAII"", ""max_evaluations"": 1000, ""operators"": ""UNIFORM"", ""population_size"": 20, ""seed"": 2, ""time_budget_ms"": 300000}",ok,FEASIBLE,True,0.0926580548120461,0.0926580548120461,True,136.54168989,35.0,1.0,300003.0,2065874,304.744,,7,1272,
arOrch_146588263_infrastructure_120|random-search#seed2,arOrch,120,146588263,arOrch_146588263_infrastructure_120,random-search,2,"{""iterations_count"": 1000, ""seed"": 2, ""time_budget_ms"": 300000}",ok,FEASIBLE,True,0.28014396759330007,0.28014396759330007,True,163.752930005,38.5,0.66,300003.0,1907516,304.769,,7,1272,
arOrch_146588263_infrastructure_120|evolutionary-heuristics#seed3,arOrch,120,146588263,arOrch_146588263_infrastructure_120,evolutionary-heuristics,3,"{""algorithm"": ""NSGAII"", ""max_evaluations"": 1000, ""operators"": ""UNIFORM"", ""population_size"": 20, ""seed"": 3, ""time_budget_ms"": 300000}",ok,FEASIBLE,True,0.0926580548120461,0.0926580548120461,True,136.54168989,35.0,1.0,300003.0,2085712,304.642,,7,1272,
arOrch_146588263_infrastructure_120|random-search#seed3,arOrch,120,146588263,arOrch_146588263_infrastructure_120,random-search,3,"{""iterations_count"": 1000, ""seed"": 3, ""time_budget_ms"": 300000}",ok,FEASIBLE,True,0.2746773211745135,0.2746773211745135,True,155.94600183999998,38.0,0.66,300003.0,1930945,304.698,,7,1272,
arOrch_146588263_infrastructure_120|evolutionary-heuristics#seed4,arOrch,120,146588263,arOrch_146588263_infrastructure_120,evolutionary-heuristics,4,"{""algorithm"": ""NSGAII"", ""max_evaluations"": 1000, ""operators"": ""UNIFORM"", ""population_size"": 20, ""seed"": 4, ""time_budget_ms"": 300000}",ok,FEASIBLE,True,0.0926580548120461,0.0926580548120461,True,136.54168989,35.0,1.0,300037.0,2088794,304.925,,7,1272,
arOrch_146588263_infrastructure_120|random-search#seed4,arOrch,120,146588263,arOrch_146588263_infrastructure_120,random-search,4,"{""iterations_count"": 1000, ""seed"": 4, ""time_budget_ms"": 300000}",ok,FEASIBLE,True,0.11802666853739109,0.11802666853739109,True,168.889235125,42.0,1.0,300038.0,1945253,304.745,,7,1272,
arOrch_146588263_infrastructure_120|evolutionary-heuristics#seed5,arOrch,120,146588263,arOrch_146588263_infrastructure_120,evolutionary-heuristics,5,"{""algorithm"": ""NSGAII"", ""max_evaluations"": 1000, ""operators"": ""UNIFORM"", ""population_size"": 20, ""seed"": 5, ""time_budget_ms"": 300000}",ok,FEASIBLE,True,0.0926580548120461,0.0926580548120461,True,136.54168989,35.0,1.0,300009.0,2082031,304.625,,7,1272,
arOrch_146588263_infrastructure_120|random-search#seed5,arOrch,120,146588263,arOrch_146588263_infrastructure_120,random-search,5,"{""iterations_count"": 1000, ""seed"": 5, ""time_budget_ms"": 300000}",ok,FEASIBLE,True,0.1143975788341585,0.1143975788341585,True,163.431216345,42.0,1.0,300009.0,1932985,304.736,,7,1272,
arOrch_146588263_infrastructure_120|evolutionary-heuristics#seed6,arOrch,120,146588263,arOrch_146588263_infrastructure_120,evolutionary-heuristics,6,"{""algorithm"": ""NSGAII"", ""max_evaluations"": 1000, ""operators"": ""UNIFORM"", ""population_size"": 20, ""seed"": 6, ""time_budget_ms"": 300000}",ok,FEASIBLE,True,0.09481870041489646,0.09481870041489646,True,141.03534924,33.5,1.0,300012.0,2057995,304.743,,7,1272,
arOrch_146588263_infrastructure_120|random-search#seed6,arOrch,120,146588263,arOrch_146588263_infrastructure_120,random-search,6,"{""iterations_count"": 1000, ""seed"": 6, ""time_budget_ms"": 300000}",ok,FEASIBLE,True,0.11811529174136322,0.11811529174136322,True,167.363685155,44.0,1.0,300011.0,1919523,306.914,,7,1272,
arOrch_146588263_infrastructure_120|evolutionary-heuristics#seed7,arOrch,120,146588263,arOrch_146588263_infrastructure_120,evolutionary-heuristics,7,"{""algorithm"": ""NSGAII"", ""max_evaluations"": 1000, ""operators"": ""UNIFORM"", ""population_size"": 20, ""seed"": 7, ""time_budget_ms"": 300000}",ok,FEASIBLE,True,0.0926580548120461,0.0926580548120461,True,136.54168989,35.0,1.0,300000.0,2121576,304.374,,7,1272,
arOrch_146588263_infrastructure_120|random-search#seed7,arOrch,120,146588263,arOrch_146588263_infrastructure_120,random-search,7,"{""iterations_count"": 1000, ""seed"": 7, ""time_budget_ms"": 300000}",ok,FEASIBLE,True,0.27404638457300307,0.27404638457300307,True,156.241223195,36.5,0.66,300000.0,1980544,304.737,,7,1272,
arOrch_146588263_infrastructure_120|evolutionary-heuristics#seed8,arOrch,120,146588263,arOrch_146588263_infrastructure_120,evolutionary-heuristics,8,"{""algorithm"": ""NSGAII"", ""max_evaluations"": 1000, ""operators"": ""UNIFORM"", ""population_size"": 20, ""seed"": 8, ""time_budget_ms"": 300000}",ok,FEASIBLE,True,0.0926580548120461,0.0926580548120461,True,136.54168989,35.0,1.0,299992.0,2087024,304.712,,7,1272,
arOrch_146588263_infrastructure_120|random-search#seed8,arOrch,120,146588263,arOrch_146588263_infrastructure_120,random-search,8,"{""iterations_count"": 1000, ""seed"": 8, ""time_budget_ms"": 300000}",ok,FEASIBLE,True,0.12033385593390192,0.12033385593390192,True,167.79736185000002,47.5,1.0,299992.0,1962528,304.461,,7,1272,
arOrch_146588263_infrastructure_120|evolutionary-heuristics#seed9,arOrch,120,146588263,arOrch_146588263_infrastructure_120,evolutionary-heuristics,9,"{""algorithm"": ""NSGAII"", ""max_evaluations"": 1000, ""operators"": ""UNIFORM"", ""population_size"": 20, ""seed"": 9, ""time_budget_ms"": 300000}",ok,FEASIBLE,True,0.0926580548120461,0.0926580548120461,True,136.54168989,35.0,1.0,300010.0,2089132,304.561,,7,1272,
arOrch_146588263_infrastructure_120|random-search#seed9,arOrch,120,146588263,arOrch_146588263_infrastructure_120,random-search,9,"{""iterations_count"": 1000, ""seed"": 9, ""time_budget_ms"": 300000}",ok,FEASIBLE,True,0.2750328911809809,0.2750328911809809,True,153.57780311,41.5,0.66,300010.0,1971543,304.51,,7,1272,
arOrch_146588263_infrastructure_120|evolutionary-heuristics#seed10,arOrch,120,146588263,arOrch_146588263_infrastructure_120,evolutionary-heuristics,10,"{""algorithm"": ""NSGAII"", ""max_evaluations"": 1000, ""operators"": ""UNIFORM"", ""population_size"": 20, ""seed"": 10, ""time_budget_ms"": 300000}",ok,FEASIBLE,True,0.0926580548120461,0.0926580548120461,True,136.54168989,35.0,1.0,299980.0,2084618,304.54,,7,1272,
arOrch_146588263_infrastructure_120|random-search#seed10,arOrch,120,146588263,arOrch_146588263_infrastructure_120,random-search,10,"{""iterations_count"": 1000, ""seed"": 10, ""time_budget_ms"": 300000}",ok,FEASIBLE,True,0.11629298460470636,0.11629298460470636,True,167.940673655,40.0,1.0,299981.0,1984440,304.407,,7,1272,
arOrch_146588263_infrastructure_125|evolutionary-heuristics#seed1,arOrch,125,146588263,arOrch_146588263_infrastructure_125,evolutionary-heuristics,1,"{""algorithm"": ""NSGAII"", ""max_evaluations"": 1000, ""operators"": ""UNIFORM"", ""population_size"": 20, ""seed"": 1, ""time_budget_ms"": 300000}",ok,FEASIBLE,True,0.1160797127309861,0.1160797127309861,True,162.351252875,32.0,1.0,300008.0,2219181,304.392,,7,1263,
arOrch_146588263_infrastructure_125|random-search#seed1,arOrch,125,146588263,arOrch_146588263_infrastructure_125,random-search,1,"{""iterations_count"": 1000, ""seed"": 1, ""time_budget_ms"": 300000}",ok,FEASIBLE,True,0.13893730653172445,0.13893730653172445,True,186.96000663499998,40.0,1.0,300008.0,2064799,304.589,,7,1263,
arOrch_146588263_infrastructure_125|evolutionary-heuristics#seed2,arOrch,125,146588263,arOrch_146588263_infrastructure_125,evolutionary-heuristics,2,"{""algorithm"": ""NSGAII"", ""max_evaluations"": 1000, ""operators"": ""UNIFORM"", ""population_size"": 20, ""seed"": 2, ""time_budget_ms"": 300000}",ok,FEASIBLE,True,0.11572825250980437,0.11572825250980437,True,161.881813655,32.0,1.0,300008.0,2175546,304.748,,7,1263,
arOrch_146588263_infrastructure_125|random-search#seed2,arOrch,125,146588263,arOrch_146588263_infrastructure_125,random-search,2,"{""iterations_count"": 1000, ""seed"": 2, ""time_budget_ms"": 300000}",ok,FEASIBLE,True,0.1274464986591356,0.1274464986591356,True,173.83258639,37.0,1.0,300008.0,2059259,304.435,,7,1263,
arOrch_146588263_infrastructure_125|evolutionary-heuristics#seed3,arOrch,125,146588263,arOrch_146588263_infrastructure_125,evolutionary-heuristics,3,"{""algorithm"": ""NSGAII"", ""max_evaluations"": 1000, ""operators"": ""UNIFORM"", ""population_size"": 20, ""seed"": 3, ""time_budget_ms"": 300000}",ok,FEASIBLE,True,0.11725477820366433,0.11725477820366433,True,160.959901495,36.0,1.0,299989.0,2085633,304.374,,7,1263,
arOrch_146588263_infrastructure_125|random-search#seed3,arOrch,125,146588263,arOrch_146588263_infrastructure_125,random-search,3,"{""iterations_count"": 1000, ""seed"": 3, ""time_budget_ms"": 300000}",ok,FEASIBLE,True,0.3030437010680379,0.3030437010680379,True,180.626525545,42.5,0.66,299990.0,1978984,304.332,,7,1263,
arOrch_146588263_infrastructure_125|evolutionary-heuristics#seed4,arOrch,125,146588263,arOrch_146588263_infrastructure_125,evolutionary-heuristics,4,"{""algorithm"": ""NSGAII"", ""max_evaluations"": 1000, ""operators"": ""UNIFORM"", ""population_size"": 20, ""seed"": 4, ""time_budget_ms"": 300000}",ok,FEASIBLE,True,0.11725477820366433,0.11725477820366433,True,160.959901495,36.0,1.0,300010.0,2106250,304.677,,7,1263,
arOrch_146588263_infrastructure_125|random-search#seed4,arOrch,125,146588263,arOrch_146588263_infrastructure_125,random-search,4,"{""iterations_count"": 1000, ""seed"": 4, ""time_budget_ms"": 300000}",ok,FEASIBLE,True,0.14250398465167302,0.14250398465167302,True,187.28265729,46.0,1.0,300010.0,1994364,304.527,,7,1263,
arOrch_146588263_infrastructure_125|evolutionary-heuristics#seed5,arOrch,125,146588263,arOrch_146588263_infrastructure_125,evolutionary-heuristics,5,"{""algorithm"": ""NSGAII"", ""max_evaluations"": 1000, ""operators"": ""UNIFORM"", ""population_size"": 20, ""seed"": 5, ""time_budget_ms"": 300000}",ok,FEASIBLE,True,0.1160797127309861,0.1160797127309861,True,162.351252875,32.0,1.0,300009.0,2104468,304.352,,7,1263,
arOrch_146588263_infrastructure_125|random-search#seed5,arOrch,125,146588263,arOrch_146588263_infrastructure_125,random-search,5,"{""iterations_count"": 1000, ""seed"": 5, ""time_budget_ms"": 300000}",ok,FEASIBLE,True,0.13808513871059036,0.13808513871059036,True,182.49080729,44.5,1.0,300009.0,1957315,304.366,,7,1263,
arOrch_146588263_infrastructure_125|evolutionary-heuristics#seed6,arOrch,125,146588263,arOrch_146588263_infrastructure_125,evolutionary-heuristics,6,"{""algorithm"": ""NSGAII"", ""max_evaluations"": 1000, ""operators"": ""UNIFORM"", ""population_size"": 20, ""seed"": 6, ""time_budget_ms"": 300000}",ok,FEASIBLE,True,0.11725477820366433,0.11725477820366433,True,160.959901495,36.0,1.0,300007.0,2108784,305.022,,7,1263,
arOrch_146588263_infrastructure_125|random-search#seed6,arOrch,125,146588263,arOrch_146588263_infrastructure_125,random-search,6,"{""iterations_count"": 1000, ""seed"": 6, ""time_budget_ms"": 300000}",ok,FEASIBLE,True,0.1365435714696056,0.1365435714696056,True,181.912195915,42.5,1.0,300007.0,2024811,305.063,,7,1263,
arOrch_146588263_infrastructure_125|evolutionary-heuristics#seed7,arOrch,125,146588263,arOrch_146588263_infrastructure_125,evolutionary-heuristics,7,"{""algorithm"": ""NSGAII"", ""max_evaluations"": 1000, ""operators"": ""UNIFORM"", ""population_size"": 20, ""seed"": 7, ""time_budget_ms"": 300000}",ok,FEASIBLE,True,0.1160797127309861,0.1160797127309861,True,162.351252875,32.0,1.0,300009.0,2191182,304.356,,7,1263,
arOrch_146588263_infrastructure_125|random-search#seed7,arOrch,125,146588263,arOrch_146588263_infrastructure_125,random-search,7,"{""iterations_count"": 1000, ""seed"": 7, ""time_budget_ms"": 300000}",ok,FEASIBLE,True,0.13343944169498692,0.13343944169498692,True,182.57747113,36.0,1.0,300009.0,2054741,304.381,,7,1263,
arOrch_146588263_infrastructure_125|evolutionary-heuristics#seed8,arOrch,125,146588263,arOrch_146588263_infrastructure_125,evolutionary-heuristics,8,"{""algorithm"": ""NSGAII"", ""max_evaluations"": 1000, ""operators"": ""UNIFORM"", ""population_size"": 20, ""seed"": 8, ""time_budget_ms"": 300000}",ok,FEASIBLE,True,0.1160797127309861,0.1160797127309861,True,162.351252875,32.0,1.0,300009.0,2179774,304.313,,7,1263,
arOrch_146588263_infrastructure_125|random-search#seed8,arOrch,125,146588263,arOrch_146588263_infrastructure_125,random-search,8,"{""iterations_count"": 1000, ""seed"": 8, ""time_budget_ms"": 300000}",ok,FEASIBLE,True,0.13351353595600707,0.13351353595600707,True,179.345463715,40.5,1.0,299998.0,2022021,304.33,,7,1263,
arOrch_146588263_infrastructure_125|evolutionary-heuristics#seed9,arOrch,125,146588263,arOrch_146588263_infrastructure_125,evolutionary-heuristics,9,"{""algorithm"": ""NSGAII"", ""max_evaluations"": 1000, ""operators"": ""UNIFORM"", ""population_size"": 20, ""seed"": 9, ""time_budget_ms"": 300000}",ok,FEASIBLE,True,0.1160797127309861,0.1160797127309861,True,162.351252875,32.0,1.0,299989.0,2142029,304.517,,7,1263,
arOrch_146588263_infrastructure_125|random-search#seed9,arOrch,125,146588263,arOrch_146588263_infrastructure_125,random-search,9,"{""iterations_count"": 1000, ""seed"": 9, ""time_budget_ms"": 300000}",ok,FEASIBLE,True,0.1389038774377214,0.1389038774377214,True,184.694706775,43.0,1.0,299989.0,2019298,304.517,,7,1263,
arOrch_146588263_infrastructure_125|evolutionary-heuristics#seed10,arOrch,125,146588263,arOrch_146588263_infrastructure_125,evolutionary-heuristics,10,"{""algorithm"": ""NSGAII"", ""max_evaluations"": 1000, ""operators"": ""UNIFORM"", ""population_size"": 20, ""seed"": 10, ""time_budget_ms"": 300000}",ok,FEASIBLE,True,0.1160797127309861,0.1160797127309861,True,162.351252875,32.0,1.0,300009.0,2178784,304.669,,7,1263,
arOrch_146588263_infrastructure_125|random-search#seed10,arOrch,125,146588263,arOrch_146588263_infrastructure_125,random-search,10,"{""iterations_count"": 1000, ""seed"": 10, ""time_budget_ms"": 300000}",ok,FEASIBLE,True,0.1332902330786537,0.1332902330786537,True,177.936877395,42.0,1.0,300009.0,2020186,304.837,,7,1263,
arOrch_146588263_infrastructure_130|evolutionary-heuristics#seed1,arOrch,130,146588263,arOrch_146588263_infrastructure_130,evolutionary-heuristics,1,"{""algorithm"": ""NSGAII"", ""max_evaluations"": 1000, ""operators"": ""UNIFORM"", ""population_size"": 20, ""seed"": 1, ""time_budget_ms"": 300000}",ok,FEASIBLE,True,0.11684043493206184,0.11684043493206184,True,150.51907902,35.0,1.0,299997.0,2118772,304.223,,7,1095,
arOrch_146588263_infrastructure_130|random-search#seed1,arOrch,130,146588263,arOrch_146588263_infrastructure_130,random-search,1,"{""iterations_count"": 1000, ""seed"": 1, ""time_budget_ms"": 300000}",ok,FEASIBLE,True,0.14000446664021243,0.14000446664021243,True,172.039630655,45.0,1.0,299997.0,2055185,304.248,,7,1095,
arOrch_146588263_infrastructure_130|evolutionary-heuristics#seed2,arOrch,130,146588263,arOrch_146588263_infrastructure_130,evolutionary-heuristics,2,"{""algorithm"": ""NSGAII"", ""max_evaluations"": 1000, ""operators"": ""UNIFORM"", ""population_size"": 20, ""seed"": 2, ""time_budget_ms"": 300000}",ok,FEASIBLE,True,0.11927061914318557,0.11927061914318557,True,151.46128825,38.0,1.0,300033.0,2310363,304.267,,7,1095,
arOrch_146588263_infrastructure_130|random-search#seed2,arOrch,130,146588263,arOrch_146588263_infrastructure_130,random-search,2,"{""iterations_count"": 1000, ""seed"": 2, ""time_budget_ms"": 300000}",ok,FEASIBLE,True,0.1487748552174404,0.1487748552174404,True,181.392273785,47.0,1.0,300129.0,2135183,334.224,,7,1095,
arOrch_146588263_infrastructure_130|evolutionary-heuristics#seed3,arOrch,130,146588263,arOrch_146588263_infrastructure_130,evolutionary-heuristics,3,"{""algorithm"": ""NSGAII"", ""max_evaluations"": 1000, ""operators"": ""UNIFORM"", ""population_size"": 20, ""seed"": 3, ""time_budget_ms"": 300000}",ok,FEASIBLE,True,0.11684043493206184,0.11684043493206184,True,150.51907902,35.0,1.0,300148.0,2098684,339.794,,7,1095,
arOrch_146588263_infrastructure_130|random-search#seed3,arOrch,130,146588263,arOrch_146588263_infrastructure_130,random-search,3,"{""iterations_count"": 1000, ""seed"": 3, ""time_budget_ms"": 300000}",ok,FEASIBLE,True,0.1346504915367315,0.1346504915367315,True,166.85557548499997,43.0,1.0,300011.0,2007588,310.142,,7,1095,
arOrch_146588263_infrastructure_130|evolutionary-heuristics#seed4,arOrch,130,146588263,arOrch_146588263_infrastructure_130,evolutionary-heuristics,4,"{""algorithm"": ""NSGAII"", ""max_evaluations"": 1000, ""operators"": ""UNIFORM"", ""population_size"": 20, ""seed"": 4, ""time_budget_ms"": 300000}",ok,FEASIBLE,True,0.11684043493206184,0.11684043493206184,True,150.51907902,35.0,1.0,299929.0,2213612,304.323,,7,1095,
arOrch_146588263_infrastructure_130|random-search#seed4,arOrch,130,146588263,arOrch_146588263_infrastructure_130,random-search,4,"{""iterations_count"": 1000, ""seed"": 4, ""time_budget_ms"": 300000}",ok,FEASIBLE,True,0.15313530316707905,0.15313530316707905,True,187.387078305,46.0,1.0,299929.0,2137143,304.098,,7,1095,
arOrch_146588263_infrastructure_130|evolutionary-heuristics#seed5,arOrch,130,146588263,arOrch_146588263_infrastructure_130,evolutionary-heuristics,5,"{""algorithm"": ""NSGAII"", ""max_evaluations"": 1000, ""operators"": ""UNIFORM"", ""population_size"": 20, ""seed"": 5, ""time_budget_ms"": 300000}",ok,FEASIBLE,True,0.11684043493206184,0.11684043493206184,True,150.51907902,35.0,1.0,300002.0,2107949,305.476,,7,1095,
arOrch_146588263_infrastructure_130|random-search#seed5,arOrch,130,146588263,arOrch_146588263_infrastructure_130,random-search,5,"{""iterations_count"": 1000, ""seed"": 5, ""time_budget_ms"": 300000}",ok,FEASIBLE,True,0.1397065130262241,0.1397065130262241,True,172.350416885,44.0,1.0,300003.0,2012526,304.997,,7,1095,
arOrch_146588263_infrastructure_130|evolutionary-heuristics#seed6,arOrch,130,146588263,arOrch_146588263_infrastructure_130,evolutionary-heuristics,6,"{""algorithm"": ""NSGAII"", ""max_evaluations"": 1000, ""operators"": ""UNIFORM"", ""population_size"": 20, ""seed"": 6, ""time_budget_ms"": 300000}",ok,FEASIBLE,True,0.11684043493206184,0.11684043493206184,True,150.51907902,35.0,1.0,300002.0,2056531,304.895,,7,1095,
arOrch_146588263_infrastructure_130|random-search#seed6,arOrch,130,146588263,arOrch_146588263_infrastructure_130,random-search,6,"{""iterations_count"": 1000, ""seed"": 6, ""time_budget_ms"": 300000}",ok,FEASIBLE,True,0.15214921533954018,0.15214921533954018,True,187.532566075,44.0,1.0,300002.0,1970622,305.01,,7,1095,
arOrch_146588263_infrastructure_130|evolutionary-heuristics#seed7,arOrch,130,146588263,arOrch_146588263_infrastructure_130,evolutionary-heuristics,7,"{""algorithm"": ""NSGAII"", ""max_evaluations"": 1000, ""operators"": ""UNIFORM"", ""population_size"": 20, ""seed"": 7, ""time_budget_ms"": 300000}",ok,FEASIBLE,True,0.11684043493206184,0.11684043493206184,True,150.51907902,35.0,1.0,299995.0,1888404,304.352,,7,1095,
arOrch_146588263_infrastructure_130|random-search#seed7,arOrch,130,146588263,arOrch_146588263_infrastructure_130,random-search,7,"{""iterations_count"": 1000, ""seed"": 7, ""time_budget_ms"": 300000}",ok,FEASIBLE,True,0.14482780330590786,0.14482780330590786,True,178.59923576,44.0,1.0,299995.0,1794907,304.321,,7,1095,
arOrch_146588263_infrastructure_130|evolutionary-heuristics#seed8,arOrch,130,146588263,arOrch_146588263_infrastructure_130,evolutionary-heuristics,8,"{""algorithm"": ""NSGAII"", ""max_evaluations"": 1000, ""operators"": ""UNIFORM"", ""population_size"": 20, ""seed"": 8, ""time_budget_ms"": 300000}",ok,FEASIBLE,True,0.11684043493206184,0.11684043493206184,True,150.51907902,35.0,1.0,300006.0,2164543,305.016,,7,1095,
arOrch_146588263_infrastructure_130|random-search#seed8,arOrch,130,146588263,arOrch_146588263_infrastructure_130,random-search,8,"{""iterations_count"": 1000, ""seed"": 8, ""time_budget_ms"": 300000}",ok,FEASIBLE,True,0.14936014938780076,0.14936014938780076,True,184.12944556999997,44.0,1.0,300006.0,2116144,304.821,,7,1095,
arOrch_146588263_infrastructure_130|evolutionary-heuristics#seed9,arOrch,130,146588263,arOrch_146588263_infrastructure_130,evolutionary-heuristics,9,"{""algorithm"": ""NSGAII"", ""max_evaluations"": 1000, ""operators"": ""UNIFORM"", ""population_size"": 20, ""seed"": 9, ""time_budget_ms"": 300000}",ok,FEASIBLE,True,0.11684043493206184,0.11684043493206184,True,150.51907902,35.0,1.0,300006.0,2224021,304.19,,7,1095,
arOrch_146588263_infrastructure_130|random-search#seed9,arOrch,130,146588263,arOrch_146588263_infrastructure_130,random-search,9,"{""iterations_count"": 1000, ""seed"": 9, ""time_budget_ms"": 300000}",ok,FEASIBLE,True,0.13111407540167683,0.13111407540167683,True,165.23791962500002,39.0,1.0,300006.0,2145160,304.427,,7,1095,
arOrch_146588263_infrastructure_130|evolutionary-heuristics#seed10,arOrch,130,146588263,arOrch_146588263_infrastructure_130,evolutionary-heuristics,10,"{""algorithm"": ""NSGAII"", ""max_evaluations"": 1000, ""operators"": ""UNIFORM"", ""population_size"": 20, ""seed"": 10, ""time_budget_ms"": 300000}",ok,FEASIBLE,True,0.11684043493206184,0.11684043493206184,True,150.51907902,35.0,1.0,300002.0,2270326,304.05,,7,1095,
arOrch_146588263_infrastructure_130|random-search#seed10,arOrch,130,146588263,arOrch_146588263_infrastructure_130,random-search,10,"{""iterations_count"": 1000, ""seed"": 10, ""time_budget_ms"": 300000}",ok,FEASIBLE,True,0.13747635269616176,0.13747635269616176,True,169.96642282,43.5,1.0,300001.0,2168655,304.118,,7,1095,
arOrch_146588263_infrastructure_135|evolutionary-heuristics#seed1,arOrch,135,146588263,arOrch_146588263_infrastructure_135,evolutionary-heuristics,1,"{""algorithm"": ""NSGAII"", ""max_evaluations"": 1000, ""operators"": ""UNIFORM"", ""population_size"": 20, ""seed"": 1, ""time_budget_ms"": 300000}",ok,FEASIBLE,True,0.10025822077378796,0.10025822077378796,True,142.77840015499999,36.0,1.0,300009.0,1822887,307.012,,7,1296,
arOrch_146588263_infrastructure_135|random-search#seed1,arOrch,135,146588263,arOrch_146588263_infrastructure_135,random-search,1,"{""iterations_count"": 1000, ""seed"": 1, ""time_budget_ms"": 300000}",ok,FEASIBLE,True,0.11502158615625035,0.11502158615625035,True,158.80109427500003,43.0,1.0,300009.0,1730839,305.361,,7,1296,
arOrch_146588263_infrastructure_135|evolutionary-heuristics#seed2,arOrch,135,146588263,arOrch_146588263_infrastructure_135,evolutionary-heuristics,2,"{""algorithm"": ""NSGAII"", ""max_evaluations"": 1000, ""operators"": ""UNIFORM"", ""population_size"": 20, ""seed"": 2, ""time_budget_ms"": 300000}",ok,FEASIBLE,True,0.0995056761863612,0.0995056761863612,True,142.891578565,34.5,1.0,300008.0,1797492,305.162,,7,1296,
arOrch_146588263_infrastructure_135|random-search#seed2,arOrch,135,146588263,arOrch_146588263_infrastructure_135,random-search,2,"{""iterations_count"": 1000, ""seed"": 2, ""time_budget_ms"": 300000}",ok,FEASIBLE,True,0.28072502863175064,0.28072502863175064,True,154.99309318,44.5,0.66,300009.0,1701326,305.136,,7,1296,
arOrch_146588263_infrastructure_135|evolutionary-heuristics#seed3,arOrch,135,146588263,arOrch_146588263_infrastructure_135,evolutionary-heuristics,3,"{""algorithm"": ""NSGAII"", ""max_evaluations"": 1000, ""operators"": ""UNIFORM"", ""population_size"": 20, ""seed"": 3, ""time_budget_ms"": 300000}",ok,FEASIBLE,True,0.10025822077378796,0.10025822077378796,True,142.77840015499999,36.0,1.0,299985.0,1857647,306.444,,7,1296,
arOrch_146588263_infrastructure_135|random-search#seed3,arOrch,135,146588263,arOrch_146588263_infrastructure_135,random-search,3,"{""iterations_count"": 1000, ""seed"": 3, ""time_budget_ms"": 300000}",ok,FEASIBLE,True,0.28034500758793457,0.28034500758793457,True,159.31474888499997,38.5,0.66,299985.0,1746921,307.151,,7,1296,
arOrch_146588263_infrastructure_135|evolutionary-heuristics#seed4,arOrch,135,146588263,arOrch_146588263_infrastructure_135,evolutionary-heuristics,4,"{""algorithm"": ""NSGAII"", ""max_evaluations"": 1000, ""operators"": ""UNIFORM"", ""population_size"": 20, ""seed"": 4, ""time_budget_ms"": 300000}",ok,FEASIBLE,True,0.0995056761863612,0.0995056761863612,True,142.891578565,34.5,1.0,300009.0,1865398,305.102,,7,1296,
arOrch_146588263_infrastructure_135|random-search#seed4,arOrch,135,146588263,arOrch_146588263_infrastructure_135,random-search,4,"{""iterations_count"": 1000, ""seed"": 4, ""time_budget_ms"": 300000}",ok,FEASIBLE,True,0.28011996087613467,0.28011996087613467,True,159.390428815,38.0,0.66,300009.0,1784072,305.22,,7,1296,
arOrch_146588263_infrastructure_135|evolutionary-heuristics#seed5,arOrch,135,146588263,arOrch_146588263_infrastructure_135,evolutionary-heuristics,5,"{""algorithm"": ""NSGAII"", ""max_evaluations"": 1000, ""operators"": ""UNIFORM"", ""population_size"": 20, ""seed"": 5, ""time_budget_ms"": 300000}",ok,FEASIBLE,True,0.10064929121093327,0.10064929121093327,True,140.91332996,39.0,1.0,299984.0,1853648,305.115,,7,1296,
arOrch_146588263_infrastructure_135|random-search#seed5,arOrch,135,146588263,arOrch_146588263_infrastructure_135,random-search,5,"{""iterations_count"": 1000, ""seed"": 5, ""time_budget_ms"": 300000}",ok,FEASIBLE,True,0.11925744253047048,0.11925744253047048,True,167.87906179,39.5,1.0,299985.0,1760603,305.171,,7,1296,
arOrch_146588263_infrastructure_135|evolutionary-heuristics#seed6,arOrch,135,146588263,arOrch_146588263_infrastructure_135,evolutionary-heuristics,6,"{""algorithm"": ""NSGAII"", ""max_evaluations"": 1000, ""operators"": ""UNIFORM"", ""population_size"": 20, ""seed"": 6, ""time_budget_ms"": 300000}",ok,FEASIBLE,True,0.0990672618759715,0.0990672618759715,True,141.02650837,36.0,1.0,300009.0,1836879,305.229,,7,1296,
arOrch_146588263_infrastructure_135|random-search#seed6,arOrch,135,146588263,arOrch_146588263_infrastructure_135,random-search,6,"{""iterations_count"": 1000, ""seed"": 6, ""time_budget_ms"": 300000}",ok,FEASIBLE,True,0.276383408610815,0.276383408610815,True,152.67382192999997,39.5,0.66,300009.0,1733925,305.215,,7,1296,
arOrch_146588263_infrastructure_135|evolutionary-heuristics#seed7,arOrch,135,146588263,arOrch_146588263_infrastructure_135,evolutionary-heuristics,7,"{""algorithm"": ""NSGAII"", ""max_evaluations"": 1000, ""operators"": ""UNIFORM"", ""population_size"": 20, ""seed"": 7, ""time_budget_ms"": 300000}",ok,FEASIBLE,True,0.0995056761863612,0.0995056761863612,True,142.891578565,34.5,1.0,300009.0,1839812,306.103,,7,1296,
arOrch_146588263_infrastructure_135|random-search#seed7,arOrch,135,146588263,arOrch_146588263_infrastructure_135,random-search,7,"{""iterations_count"": 1000, ""seed"": 7, ""time_budget_ms"": 300000}",ok,FEASIBLE,True,0.28376664391368633,0.28376664391368633,True,162.72106281499998,40.5,0.66,300010.0,1755547,306.159,,7,1296,
arOrch_146588263_infrastructure_135|evolutionary-heuristics#seed8,arOrch,135,146588263,arOrch_146588263_infrastructure_135,evolutionary-heuristics,8,"{""algorithm"": ""NSGAII"", ""max_evaluations"": 1000, ""operators"": ""UNIFORM"", ""population_size"": 20, ""seed"": 8, ""time_budget_ms"": 300000}",ok,FEASIBLE,True,0.10064929121093327,0.10064929121093327,True,140.91332996,39.0,1.0,299930.0,1847302,305.148,,7,1296,
arOrch_146588263_infrastructure_135|random-search#seed8,arOrch,135,146588263,arOrch_146588263_infrastructure_135,random-search,8,"{""iterations_count"": 1000, ""seed"": 8, ""time_budget_ms"": 300000}",ok,FEASIBLE,True,0.28122403240956584,0.28122403240956584,True,165.081729815,33.0,0.66,299931.0,1770963,305.11,,7,1296,
arOrch_146588263_infrastructure_135|evolutionary-heuristics#seed9,arOrch,135,146588263,arOrch_146588263_infrastructure_135,evolutionary-heuristics,9,"{""algorithm"": ""NSGAII"", ""max_evaluations"": 1000, ""operators"": ""UNIFORM"", ""population_size"": 20, ""seed"": 9, ""time_budget_ms"": 300000}",ok,FEASIBLE,True,0.0990672618759715,0.0990672618759715,True,141.02650837,36.0,1.0,300006.0,1869212,305.22,,7,1296,
arOrch_146588263_infrastructure_135|random-search#seed9,arOrch,135,146588263,arOrch_146588263_infrastructure_135,random-search,9,"{""iterations_count"": 1000, ""seed"": 9, ""time_budget_ms"": 300000}",ok,FEASIBLE,True,0.2712993590645125,0.2712993590645125,True,143.56833446000002,41.5,0.66,300006.0,1773074,305.268,,7,1296,
arOrch_146588263_infrastructure_135|evolutionary-heuristics#seed10,arOrch,135,146588263,arOrch_146588263_infrastructure_135,evolutionary-heuristics,10,"{""algorithm"": ""NSGAII"", ""max_evaluations"": 1000, ""operators"": ""UNIFORM"", ""population_size"": 20, ""seed"": 10, ""time_budget_ms"": 300000}",ok,FEASIBLE,True,0.0990672618759715,0.0990672618759715,True,141.02650837,36.0,1.0,300006.0,1854604,305.15,,7,1296,
arOrch_146588263_infrastructure_135|random-search#seed10,arOrch,135,146588263,arOrch_146588263_infrastructure_135,random-search,10,"{""iterations_count"": 1000, ""seed"": 10, ""time_budget_ms"": 300000}",ok,FEASIBLE,True,0.2813031049787012,0.2813031049787012,True,158.69049316,41.0,0.66,300006.0,1769154,305.306,,7,1296,
arOrch_146588263_infrastructure_140|evolutionary-heuristics#seed1,arOrch,140,146588263,arOrch_146588263_infrastructure_140,evolutionary-heuristics,1,"{""algorithm"": ""NSGAII"", ""max_evaluations"": 1000, ""operators"": ""UNIFORM"", ""population_size"": 20, ""seed"": 1, ""time_budget_ms"": 300000}",ok,FEASIBLE,True,0.09901339892845809,0.0990133989284581,True,140.28210529499998,32.0,1.0,300001.0,1893681,305.096,,7,1253,
arOrch_146588263_infrastructure_140|random-search#seed1,arOrch,140,146588263,arOrch_146588263_infrastructure_140,random-search,1,"{""iterations_count"": 1000, ""seed"": 1, ""time_budget_ms"": 300000}",ok,FEASIBLE,True,0.2851789424670983,0.2851789424670983,True,160.19087605500002,40.5,0.66,300002.0,1742757,305.119,,7,1253,
arOrch_146588263_infrastructure_140|evolutionary-heuristics#seed2,arOrch,140,146588263,arOrch_146588263_infrastructure_140,evolutionary-heuristics,2,"{""algorithm"": ""NSGAII"", ""max_evaluations"": 1000, ""operators"": ""UNIFORM"", ""population_size"": 20, ""seed"": 2, ""time_budget_ms"": 300000}",ok,FEASIBLE,True,0.09901339892845809,0.0990133989284581,True,140.28210529499998,32.0,1.0,300008.0,1871395,305.251,,7,1253,
arOrch_146588263_infrastructure_140|random-search#seed2,arOrch,140,146588263,arOrch_146588263_infrastructure_140,random-search,2,"{""iterations_count"": 1000, ""seed"": 2, ""time_budget_ms"": 300000}",ok,FEASIBLE,True,0.12349647476473542,0.12349647476473542,True,167.225439775,42.0,1.0,300007.0,1758376,305.326,,7,1253,
arOrch_146588263_infrastructure_140|evolutionary-heuristics#seed3,arOrch,140,146588263,arOrch_146588263_infrastructure_140,evolutionary-heuristics,3,"{""algorithm"": ""NSGAII"", ""max_evaluations"": 1000, ""operators"": ""UNIFORM"", ""population_size"": 20, ""seed"": 3, ""time_budget_ms"": 300000}",ok,FEASIBLE,True,0.09901339892845809,0.0990133989284581,True,140.28210529499998,32.0,1.0,300007.0,1882569,305.082,,7,1253,
arOrch_146588263_infrastructure_140|random-search#seed3,arOrch,140,146588263,arOrch_146588263_infrastructure_140,random-search,3,"{""iterations_count"": 1000, ""seed"": 3, ""time_budget_ms"": 300000}",ok,FEASIBLE,True,0.2859496481060875,0.2859496481060875,True,164.023411995,37.0,0.66,300008.0,1747612,305.147,,7,1253,
arOrch_146588263_infrastructure_140|evolutionary-heuristics#seed4,arOrch,140,146588263,arOrch_146588263_infrastructure_140,evolutionary-heuristics,4,"{""algorithm"": ""NSGAII"", ""max_evaluations"": 1000, ""operators"": ""UNIFORM"", ""population_size"": 20, ""seed"": 4, ""time_budget_ms"": 300000}",ok,FEASIBLE,True,0.09901339892845809,0.0990133989284581,True,140.28210529499998,32.0,1.0,300010.0,1767611,305.129,,7,1253,
arOrch_146588263_infrastructure_140|random-search#seed4,arOrch,140,146588263,arOrch_146588263_infrastructure_140,random-search,4,"{""iterations_count"": 1000, ""seed"": 4, ""time_budget_ms"": 300000}",ok,FEASIBLE,True,0.288592178751079,0.288592178751079,True,166.21122763,39.0,0.66,300010.0,1601690,305.123,,7,1253,
arOrch_146588263_infrastructure_140|evolutionary-heuristics#seed5,arOrch,140,146588263,arOrch_146588263_infrastructure_140,evolutionary-heuristics,5,"{""algorithm"": ""NSGAII"", ""max_evaluations"": 1000, ""operators"": ""UNIFORM"", ""population_size"": 20, ""seed"": 5, ""time_budget_ms"": 300000}",ok,FEASIBLE,True,0.09901339892845809,0.0990133989284581,True,140.28210529499998,32.0,1.0,300009.0,1828651,305.957,,7,1253,
arOrch_146588263_infrastructure_140|random-search#seed5,arOrch,140,146588263,arOrch_146588263_infrastructure_140,random-search,5,"{""iterations_count"": 1000, ""seed"": 5, ""time_budget_ms"": 300000}",ok,FEASIBLE,True,0.11818929494589381,0.11818929494589381,True,157.342166865,45.0,1.0,300010.0,1689595,305.95,,7,1253,
arOrch_146588263_infrastructure_140|evolutionary-heuristics#seed6,arOrch,140,146588263,arOrch_146588263_infrastructure_140,evolutionary-heuristics,6,"{""algorithm"": ""NSGAII"", ""max_evaluations"": 1000, ""operators"": ""UNIFORM"", ""population_size"": 20, ""seed"": 6, ""time_budget_ms"": 300000}",ok,FEASIBLE,True,0.09901339892845809,0.0990133989284581,True,140.28210529499998,32.0,1.0,300009.0,1902803,305.291,,7,1253,
arOrch_146588263_infrastructure_140|random-search#seed6,arOrch,140,146588263,arOrch_146588263_infrastructure_140,random-search,6,"{""iterations_count"": 1000, ""seed"": 6, ""time_budget_ms"": 300000}",ok,FEASIBLE,True,0.2864694613095301,0.2864694613095301,True,163.97923958500002,38.0,0.66,300010.0,1754057,305.134,,7,1253,
arOrch_146588263_infrastructure_140|evolutionary-heuristics#seed7,arOrch,140,146588263,arOrch_146588263_infrastructure_140,evolutionary-heuristics,7,"{""algorithm"": ""NSGAII"", ""max_evaluations"": 1000, ""operators"": ""UNIFORM"", ""population_size"": 20, ""seed"": 7, ""time_budget_ms"": 300000}",ok,FEASIBLE,True,0.09901339892845809,0.0990133989284581,True,140.28210529499998,32.0,1.0,300050.0,1877796,305.429,,7,1253,
arOrch_146588263_infrastructure_140|random-search#seed7,arOrch,140,146588263,arOrch_146588263_infrastructure_140,random-search,7,"{""iterations_count"": 1000, ""seed"": 7, ""time_budget_ms"": 300000}",ok,FEASIBLE,True,0.11206376661098134,0.11206376661098134,True,147.86145841,46.0,1.0,300050.0,1740825,305.29,,7,1253,
arOrch_146588263_infrastructure_140|evolutionary-heuristics#seed8,arOrch,140,146588263,arOrch_146588263_infrastructure_140,evolutionary-heuristics,8,"{""algorithm"": ""NSGAII"", ""max_evaluations"": 1000, ""operators"": ""UNIFORM"", ""population_size"": 20, ""seed"": 8, ""time_budget_ms"": 300000}",ok,FEASIBLE,True,0.09901339892845809,0.0990133989284581,True,140.28210529499998,32.0,1.0,300010.0,1855640,305.219,,7,1253,
arOrch_146588263_infrastructure_140|random-search#seed8,arOrch,140,146588263,arOrch_146588263_infrastructure_140,random-search,8,"{""iterations_count"": 1000, ""seed"": 8, ""time_budget_ms"": 300000}",ok,FEASIBLE,True,0.12760838181732465,0.12760838181732465,True,169.93516535999998,46.0,1.0,300009.0,1707492,305.327,,7,1253,
arOrch_146588263_infrastructure_140|evolutionary-heuristics#seed9,arOrch,140,146588263,arOrch_146588263_infrastructure_140,evolutionary-heuristics,9,"{""algorithm"": ""NSGAII"", ""max_evaluations"": 1000, ""operators"": ""UNIFORM"", ""population_size"": 20, ""seed"": 9, ""time_budget_ms"": 300000}",ok,FEASIBLE,True,0.09901339892845809,0.0990133989284581,True,140.28210529499998,32.0,1.0,299985.0,1865741,305.224,,7,1253,
arOrch_146588263_infrastructure_140|random-search#seed9,arOrch,140,146588263,arOrch_146588263_infrastructure_140,random-search,9,"{""iterations_count"": 1000, ""seed"": 9, ""time_budget_ms"": 300000}",ok,FEASIBLE,True,0.11523303314301178,0.11523303314301178,True,158.62044073,38.0,1.0,299984.0,1736625,305.263,,7,1253,
arOrch_146588263_infrastructure_140|evolutionary-heuristics#seed10,arOrch,140,146588263,arOrch_146588263_infrastructure_140,evolutionary-heuristics,10,"{""algorithm"": ""NSGAII"", ""max_evaluations"": 1000, ""operators"": ""UNIFORM"", ""population_size"": 20, ""seed"": 10, ""time_budget_ms"": 300000}",ok,FEASIBLE,True,0.09901339892845809,0.0990133989284581,True,140.28210529499998,32.0,1.0,300031.0,1881746,305.205,,7,1253,
arOrch_146588263_infrastructure_140|random-search#seed10,arOrch,140,146588263,arOrch_146588263_infrastructure_140,random-search,10,"{""iterations_count"": 1000, ""seed"": 10, ""time_budget_ms"": 300000}",ok,FEASIBLE,True,0.2840840346145597,0.2840840346145597,True,157.85376304,41.5,0.66,300032.0,1753119,305.353,,7,1253,
arOrch_146588263_infrastructure_145|evolutionary-heuristics#seed1,arOrch,145,146588263,arOrch_146588263_infrastructure_145,evolutionary-heuristics,1,"{""algorithm"": ""NSGAII"", ""max_evaluations"": 1000, ""operators"": ""UNIFORM"", ""population_size"": 20, ""seed"": 1, ""time_budget_ms"": 300000}",ok,FEASIBLE,True,0.0982032491400146,0.0982032491400146,True,141.62574837,30.5,1.0,300008.0,2015686,305.098,,7,1244,
arOrch_146588263_infrastructure_145|random-search#seed1,arOrch,145,146588263,arOrch_146588263_infrastructure_145,random-search,1,"{""iterations_count"": 1000, ""seed"": 1, ""time_budget_ms"": 300000}",ok,FEASIBLE,True,0.2802059339015627,0.2802059339015627,True,158.125327135,36.0,0.66,300009.0,1917571,305.214,,7,1244,
arOrch_146588263_infrastructure_145|evolutionary-heuristics#seed2,arOrch,145,146588263,arOrch_146588263_infrastructure_145,evolutionary-heuristics,2,"{""algorithm"": ""NSGAII"", ""max_evaluations"": 1000, ""operators"": ""UNIFORM"", ""population_size"": 20, ""seed"": 2, ""time_budget_ms"": 300000}",ok,FEASIBLE,True,0.0982032491400146,0.0982032491400146,True,141.62574837,30.5,1.0,300011.0,2032295,304.975,,7,1244,
arOrch_146588263_infrastructure_145|random-search#seed2,arOrch,145,146588263,arOrch_146588263_infrastructure_145,random-search,2,"{""iterations_count"": 1000, ""seed"": 2, ""time_budget_ms"": 300000}",ok,FEASIBLE,True,0.28133598692093814,0.28133598692093814,True,159.74769571,36.0,0.66,300009.0,1921203,305.009,,7,1244,
arOrch_146588263_infrastructure_145|evolutionary-heuristics#seed3,arOrch,145,146588263,arOrch_146588263_infrastructure_145,evolutionary-heuristics,3,"{""algorithm"": ""NSGAII"", ""max_evaluations"": 1000, ""operators"": ""UNIFORM"", ""population_size"": 20, ""seed"": 3, ""time_budget_ms"": 300000}",ok,FEASIBLE,True,0.0982032491400146,0.0982032491400146,True,141.62574837,30.5,1.0,299924.0,2036338,305.002,,7,1244,
arOrch_146588263_infrastructure_145|random-search#seed3,arOrch,145,146588263,arOrch_146588263_infrastructure_145,random-search,3,"{""iterations_count"": 1000, ""seed"": 3, ""time_budget_ms"": 300000}",ok,FEASIBLE,True,0.27781689000746335,0.27781689000746335,True,154.695479445,36.0,0.66,299923.0,1913791,305.011,,7,1244,
arOrch_146588263_infrastructure_145|evolutionary-heuristics#seed4,arOrch,145,146588263,arOrch_146588263_infrastructure_145,evolutionary-heuristics,4,"{""algorithm"": ""NSGAII"", ""max_evaluations"": 1000, ""operators"": ""UNIFORM"", ""population_size"": 20, ""seed"": 4, ""time_budget_ms"": 300000}",ok,FEASIBLE,True,0.0982032491400146,0.0982032491400146,True,141.62574837,30.5,1.0,299996.0,2004591,305.057,,7,1244,
arOrch_146588263_infrastructure_145|random-search#seed4,arOrch,145,146588263,arOrch_146588263_infrastructure_145,random-search,4,"{""iterations_count"": 1000, ""seed"": 4, ""time_budget_ms"": 300000}",ok,FEASIBLE,True,0.2830075378613894,0.2830075378613894,True,161.35203831,37.0,0.66,299997.0,1895511,305.163,,7,1244,
arOrch_146588263_infrastructure_145|evolutionary-heuristics#seed5,arOrch,145,146588263,arOrch_146588263_infrastructure_145,evolutionary-heuristics,5,"{""algorithm"": ""NSGAII"", ""max_evaluations"": 1000, ""operators"": ""UNIFORM"", ""population_size"": 20, ""seed"": 5, ""time_budget_ms"": 300000}",ok,FEASIBLE,True,0.0982032491400146,0.0982032491400146,True,141.62574837,30.5,1.0,300001.0,2027607,305.125,,7,1244,
arOrch_146588263_infrastructure_145|random-search#seed5,arOrch,145,146588263,arOrch_146588263_infrastructure_145,random-search,5,"{""iterations_count"": 1000, ""seed"": 5, ""time_budget_ms"": 300000}",ok,FEASIBLE,True,0.283658514133579,0.283658514133579,True,161.88890134,37.5,0.66,300002.0,1917794,305.15,,7,1244,
arOrch_146588263_infrastructure_145|evolutionary-heuristics#seed6,arOrch,145,146588263,arOrch_146588263_infrastructure_145,evolutionary-heuristics,6,"{""algorithm"": ""NSGAII"", ""max_evaluations"": 1000, ""operators"": ""UNIFORM"", ""population_size"": 20, ""seed"": 6, ""time_budget_ms"": 300000}",ok,FEASIBLE,True,0.0982032491400146,0.0982032491400146,True,141.62574837,30.5,1.0,300019.0,1841954,305.115,,7,1244,
arOrch_146588263_infrastructure_145|random-search#seed6,arOrch,145,146588263,arOrch_146588263_infrastructure_145,random-search,6,"{""iterations_count"": 1000, ""seed"": 6, ""time_budget_ms"": 300000}",ok,FEASIBLE,True,0.2915842388271497,0.2915842388271497,True,169.68808305500002,42.0,0.66,300020.0,1709269,305.016,,7,1244,
arOrch_146588263_infrastructure_145|evolutionary-heuristics#seed7,arOrch,145,146588263,arOrch_146588263_infrastructure_145,evolutionary-heuristics,7,"{""algorithm"": ""NSGAII"", ""max_evaluations"": 1000, ""operators"": ""UNIFORM"", ""population_size"": 20, ""seed"": 7, ""time_budget_ms"": 300000}",ok,FEASIBLE,True,0.0982032491400146,0.0982032491400146,True,141.62574837,30.5,1.0,300006.0,1985565,306.193,,7,1244,
arOrch_146588263_infrastructure_145|random-search#seed7,arOrch,145,146588263,arOrch_146588263_infrastructure_145,random-search,7,"{""iterations_count"": 1000, ""seed"": 7, ""time_budget_ms"": 300000}",ok,FEASIBLE,True,0.11728556401961139,0.11728556401961139,True,162.26024223500002,39.0,1.0,300007.0,1872249,305.915,,7,1244,
arOrch_146588263_infrastructure_145|evolutionary-heuristics#seed8,arOrch,145,146588263,arOrch_146588263_infrastructure_145,evolutionary-heuristics,8,"{""algorithm"": ""NSGAII"", ""max_evaluations"": 1000, ""operators"": ""UNIFORM"", ""population_size"": 20, ""seed"": 8, ""time_budget_ms"": 300000}",ok,FEASIBLE,True,0.0982032491400146,0.0982032491400146,True,141.62574837,30.5,1.0,300006.0,2010321,305.38,,7,1244,
arOrch_146588263_infrastructure_145|random-search#seed8,arOrch,145,146588263,arOrch_146588263_infrastructure_145,random-search,8,"{""iterations_count"": 1000, ""seed"": 8, ""time_budget_ms"": 300000}",ok,FEASIBLE,True,0.2816723721380343,0.2816723721380343,True,157.84433568,39.0,0.66,300006.0,1889822,305.361,,7,1244,
arOrch_146588263_infrastructure_145|evolutionary-heuristics#seed9,arOrch,145,146588263,arOrch_146588263_infrastructure_145,evolutionary-heuristics,9,"{""algorithm"": ""NSGAII"", ""max_evaluations"": 1000, ""operators"": ""UNIFORM"", ""population_size"": 20, ""seed"": 9, ""time_budget_ms"": 300000}",ok,FEASIBLE,True,0.0982032491400146,0.0982032491400146,True,141.62574837,30.5,1.0,300021.0,2019652,305.45,,7,1244,
arOrch_146588263_infrastructure_145|random-search#seed9,arOrch,145,146588263,arOrch_146588263_infrastructure_145,random-search,9,"{""iterations_count"": 1000, ""seed"": 9, ""time_budget_ms"": 300000}",ok,FEASIBLE,True,0.1264033103585519,0.1264033103585519,True,171.37304258,44.0,1.0,300022.0,1897393,305.349,,7,1244,
arOrch_146588263_infrastructure_145|evolutionary-heuristics#seed10,arOrch,145,146588263,arOrch_146588263_infrastructure_145,evolutionary-heuristics,10,"{""algorithm"": ""NSGAII"", ""max_evaluations"": 1000, ""operators"": ""UNIFORM"", ""population_size"": 20, ""seed"": 10, ""time_budget_ms"": 300000}",ok,FEASIBLE,True,0.0982032491400146,0.0982032491400146,True,141.62574837,30.5,1.0,300009.0,1900753,304.992,,7,1244,
arOrch_146588263_infrastructure_145|random-search#seed10,arOrch,145,146588263,arOrch_146588263_infrastructure_145,random-search,10,"{""iterations_count"": 1000, ""seed"": 10, ""time_budget_ms"": 300000}",ok,FEASIBLE,True,0.28387044720452215,0.28387044720452215,True,162.590880185,37.0,0.66,300009.0,1778718,305.272,,7,1244,
arOrch_146588263_infrastructure_150|evolutionary-heuristics#seed1,arOrch,150,146588263,arOrch_146588263_infrastructure_150,evolutionary-heuristics,1,"{""algorithm"": ""NSGAII"", ""max_evaluations"": 1000, ""operators"": ""UNIFORM"", ""population_size"": 20, ""seed"": 1, ""time_budget_ms"": 300000}",ok,FEASIBLE,True,0.12729560426880226,0.12729560426880226,True,152.66841576500002,31.5,1.0,300009.0,1996811,306.529,,7,1501,
arOrch_146588263_infrastructure_150|random-search#seed1,arOrch,150,146588263,arOrch_146588263_infrastructure_150,random-search,1,"{""iterations_count"": 1000, ""seed"": 1, ""time_budget_ms"": 300000}",ok,FEASIBLE,True,0.135964204982644,0.135964204982644,True,153.03166460499997,46.5,1.0,300009.0,1805077,306.804,,7,1501,
arOrch_146588263_infrastructure_150|evolutionary-heuristics#seed2,arOrch,150,146588263,arOrch_146588263_infrastructure_150,evolutionary-heuristics,2,"{""algorithm"": ""NSGAII"", ""max_evaluations"": 1000, ""operators"": ""UNIFORM"", ""population_size"": 20, ""seed"": 2, ""time_budget_ms"": 300000}",ok,FEASIBLE,True,0.12729560426880226,0.12729560426880226,True,152.66841576500002,31.5,1.0,299953.0,2052644,306.052,,7,1501,
arOrch_146588263_infrastructure_150|random-search#seed2,arOrch,150,146588263,arOrch_146588263_infrastructure_150,random-search,2,"{""iterations_count"": 1000, ""seed"": 2, ""time_budget_ms"": 300000}",ok,FEASIBLE,True,0.3096878829124462,0.3096878829124462,True,165.69479289999998,38.0,0.66,299952.0,1841141,306.235,,7,1501,
arOrch_146588263_infrastructure_150|evolutionary-heuristics#seed3,arOrch,150,146588263,arOrch_146588263_infrastructure_150,evolutionary-heuristics,3,"{""algorithm"": ""NSGAII"", ""max_evaluations"": 1000, ""operators"": ""UNIFORM"", ""population_size"": 20, ""seed"": 3, ""time_budget_ms"": 300000}",ok,FEASIBLE,True,0.12729560426880226,0.12729560426880226,True,152.66841576500002,31.5,1.0,300006.0,2036791,305.878,,7,1501,
arOrch_146588263_infrastructure_150|random-search#seed3,arOrch,150,146588263,arOrch_146588263_infrastructure_150,random-search,3,"{""iterations_count"": 1000, ""seed"": 3, ""time_budget_ms"": 300000}",ok,FEASIBLE,True,0.15133160496677284,0.15133160496677284,True,173.617693895,42.0,1.0,300007.0,1848988,305.892,,7,1501,
arOrch_146588263_infrastructure_150|evolutionary-heuristics#seed4,arOrch,150,146588263,arOrch_146588263_infrastructure_150,evolutionary-heuristics,4,"{""algorithm"": ""NSGAII"", ""max_evaluations"": 1000, ""operators"": ""UNIFORM"", ""population_size"": 20, ""seed"": 4, ""time_budget_ms"": 300000}",ok,FEASIBLE,True,0.12729560426880226,0.12729560426880226,True,152.66841576500002,31.5,1.0,300005.0,2072998,305.986,,7,1501,
arOrch_146588263_infrastructure_150|random-search#seed4,arOrch,150,146588263,arOrch_146588263_infrastructure_150,random-search,4,"{""iterations_count"": 1000, ""seed"": 4, ""time_budget_ms"": 300000}",ok,FEASIBLE,True,0.15453233660193333,0.15453233660193333,True,174.73860562,46.0,1.0,300006.0,1861860,305.891,,7,1501,
arOrch_146588263_infrastructure_150|evolutionary-heuristics#seed5,arOrch,150,146588263,arOrch_146588263_infrastructure_150,evolutionary-heuristics,5,"{""algorithm"": ""NSGAII"", ""max_evaluations"": 1000, ""operators"": ""UNIFORM"", ""population_size"": 20, ""seed"": 5, ""time_budget_ms"": 300000}",ok,FEASIBLE,True,0.12729560426880226,0.12729560426880226,True,152.66841576500002,31.5,1.0,300019.0,2029884,305.963,,7,1501,
arOrch_146588263_infrastructure_150|random-search#seed5,arOrch,150,146588263,arOrch_146588263_infrastructure_150,random-search,5,"{""iterations_count"": 1000, ""seed"": 5, ""time_budget_ms"": 300000}",ok,FEASIBLE,True,0.14278131509458702,0.14278131509458702,True,166.976714295,37.0,1.0,300020.0,1821186,305.976,,7,1501,
arOrch_146588263_infrastructure_150|evolutionary-heuristics#seed6,arOrch,150,146588263,arOrch_146588263_infrastructure_150,evolutionary-heuristics,6,"{""algorithm"": ""NSGAII"", ""max_evaluations"": 1000, ""operators"": ""UNIFORM"", ""population_size"": 20, ""seed"": 6, ""time_budget_ms"": 300000}",ok,FEASIBLE,True,0.12729560426880226,0.12729560426880226,True,152.66841576500002,31.5,1.0,300009.0,2061864,306.143,,7,1501,
arOrch_146588263_infrastructure_150|random-search#seed6,arOrch,150,146588263,arOrch_146588263_infrastructure_150,random-search,6,"{""iterations_count"": 1000, ""seed"": 6, ""time_budget_ms"": 300000}",ok,FEASIBLE,True,0.14554692238356642,0.14554692238356642,True,167.91716217500002,40.5,1.0,300010.0,1842968,305.906,,7,1501,
arOrch_146588263_infrastructure_150|evolutionary-heuristics#seed7,arOrch,150,146588263,arOrch_146588263_infrastructure_150,evolutionary-heuristics,7,"{""algorithm"": ""NSGAII"", ""max_evaluations"": 1000, ""operators"": ""UNIFORM"", ""population_size"": 20, ""seed"": 7, ""time_budget_ms"": 300000}",ok,FEASIBLE,True,0.12729560426880226,0.12729560426880226,True,152.66841576500002,31.5,1.0,300009.0,2038788,305.909,,7,1501,
arOrch_146588263_infrastructure_150|random-search#seed7,arOrch,150,146588263,arOrch_146588263_infrastructure_150,random-search,7,"{""iterations_count"": 1000, ""seed"": 7, ""time_budget_ms"": 300000}",ok,FEASIBLE,True,0.14956574037353923,0.14956574037353923,True,170.621722065,43.5,1.0,300010.0,1838094,306.096,,7,1501,
arOrch_146588263_infrastructure_150|evolutionary-heuristics#seed8,arOrch,150,146588263,arOrch_146588263_infrastructure_150,evolutionary-heuristics,8,"{""algorithm"": ""NSGAII"", ""max_evaluations"": 1000, ""operators"": ""UNIFORM"", ""population_size"": 20, ""seed"": 8, ""time_budget_ms"": 300000}",ok,FEASIBLE,True,0.12729560426880226,0.12729560426880226,True,152.66841576500002,31.5,1.0,299971.0,1824118,306.209,,7,1501,
arOrch_146588263_infrastructure_150|random-search#seed8,arOrch,150,146588263,arOrch_146588263_infrastructure_150,random-search,8,"{""iterations_count"": 1000, ""seed"": 8, ""time_budget_ms"": 300000}",ok,FEASIBLE,True,0.15341498646348664,0.15341498646348664,True,174.734473355,44.0,1.0,299971.0,1623758,306.176,,7,1501,
arOrch_146588263_infrastructure_150|evolutionary-heuristics#seed9,arOrch,150,146588263,arOrch_146588263_infrastructure_150,evolutionary-heuristics,9,"{""algorithm"": ""NSGAII"", ""max_evaluations"": 1000, ""operators"": ""UNIFORM"", ""population_size"": 20, ""seed"": 9, ""time_budget_ms"": 300000}",ok,FEASIBLE,True,0.12729560426880226,0.12729560426880226,True,152.66841576500002,31.5,1.0,300001.0,1976842,307.454,,7,1501,
arOrch_146588263_infrastructure_150|random-search#seed9,arOrch,150,146588263,arOrch_146588263_infrastructure_150,random-search,9,"{""iterations_count"": 1000, ""seed"": 9, ""time_budget_ms"": 300000}",ok,FEASIBLE,True,0.1535900823003957,0.1535900823003957,True,174.93614371500001,44.0,1.0,300002.0,1765572,306.602,,7,1501,
arOrch_146588263_infrastructure_150|evolutionary-heuristics#seed10,arOrch,150,146588263,arOrch_146588263_infrastructure_150,evolutionary-heuristics,10,"{""algorithm"": ""NSGAII"", ""max_evaluations"": 1000, ""operators"": ""UNIFORM"", ""population_size"": 20, ""seed"": 10, ""time_budget_ms"": 300000}",ok,FEASIBLE,True,0.12729560426880226,0.12729560426880226,True,152.66841576500002,31.5,1.0,300009.0,2007330,305.908,,7,1501,
arOrch_146588263_infrastructure_150|random-search#seed10,arOrch,150,146588263,arOrch_146588263_infrastructure_150,random-search,10,"{""iterations_count"": 1000, ""seed"": 10, ""time_budget_ms"": 300000}",ok,FEASIBLE,True,0.30840254809034023,0.30840254809034023,True,163.25228147,39.5,0.66,300009.0,1811370,305.956,,7,1501,
arOrch_146588263_infrastructure_155|evolutionary-heuristics#seed1,arOrch,155,146588263,arOrch_146588263_infrastructure_155,evolutionary-heuristics,1,"{""algorithm"": ""NSGAII"", ""max_evaluations"": 1000, ""operators"": ""UNIFORM"", ""population_size"": 20, ""seed"": 1, ""time_budget_ms"": 300000}",ok,FEASIBLE,True,0.11141611890356153,0.11141611890356153,True,156.83957061,35.0,1.0,300022.0,1812527,307.34,,7,1706,
arOrch_146588263_infrastructure_155|random-search#seed1,arOrch,155,146588263,arOrch_146588263_infrastructure_155,random-search,1,"{""iterations_count"": 1000, ""seed"": 1, ""time_budget_ms"": 300000}",ok,FEASIBLE,True,0.13233001504303923,0.13233001504303923,True,180.94602024000002,42.5,1.0,300022.0,1697244,307.409,,7,1706,
arOrch_146588263_infrastructure_155|evolutionary-heuristics#seed2,arOrch,155,146588263,arOrch_146588263_infrastructure_155,evolutionary-heuristics,2,"{""algorithm"": ""NSGAII"", ""max_evaluations"": 1000, ""operators"": ""UNIFORM"", ""population_size"": 20, ""seed"": 2, ""time_budget_ms"": 300000}",ok,FEASIBLE,True,0.11141611890356153,0.11141611890356153,True,156.83957061,35.0,1.0,300009.0,1789312,307.183,,7,1706,
arOrch_146588263_infrastructure_155|random-search#seed2,arOrch,155,146588263,arOrch_146588263_infrastructure_155,random-search,2,"{""iterations_count"": 1000, ""seed"": 2, ""time_budget_ms"": 300000}",ok,FEASIBLE,True,0.29172799574680763,0.29172799574680763,True,173.32081237,37.5,0.66,300009.0,1660839,307.019,,7,1706,
arOrch_146588263_infrastructure_155|evolutionary-heuristics#seed3,arOrch,155,146588263,arOrch_146588263_infrastructure_155,evolutionary-heuristics,3,"{""algorithm"": ""NSGAII"", ""max_evaluations"": 1000, ""operators"": ""UNIFORM"", ""population_size"": 20, ""seed"": 3, ""time_budget_ms"": 300000}",ok,FEASIBLE,True,0.11172314149953316,0.11172314149953316,True,156.488178625,36.0,1.0,300009.0,1788215,307.1,,7,1706,
arOrch_146588263_infrastructure_155|random-search#seed3,arOrch,155,146588263,arOrch_146588263_infrastructure_155,random-search,3,"{""iterations_count"": 1000, ""seed"": 3, ""time_budget_ms"": 300000}",ok,FEASIBLE,True,0.13260308674268526,0.13260308674268526,True,181.73466,42.0,1.0,300010.0,1670397,307.422,,7,1706,
arOrch_146588263_infrastructure_155|evolutionary-heuristics#seed4,arOrch,155,146588263,arOrch_146588263_infrastructure_155,evolutionary-heuristics,4,"{""algorithm"": ""NSGAII"", ""max_evaluations"": 1000, ""operators"": ""UNIFORM"", ""population_size"": 20, ""seed"": 4, ""time_budget_ms"": 300000}",ok,FEASIBLE,True,0.11172314149953316,0.11172314149953316,True,156.488178625,36.0,1.0,300000.0,1818913,307.029,,7,1706,
arOrch_146588263_infrastructure_155|random-search#seed4,arOrch,155,146588263,arOrch_146588263_infrastructure_155,random-search,4,"{""iterations_count"": 1000, ""seed"": 4, ""time_budget_ms"": 300000}",ok,FEASIBLE,True,0.13433885392150582,0.13433885392150582,True,182.64364327,44.0,1.0,300001.0,1699830,307.234,,7,1706,
arOrch_146588263_infrastructure_155|evolutionary-heuristics#seed5,arOrch,155,146588263,arOrch_146588263_infrastructure_155,evolutionary-heuristics,5,"{""algorithm"": ""NSGAII"", ""max_evaluations"": 1000, ""operators"": ""UNIFORM"", ""population_size"": 20, ""seed"": 5, ""time_budget_ms"": 300000}",ok,FEASIBLE,True,0.11172314149953316,0.11172314149953316,True,156.488178625,36.0,1.0,300010.0,1837487,307.91,,7,1706,
arOrch_146588263_infrastructure_155|random-search#seed5,arOrch,155,146588263,arOrch_146588263_infrastructure_155,random-search,5,"{""iterations_count"": 1000, ""seed"": 5, ""time_budget_ms"": 300000}",ok,FEASIBLE,True,0.13278475225697803,0.13278475225697803,True,181.203146345,43.0,1.0,300009.0,1704609,307.967,,7,1706,
arOrch_146588263_infrastructure_155|evolutionary-heuristics#seed6,arOrch,155,146588263,arOrch_146588263_infrastructure_155,evolutionary-heuristics,6,"{""algorithm"": ""NSGAII"", ""max_evaluations"": 1000, ""operators"": ""UNIFORM"", ""population_size"": 20, ""seed"": 6, ""time_budget_ms"": 300000}",ok,FEASIBLE,True,0.11141611890356153,0.11141611890356153,True,156.83957061,35.0,1.0,300009.0,1829097,306.97,,7,1706,
arOrch_146588263_infrastructure_155|random-search#seed6,arOrch,155,146588263,arOrch_146588263_infrastructure_155,random-search,6,"{""iterations_count"": 1000, ""seed"": 6, ""time_budget_ms"": 300000}",ok,FEASIBLE,True,0.1288874132696487,0.1288874132696487,True,173.22555239500002,46.0,1.0,300010.0,1690525,307.208,,7,1706,
arOrch_146588263_infrastructure_155|evolutionary-heuristics#seed7,arOrch,155,146588263,arOrch_146588263_infrastructure_155,evolutionary-heuristics,7,"{""algorithm"": ""NSGAII"", ""max_evaluations"": 1000, ""operators"": ""UNIFORM"", ""population_size"": 20, ""seed"": 7, ""time_budget_ms"": 300000}",ok,FEASIBLE,True,0.11141611890356153,0.11141611890356153,True,156.83957061,35.0,1.0,299965.0,1822020,307.33,,7,1706,
arOrch_146588263_infrastructure_155|random-search#seed7,arOrch,155,146588263,arOrch_146588263_infrastructure_155,random-search,7,"{""iterations_count"": 1000, ""seed"": 7, ""time_budget_ms"": 300000}",ok,FEASIBLE,True,0.13414239598791716,0.13414239598791716,True,182.75763058500002,43.5,1.0,299964.0,1705239,308.294,,7,1706,
arOrch_146588263_infrastructure_155|evolutionary-heuristics#seed8,arOrch,155,146588263,arOrch_146588263_infrastructure_155,evolutionary-heuristics,8,"{""algorithm"": ""NSGAII"", ""max_evaluations"": 1000, ""operators"": ""UNIFORM"", ""population_size"": 20, ""seed"": 8, ""time_budget_ms"": 300000}",ok,FEASIBLE,True,0.1130972878969751,0.1130972878969751,True,157.670103455,37.0,1.0,300007.0,1809886,309.155,,7,1706,
arOrch_146588263_infrastructure_155|random-search#seed8,arOrch,155,146588263,arOrch_146588263_infrastructure_155,random-search,8,"{""iterations_count"": 1000, ""seed"": 8, ""time_budget_ms"": 300000}",ok,FEASIBLE,True,0.12761362276943555,0.12761362276943555,True,172.187825815,45.0,1.0,300008.0,1684913,307.994,,7,1706,
arOrch_146588263_infrastructure_155|evolutionary-heuristics#seed9,arOrch,155,146588263,arOrch_146588263_infrastructure_155,evolutionary-heuristics,9,"{""algorithm"": ""NSGAII"", ""max_evaluations"": 1000, ""operators"": ""UNIFORM"", ""population_size"": 20, ""seed"": 9, ""time_budget_ms"": 300000}",ok,FEASIBLE,True,0.11172314149953316,0.11172314149953316,True,156.488178625,36.0,1.0,300007.0,1772440,306.855,,7,1706,
arOrch_146588263_infrastructure_155|random-search#seed9,arOrch,155,146588263,arOrch_146588263_infrastructure_155,random-search,9,"{""iterations_count"": 1000, ""seed"": 9, ""time_budget_ms"": 300000}",ok,FEASIBLE,True,0.29480043803655753,0.29480043803655753,True,174.961607575,41.0,0.66,300008.0,1637478,307.634,,7,1706,
arOrch_146588263_infrastructure_155|evolutionary-heuristics#seed10,arOrch,155,146588263,arOrch_146588263_infrastructure_155,evolutionary-heuristics,10,"{""algorithm"": ""NSGAII"", ""max_evaluations"": 1000, ""operators"": ""UNIFORM"", ""population_size"": 20, ""seed"": 10, ""time_budget_ms"": 300000}",ok,FEASIBLE,True,0.11172314149953316,0.11172314149953316,True,156.488178625,36.0,1.0,299982.0,1685559,308.759,,7,1706,
arOrch_146588263_infrastructure_155|random-search#seed10,arOrch,155,146588263,arOrch_146588263_infrastructure_155,random-search,10,"{""iterations_count"": 1000, ""seed"": 10, ""time_budget_ms"": 300000}",ok,FEASIBLE,True,0.28594654545196146,0.28594654545196146,True,163.032269385,40.0,0.66,299982.0,1593115,309.042,,7,1706,
arOrch_146588263_infrastructure_160|evolutionary-heuristics#seed1,arOrch,160,146588263,arOrch_146588263_infrastructure_160,evolutionary-heuristics,1,"{""algorithm"": ""NSGAII"", ""max_evaluations"": 1000, ""operators"": ""UNIFORM"", ""population_size"": 20, ""seed"": 1, ""time_budget_ms"": 300000}",ok,FEASIBLE,True,0.12884302760570035,0.12884302760570035,True,139.08397734,41.0,1.0,300008.0,2007990,305.912,,7,1406,
arOrch_146588263_infrastructure_160|random-search#seed1,arOrch,160,146588263,arOrch_146588263_infrastructure_160,random-search,1,"{""iterations_count"": 1000, ""seed"": 1, ""time_budget_ms"": 300000}",ok,FEASIBLE,True,0.15576526027465504,0.15576526027465504,True,165.08892914499998,46.0,1.0,300008.0,1851949,305.975,,7,1406,
arOrch_146588263_infrastructure_160|evolutionary-heuristics#seed2,arOrch,160,146588263,arOrch_146588263_infrastructure_160,evolutionary-heuristics,2,"{""algorithm"": ""NSGAII"", ""max_evaluations"": 1000, ""operators"": ""UNIFORM"", ""population_size"": 20, ""seed"": 2, ""time_budget_ms"": 300000}",ok,FEASIBLE,True,0.12884302760570035,0.12884302760570035,True,139.08397734,41.0,1.0,300008.0,2002332,306.171,,7,1406,
arOrch_146588263_infrastructure_160|random-search#seed2,arOrch,160,146588263,arOrch_146588263_infrastructure_160,random-search,2,"{""iterations_count"": 1000, ""seed"": 2, ""time_budget_ms"": 300000}",ok,FEASIBLE,True,0.14615056899854878,0.14615056899854878,True,154.738983865,46.0,1.0,300008.0,1860935,306.16,,7,1406,
arOrch_146588263_infrastructure_160|evolutionary-heuristics#seed3,arOrch,160,146588263,arOrch_146588263_infrastructure_160,evolutionary-heuristics,3,"{""algorithm"": ""NSGAII"", ""max_evaluations"": 1000, ""operators"": ""UNIFORM"", ""population_size"": 20, ""seed"": 3, ""time_budget_ms"": 300000}",ok,FEASIBLE,True,0.12884302760570035,0.12884302760570035,True,139.08397734,41.0,1.0,300001.0,2038881,305.739,,7,1406,
arOrch_146588263_infrastructure_160|random-search#seed3,arOrch,160,146588263,arOrch_146588263_infrastructure_160,random-search,3,"{""iterations_count"": 1000, ""seed"": 3, ""time_budget_ms"": 300000}",ok,FEASIBLE,True,0.1627018149530121,0.1627018149530121,True,173.74636594,44.0,1.0,300001.0,1855831,305.728,,7,1406,
arOrch_146588263_infrastructure_160|evolutionary-heuristics#seed4,arOrch,160,146588263,arOrch_146588263_infrastructure_160,evolutionary-heuristics,4,"{""algorithm"": ""NSGAII"", ""max_evaluations"": 1000, ""operators"": ""UNIFORM"", ""population_size"": 20, ""seed"": 4, ""time_budget_ms"": 300000}",ok,FEASIBLE,True,0.12884302760570035,0.12884302760570035,True,139.08397734,41.0,1.0,300008.0,2014168,306.826,,7,1406,
arOrch_146588263_infrastructure_160|random-search#seed4,arOrch,160,146588263,arOrch_146588263_infrastructure_160,random-search,4,"{""iterations_count"": 1000, ""seed"": 4, ""time_budget_ms"": 300000}",ok,FEASIBLE,True,0.15598165104962577,0.15598165104962577,True,168.000336115,41.5,1.0,300009.0,1882095,306.367,,7,1406,
arOrch_146588263_infrastructure_160|evolutionary-heuristics#seed5,arOrch,160,146588263,arOrch_146588263_infrastructure_160,evolutionary-heuristics,5,"{""algorithm"": ""NSGAII"", ""max_evaluations"": 1000, ""operators"": ""UNIFORM"", ""population_size"": 20, ""seed"": 5, ""time_budget_ms"": 300000}",ok,FEASIBLE,True,0.12884302760570035,0.12884302760570035,True,139.08397734,41.0,1.0,300009.0,2047010,305.536,,7,1406,
arOrch_146588263_infrastructure_160|random-search#seed5,arOrch,160,146588263,arOrch_146588263_infrastructure_160,random-search,5,"{""iterations_count"": 1000, ""seed"": 5, ""time_budget_ms"": 300000}",ok,FEASIBLE,True,0.14864609555610045,0.14864609555610045,True,158.615778545,44.0,1.0,300009.0,1888689,305.692,,7,1406,
arOrch_146588263_infrastructure_160|evolutionary-heuristics#seed6,arOrch,160,146588263,arOrch_146588263_infrastructure_160,evolutionary-heuristics,6,"{""algorithm"": ""NSGAII"", ""max_evaluations"": 1000, ""operators"": ""UNIFORM"", ""population_size"": 20, ""seed"": 6, ""time_budget_ms"": 300000}",ok,FEASIBLE,True,0.12884302760570035,0.12884302760570035,True,139.08397734,41.0,1.0,300008.0,1997865,305.737,,7,1406,
arOrch_146588263_infrastructure_160|random-search#seed6,arOrch,160,146588263,arOrch_146588263_infrastructure_160,random-search,6,"{""iterations_count"": 1000, ""seed"": 6, ""time_budget_ms"": 300000}",ok,FEASIBLE,True,0.1639795744444435,0.1639795744444435,True,174.229015375,45.5,1.0,300008.0,1837336,305.748,,7,1406,
arOrch_146588263_infrastructure_160|evolutionary-heuristics#seed7,arOrch,160,146588263,arOrch_146588263_infrastructure_160,evolutionary-heuristics,7,"{""algorithm"": ""NSGAII"", ""max_evaluations"": 1000, ""operators"": ""UNIFORM"", ""population_size"": 20, ""seed"": 7, ""time_budget_ms"": 300000}",ok,FEASIBLE,True,0.12884302760570035,0.12884302760570035,True,139.08397734,41.0,1.0,300009.0,2040980,305.671,,7,1406,
arOrch_146588263_infrastructure_160|random-search#seed7,arOrch,160,146588263,arOrch_146588263_infrastructure_160,random-search,7,"{""iterations_count"": 1000, ""seed"": 7, ""time_budget_ms"": 300000}",ok,FEASIBLE,True,0.16058395754229898,0.16058395754229898,True,170.87133669,45.0,1.0,300009.0,1877715,305.709,,7,1406,
arOrch_146588263_infrastructure_160|evolutionary-heuristics#seed8,arOrch,160,146588263,arOrch_146588263_infrastructure_160,evolutionary-heuristics,8,"{""algorithm"": ""NSGAII"", ""max_evaluations"": 1000, ""operators"": ""UNIFORM"", ""population_size"": 20, ""seed"": 8, ""time_budget_ms"": 300000}",ok,FEASIBLE,True,0.12884302760570035,0.12884302760570035,True,139.08397734,41.0,1.0,300010.0,2066004,305.71,,7,1406,
arOrch_146588263_infrastructure_160|random-search#seed8,arOrch,160,146588263,arOrch_146588263_infrastructure_160,random-search,8,"{""iterations_count"": 1000, ""seed"": 8, ""time_budget_ms"": 300000}",ok,FEASIBLE,True,0.1591228816740583,0.1591228816740583,True,168.703314335,46.0,1.0,300009.0,1888925,305.775,,7,1406,
arOrch_146588263_infrastructure_160|evolutionary-heuristics#seed9,arOrch,160,146588263,arOrch_146588263_infrastructure_160,evolutionary-heuristics,9,"{""algorithm"": ""NSGAII"", ""max_evaluations"": 1000, ""operators"": ""UNIFORM"", ""population_size"": 20, ""seed"": 9, ""time_budget_ms"": 300000}",ok,FEASIBLE,True,0.12884302760570035,0.12884302760570035,True,139.08397734,41.0,1.0,299994.0,2028329,305.724,,7,1406,
arOrch_146588263_infrastructure_160|random-search#seed9,arOrch,160,146588263,arOrch_146588263_infrastructure_160,random-search,9,"{""iterations_count"": 1000, ""seed"": 9, ""time_budget_ms"": 300000}",ok,FEASIBLE,True,0.14876275048995846,0.14876275048995846,True,160.52699988999998,41.0,1.0,299994.0,1867099,305.76,,7,1406,
arOrch_146588263_infrastructure_160|evolutionary-heuristics#seed10,arOrch,160,146588263,arOrch_146588263_infrastructure_160,evolutionary-heuristics,10,"{""algorithm"": ""NSGAII"", ""max_evaluations"": 1000, ""operators"": ""UNIFORM"", ""population_size"": 20, ""seed"": 10, ""time_budget_ms"": 300000}",ok,FEASIBLE,True,0.12884302760570035,0.12884302760570035,True,139.08397734,41.0,1.0,300009.0,2019951,305.618,,7,1406,
arOrch_146588263_infrastructure_160|random-search#seed10,arOrch,160,146588263,arOrch_146588263_infrastructure_160,random-search,10,"{""iterations_count"": 1000, ""seed"": 10, ""time_budget_ms"": 300000}",ok,FEASIBLE,True,0.1630829163128445,0.1630829163128445,True,173.26378806499997,45.5,1.0,300010.0,1867436,305.757,,7,1406,
arOrch_146588263_infrastructure_165|evolutionary-heuristics#seed1,arOrch,165,146588263,arOrch_146588263_infrastructure_165,evolutionary-heuristics,1,"{""algorithm"": ""NSGAII"", ""max_evaluations"": 1000, ""operators"": ""UNIFORM"", ""population_size"": 20, ""seed"": 1, ""time_budget_ms"": 300000}",ok,FEASIBLE,True,0.1373884482591056,0.1373884482591056,True,189.39442366999998,36.0,1.0,300009.0,1962738,306.052,,7,1486,
arOrch_146588263_infrastructure_165|random-search#seed1,arOrch,165,146588263,arOrch_146588263_infrastructure_165,random-search,1,"{""iterations_count"": 1000, ""seed"": 1, ""time_budget_ms"": 300000}",ok,FEASIBLE,True,0.1612605222057145,0.1612605222057145,True,214.102410535,46.5,1.0,300010.0,1819671,306.146,,7,1486,
arOrch_146588263_infrastructure_165|evolutionary-heuristics#seed2,arOrch,165,146588263,arOrch_146588263_infrastructure_165,evolutionary-heuristics,2,"{""algorithm"": ""NSGAII"", ""max_evaluations"": 1000, ""operators"": ""UNIFORM"", ""population_size"": 20, ""seed"": 2, ""time_budget_ms"": 300000}",ok,FEASIBLE,True,0.13884013919073077,0.13884013919073077,True,194.424667895,32.0,1.0,299926.0,1935238,305.755,,7,1486,
arOrch_146588263_infrastructure_165|random-search#seed2,arOrch,165,146588263,arOrch_146588263_infrastructure_165,random-search,2,"{""iterations_count"": 1000, ""seed"": 2, ""time_budget_ms"": 300000}",ok,FEASIBLE,True,0.15329937917668005,0.15329937917668005,True,207.76254976,40.5,1.0,299927.0,1813841,305.869,,7,1486,
arOrch_146588263_infrastructure_165|evolutionary-heuristics#seed3,arOrch,165,146588263,arOrch_146588263_infrastructure_165,evolutionary-heuristics,3,"{""algorithm"": ""NSGAII"", ""max_evaluations"": 1000, ""operators"": ""UNIFORM"", ""population_size"": 20, ""seed"": 3, ""time_budget_ms"": 300000}",ok,FEASIBLE,True,0.13823567301102171,0.13823567301102171,True,189.794196075,37.0,1.0,300001.0,1938314,306.111,,7,1486,
arOrch_146588263_infrastructure_165|random-search#seed3,arOrch,165,146588263,arOrch_146588263_infrastructure_165,random-search,3,"{""iterations_count"": 1000, ""seed"": 3, ""time_budget_ms"": 300000}",ok,FEASIBLE,True,0.1576793322408817,0.1576793322408817,True,210.33865407000002,45.0,1.0,300002.0,1804386,306.009,,7,1486,
arOrch_146588263_infrastructure_165|evolutionary-heuristics#seed4,arOrch,165,146588263,arOrch_146588263_infrastructure_165,evolutionary-heuristics,4,"{""algorithm"": ""NSGAII"", ""max_evaluations"": 1000, ""operators"": ""UNIFORM"", ""population_size"": 20, ""seed"": 4, ""time_budget_ms"": 300000}",ok,FEASIBLE,True,0.13823567301102171,0.13823567301102171,True,189.794196075,37.0,1.0,300001.0,1916564,305.967,,7,1486,
arOrch_146588263_infrastructure_165|random-search#seed4,arOrch,165,146588263,arOrch_146588263_infrastructure_165,random-search,4,"{""iterations_count"": 1000, ""seed"": 4, ""time_budget_ms"": 300000}",ok,FEASIBLE,True,0.15797993279490283,0.15797993279490283,True,211.89112673999998,43.5,1.0,300001.0,1808220,306.02,,7,1486,
arOrch_146588263_infrastructure_165|evolutionary-heuristics#seed5,arOrch,165,146588263,arOrch_146588263_infrastructure_165,evolutionary-heuristics,5,"{""algorithm"": ""NSGAII"", ""max_evaluations"": 1000, ""operators"": ""UNIFORM"", ""population_size"": 20, ""seed"": 5, ""time_budget_ms"": 300000}",ok,FEASIBLE,True,0.13823567301102171,0.13823567301102171,True,189.794196075,37.0,1.0,299999.0,1904457,305.871,,7,1486,
arOrch_146588263_infrastructure_165|random-search#seed5,arOrch,165,146588263,arOrch_146588263_infrastructure_165,random-search,5,"{""iterations_count"": 1000, ""seed"": 5, ""time_budget_ms"": 300000}",ok,FEASIBLE,True,0.15979069419087596,0.15979069419087596,True,214.751282775,43.0,1.0,299999.0,1784967,306.062,,7,1486,
arOrch_146588263_infrastructure_165|evolutionary-heuristics#seed6,arOrch,165,146588263,arOrch_146588263_infrastructure_165,evolutionary-heuristics,6,"{""algorithm"": ""NSGAII"", ""max_evaluations"": 1000, ""operators"": ""UNIFORM"", ""population_size"": 20, ""seed"": 6, ""time_budget_ms"": 300000}",ok,FEASIBLE,True,0.13991842938428586,0.13991842938428586,True,194.380363955,34.0,1.0,300005.0,1873089,305.918,,7,1486,
arOrch_146588263_infrastructure_165|random-search#seed6,arOrch,165,146588263,arOrch_146588263_infrastructure_165,random-search,6,"{""iterations_count"": 1000, ""seed"": 6, ""time_budget_ms"": 300000}",ok,FEASIBLE,True,0.16197285044043888,0.16197285044043888,True,217.35954782500002,43.5,1.0,300005.0,1740364,305.937,,7,1486,
arOrch_146588263_infrastructure_165|evolutionary-heuristics#seed7,arOrch,165,146588263,arOrch_146588263_infrastructure_165,evolutionary-heuristics,7,"{""algorithm"": ""NSGAII"", ""max_evaluations"": 1000, ""operators"": ""UNIFORM"", ""population_size"": 20, ""seed"": 7, ""time_budget_ms"": 300000}",ok,FEASIBLE,True,0.1373884482591056,0.1373884482591056,True,189.39442366999998,36.0,1.0,300005.0,1903016,306.088,,7,1486,
arOrch_146588263_infrastructure_165|random-search#seed7,arOrch,165,146588263,arOrch_146588263_infrastructure_165,random-search,7,"{""iterations_count"": 1000, ""seed"": 7, ""time_budget_ms"": 300000}",ok,FEASIBLE,True,0.15791711250300436,0.15791711250300436,True,211.42482874,44.0,1.0,300024.0,1748698,306.134,,7,1486,
arOrch_146588263_infrastructure_165|evolutionary-heuristics#seed8,arOrch,165,146588263,arOrch_146588263_infrastructure_165,evolutionary-heuristics,8,"{""algorithm"": ""NSGAII"", ""max_evaluations"": 1000, ""operators"": ""UNIFORM"", ""population_size"": 20, ""seed"": 8, ""time_budget_ms"": 300000}",ok,FEASIBLE,True,0.1373884482591056,0.1373884482591056,True,189.39442366999998,36.0,1.0,299962.0,1822046,306.204,,7,1486,
arOrch_146588263_infrastructure_165|random-search#seed8,arOrch,165,146588263,arOrch_146588263_infrastructure_165,random-search,8,"{""iterations_count"": 1000, ""seed"": 8, ""time_budget_ms"": 300000}",ok,FEASIBLE,True,0.15657450784498492,0.15657450784498492,True,210.34661862,43.0,1.0,299963.0,1668273,306.361,,7,1486,
arOrch_146588263_infrastructure_165|evolutionary-heuristics#seed9,arOrch,165,146588263,arOrch_146588263_infrastructure_165,evolutionary-heuristics,9,"{""algorithm"": ""NSGAII"", ""max_evaluations"": 1000, ""operators"": ""UNIFORM"", ""population_size"": 20, ""seed"": 9, ""time_budget_ms"": 300000}",ok,FEASIBLE,True,0.13823567301102171,0.13823567301102171,True,189.794196075,37.0,1.0,300004.0,1753625,307.28,,7,1486,
arOrch_146588263_infrastructure_165|random-search#seed9,arOrch,165,146588263,arOrch_146588263_infrastructure_165,random-search,9,"{""iterations_count"": 1000, ""seed"": 9, ""time_budget_ms"": 300000}",ok,FEASIBLE,True,0.16368783900144315,0.16368783900144315,True,217.42669406,46.5,1.0,300005.0,1656007,307.333,,7,1486,
arOrch_146588263_infrastructure_165|evolutionary-heuristics#seed10,arOrch,165,146588263,arOrch_146588263_infrastructure_165,evolutionary-heuristics,10,"{""algorithm"": ""NSGAII"", ""max_evaluations"": 1000, ""operators"": ""UNIFORM"", ""population_size"": 20, ""seed"": 10, ""time_budget_ms"": 300000}",ok,FEASIBLE,True,0.1373884482591056,0.1373884482591056,True,189.39442366999998,36.0,1.0,300003.0,1878711,306.029,,7,1486,
arOrch_146588263_infrastructure_165|random-search#seed10,arOrch,165,146588263,arOrch_146588263_infrastructure_165,random-search,10,"{""iterations_count"": 1000, ""seed"": 10, ""time_budget_ms"": 300000}",ok,FEASIBLE,True,0.15579675001972634,0.15579675001972634,True,213.84462043,37.0,1.0,300004.0,1726814,306.152,,7,1486,
arOrch_146588263_infrastructure_170|evolutionary-heuristics#seed1,arOrch,170,146588263,arOrch_146588263_infrastructure_170,evolutionary-heuristics,1,"{""algorithm"": ""NSGAII"", ""max_evaluations"": 1000, ""operators"": ""UNIFORM"", ""population_size"": 20, ""seed"": 1, ""time_budget_ms"": 300000}",ok,FEASIBLE,True,0.12065893642427111,0.12065893642427111,True,170.32053101,38.0,1.0,299974.0,1943081,306.801,,7,1696,
arOrch_146588263_infrastructure_170|random-search#seed1,arOrch,170,146588263,arOrch_146588263_infrastructure_170,random-search,1,"{""iterations_count"": 1000, ""seed"": 1, ""time_budget_ms"": 300000}",ok,FEASIBLE,True,0.29576202962888076,0.29576202962888076,True,182.94712211499998,36.0,0.66,299974.0,1799905,306.928,,7,1696,
arOrch_146588263_infrastructure_170|evolutionary-heuristics#seed2,arOrch,170,146588263,arOrch_146588263_infrastructure_170,evolutionary-heuristics,2,"{""algorithm"": ""NSGAII"", ""max_evaluations"": 1000, ""operators"": ""UNIFORM"", ""population_size"": 20, ""seed"": 2, ""time_budget_ms"": 300000}",ok,FEASIBLE,True,0.12156651380781179,0.12156651380781179,True,171.23390533499997,38.5,1.0,300057.0,2007030,306.894,,7,1696,
arOrch_146588263_infrastructure_170|random-search#seed2,arOrch,170,146588263,arOrch_146588263_infrastructure_170,random-search,2,"{""iterations_count"": 1000, ""seed"": 2, ""time_budget_ms"": 300000}",ok,FEASIBLE,True,0.13866351202083177,0.13866351202083177,True,197.91774016,36.0,1.0,300057.0,1835845,306.958,,7,1696,
arOrch_146588263_infrastructure_170|evolutionary-heuristics#seed3,arOrch,170,146588263,arOrch_146588263_infrastructure_170,evolutionary-heuristics,3,"{""algorithm"": ""NSGAII"", ""max_evaluations"": 1000, ""operators"": ""UNIFORM"", ""population_size"": 20, ""seed"": 3, ""time_budget_ms"": 300000}",ok,FEASIBLE,True,0.12065893642427111,0.12065893642427111,True,170.32053101,38.0,1.0,300010.0,2007353,306.674,,7,1696,
arOrch_146588263_infrastructure_170|random-search#seed3,arOrch,170,146588263,arOrch_146588263_infrastructure_170,random-search,3,"{""iterations_count"": 1000, ""seed"": 3, ""time_budget_ms"": 300000}",ok,FEASIBLE,True,0.13801267939524425,0.13801267939524425,True,191.41146201,43.0,1.0,300010.0,1877039,306.555,,7,1696,
arOrch_146588263_infrastructure_170|evolutionary-heuristics#seed4,arOrch,170,146588263,arOrch_146588263_infrastructure_170,evolutionary-heuristics,4,"{""algorithm"": ""NSGAII"", ""max_evaluations"": 1000, ""operators"": ""UNIFORM"", ""population_size"": 20, ""seed"": 4, ""time_budget_ms"": 300000}",ok,FEASIBLE,True,0.12065893642427111,0.12065893642427111,True,170.32053101,38.0,1.0,300009.0,2036236,306.587,,7,1696,
arOrch_146588263_infrastructure_170|random-search#seed4,arOrch,170,146588263,arOrch_146588263_infrastructure_170,random-search,4,"{""iterations_count"": 1000, ""seed"": 4, ""time_budget_ms"": 300000}",ok,FEASIBLE,True,0.14231273501162608,0.14231273501162608,True,197.622716425,43.0,1.0,300010.0,1860388,306.556,,7,1696,
arOrch_146588263_infrastructure_170|evolutionary-heuristics#seed5,arOrch,170,146588263,arOrch_146588263_infrastructure_170,evolutionary-heuristics,5,"{""algorithm"": ""NSGAII"", ""max_evaluations"": 1000, ""operators"": ""UNIFORM"", ""population_size"": 20, ""seed"": 5, ""time_budget_ms"": 300000}",ok,FEASIBLE,True,0.12101629179003984,0.12101629179003984,True,175.607725115,32.0,1.0,299980.0,1942394,306.671,,7,1696,
arOrch_146588263_infrastructure_170|random-search#seed5,arOrch,170,146588263,arOrch_146588263_infrastructure_170,random-search,5,"{""iterations_count"": 1000, ""seed"": 5, ""time_budget_ms"": 300000}",ok,FEASIBLE,True,0.13865885603184222,0.13865885603184222,True,194.3327581,40.5,1.0,299980.0,1785838,306.786,,7,1696,
arOrch_146588263_infrastructure_170|evolutionary-heuristics#seed6,arOrch,170,146588263,arOrch_146588263_infrastructure_170,evolutionary-heuristics,6,"{""algorithm"": ""NSGAII"", ""max_evaluations"": 1000, ""operators"": ""UNIFORM"", ""population_size"": 20, ""seed"": 6, ""time_budget_ms"": 300000}",ok,FEASIBLE,True,0.12065893642427111,0.12065893642427111,True,170.32053101,38.0,1.0,300009.0,2029335,306.581,,7,1696,
arOrch_146588263_infrastructure_170|random-search#seed6,arOrch,170,146588263,arOrch_146588263_infrastructure_170,random-search,6,"{""iterations_count"": 1000, ""seed"": 6, ""time_budget_ms"": 300000}",ok,FEASIBLE,True,0.13588988035609734,0.13588988035609734,True,190.730670095,40.0,1.0,300010.0,1868190,306.629,,7,1696,
arOrch_146588263_infrastructure_170|evolutionary-heuristics#seed7,arOrch,170,146588263,arOrch_146588263_infrastructure_170,evolutionary-heuristics,7,"{""algorithm"": ""NSGAII"", ""max_evaluations"": 1000, ""operators"": ""UNIFORM"", ""population_size"": 20, ""seed"": 7, ""time_budget_ms"": 300000}",ok,FEASIBLE,True,0.12065893642427111,0.12065893642427111,True,170.32053101,38.0,1.0,300009.0,1969363,306.956,,7,1696,
arOrch_146588263_infrastructure_170|random-search#seed7,arOrch,170,146588263,arOrch_146588263_infrastructure_170,random-search,7,"{""iterations_count"": 1000, ""seed"": 7, ""time_budget_ms"": 300000}",ok,FEASIBLE,True,0.1387142231210557,0.1387142231210557,True,195.60548581999998,39.0,1.0,300009.0,1837690,306.667,,7,1696,
arOrch_146588263_infrastructure_170|evolutionary-heuristics#seed8,arOrch,170,146588263,arOrch_146588263_infrastructure_170,evolutionary-heuristics,8,"{""algorithm"": ""NSGAII"", ""max_evaluations"": 1000, ""operators"": ""UNIFORM"", ""population_size"": 20, ""seed"": 8, ""time_budget_ms"": 300000}",ok,FEASIBLE,True,0.12101629179003984,0.12101629179003984,True,175.607725115,32.0,1.0,299985.0,1970524,306.474,,7,1696,
arOrch_146588263_infrastructure_170|random-search#seed8,arOrch,170,146588263,arOrch_146588263_infrastructure_170,random-search,8,"{""iterations_count"": 1000, ""seed"": 8, ""time_budget_ms"": 300000}",ok,FEASIBLE,True,0.1366075671730621,0.1366075671730621,True,193.35767564,38.0,1.0,299986.0,1813555,306.703,,7,1696,
arOrch_146588263_infrastructure_170|evolutionary-heuristics#seed9,arOrch,170,146588263,arOrch_146588263_infrastructure_170,evolutionary-heuristics,9,"{""algorithm"": ""NSGAII"", ""max_evaluations"": 1000, ""operators"": ""UNIFORM"", ""population_size"": 20, ""seed"": 9, ""time_budget_ms"": 300000}",ok,FEASIBLE,True,0.12065893642427111,0.12065893642427111,True,170.32053101,38.0,1.0,300010.0,2021328,306.609,,7,1696,
arOrch_146588263_infrastructure_170|random-search#seed9,arOrch,170,146588263,arOrch_146588263_infrastructure_170,random-search,9,"{""iterations_count"": 1000, ""seed"": 9, ""time_budget_ms"": 300000}",ok,FEASIBLE,True,0.13748756667628154,0.13748756667628154,True,195.02638299499998,37.5,1.0,300010.0,1854162,306.594,,7,1696,
arOrch_146588263_infrastructure_170|evolutionary-heuristics#seed10,arOrch,170,146588263,arOrch_146588263_infrastructure_170,evolutionary-heuristics,10,"{""algorithm"": ""NSGAII"", ""max_evaluations"": 1000, ""operators"": ""UNIFORM"", ""population_size"": 20, ""seed"": 10, ""time_budget_ms"": 300000}",ok,FEASIBLE,True,0.12101629179003984,0.12101629179003984,True,175.607725115,32.0,1.0,300009.0,1996177,306.604,,7,1696,
arOrch_146588263_infrastructure_170|random-search#seed10,arOrch,170,146588263,arOrch_146588263_infrastructure_170,random-search,10,"{""iterations_count"": 1000, ""seed"": 10, ""time_budget_ms"": 300000}",ok,FEASIBLE,True,0.1387539617959709,0.1387539617959709,True,196.45805486,38.0,1.0,300009.0,1861421,306.687,,7,1696,
arOrch_146588263_infrastructure_175|evolutionary-heuristics#seed1,arOrch,175,146588263,arOrch_146588263_infrastructure_175,evolutionary-heuristics,1,"{""algorithm"": ""NSGAII"", ""max_evaluations"": 1000, ""operators"": ""UNIFORM"", ""population_size"": 20, ""seed"": 1, ""time_budget_ms"": 300000}",ok,FEASIBLE,True,0.1267761709981787,0.1267761709981787,True,151.85021128999998,32.0,1.0,300018.0,1989815,307.733,,7,1913,
arOrch_146588263_infrastructure_175|random-search#seed1,arOrch,175,146588263,arOrch_146588263_infrastructure_175,random-search,1,"{""iterations_count"": 1000, ""seed"": 1, ""time_budget_ms"": 300000}",ok,FEASIBLE,True,0.15683269060775873,0.15683269060775873,True,179.56048296,43.0,1.0,300018.0,1834247,307.721,,7,1913,
arOrch_146588263_infrastructure_175|evolutionary-heuristics#seed2,arOrch,175,146588263,arOrch_146588263_infrastructure_175,evolutionary-heuristics,2,"{""algorithm"": ""NSGAII"", ""max_evaluations"": 1000, ""operators"": ""UNIFORM"", ""population_size"": 20, ""seed"": 2, ""time_budget_ms"": 300000}",ok,FEASIBLE,True,0.12693000653992118,0.12693000653992118,True,153.29998724499998,30.0,1.0,300009.0,2014035,307.431,,7,1913,
arOrch_146588263_infrastructure_175|random-search#seed2,arOrch,175,146588263,arOrch_146588263_infrastructure_175,random-search,2,"{""iterations_count"": 1000, ""seed"": 2, ""time_budget_ms"": 300000}",ok,FEASIBLE,True,0.1431761062590229,0.1431761062590229,True,165.381048645,40.5,1.0,300009.0,1835337,307.673,,7,1913,
arOrch_146588263_infrastructure_175|evolutionary-heuristics#seed3,arOrch,175,146588263,arOrch_146588263_infrastructure_175,evolutionary-heuristics,3,"{""algorithm"": ""NSGAII"", ""max_evaluations"": 1000, ""operators"": ""UNIFORM"", ""population_size"": 20, ""seed"": 3, ""time_budget_ms"": 300000}",ok,FEASIBLE,True,0.12693000653992118,0.12693000653992118,True,153.29998724499998,30.0,1.0,300010.0,1879061,307.327,,7,1913,
arOrch_146588263_infrastructure_175|random-search#seed3,arOrch,175,146588263,arOrch_146588263_infrastructure_175,random-search,3,"{""iterations_count"": 1000, ""seed"": 3, ""time_budget_ms"": 300000}",ok,FEASIBLE,True,0.15568705245636014,0.15568705245636014,True,179.1916889,41.5,1.0,300010.0,1714184,307.535,,7,1913,
arOrch_146588263_infrastructure_175|evolutionary-heuristics#seed4,arOrch,175,146588263,arOrch_146588263_infrastructure_175,evolutionary-heuristics,4,"{""algorithm"": ""NSGAII"", ""max_evaluations"": 1000, ""operators"": ""UNIFORM"", ""population_size"": 20, ""seed"": 4, ""time_budget_ms"": 300000}",ok,FEASIBLE,True,0.1281181673933488,0.1281181673933488,True,155.30805600999997,29.0,1.0,299938.0,2017993,307.246,,7,1913,
arOrch_146588263_infrastructure_175|random-search#seed4,arOrch,175,146588263,arOrch_146588263_infrastructure_175,random-search,4,"{""iterations_count"": 1000, ""seed"": 4, ""time_budget_ms"": 300000}",ok,FEASIBLE,True,0.15935337854790857,0.15935337854790857,True,184.0613584,40.5,1.0,299938.0,1825130,307.299,,7,1913,
arOrch_146588263_infrastructure_175|evolutionary-heuristics#seed5,arOrch,175,146588263,arOrch_146588263_infrastructure_175,evolutionary-heuristics,5,"{""algorithm"": ""NSGAII"", ""max_evaluations"": 1000, ""operators"": ""UNIFORM"", ""population_size"": 20, ""seed"": 5, ""time_budget_ms"": 300000}",ok,FEASIBLE,True,0.12711754742533088,0.12711754742533088,True,152.24440737499998,32.0,1.0,300004.0,1983433,307.259,,7,1913,
arOrch_146588263_infrastructure_175|random-search#seed5,arOrch,175,146588263,arOrch_146588263_infrastructure_175,random-search,5,"{""iterations_count"": 1000, ""seed"": 5, ""time_budget_ms"": 300000}",ok,FEASIBLE,True,0.15325834515701162,0.15325834515701162,True,174.160956795,45.0,1.0,300005.0,1816868,307.667,,7,1913,
arOrch_146588263_infrastructure_175|evolutionary-heuristics#seed6,arOrch,175,146588263,arOrch_146588263_infrastructure_175,evolutionary-heuristics,6,"{""algorithm"": ""NSGAII"", ""max_evaluations"": 1000, ""operators"": ""UNIFORM"", ""population_size"": 20, ""seed"": 6, ""time_budget_ms"": 300000}",ok,FEASIBLE,True,0.1267761709981787,0.1267761709981787,True,151.85021128999998,32.0,1.0,300004.0,1929381,307.582,,7,1913,
arOrch_146588263_infrastructure_175|random-search#seed6,arOrch,175,146588263,arOrch_146588263_infrastructure_175,random-search,6,"{""iterations_count"": 1000, ""seed"": 6, ""time_budget_ms"": 300000}",ok,FEASIBLE,True,0.1598214968157455,0.1598214968157455,True,181.73959574999998,45.0,1.0,300004.0,1791979,307.747,,7,1913,
arOrch_146588263_infrastructure_175|evolutionary-heuristics#seed7,arOrch,175,146588263,arOrch_146588263_infrastructure_175,evolutionary-heuristics,7,"{""algorithm"": ""NSGAII"", ""max_evaluations"": 1000, ""operators"": ""UNIFORM"", ""population_size"": 20, ""seed"": 7, ""time_budget_ms"": 300000}",ok,FEASIBLE,True,0.12693000653992118,0.12693000653992118,True,153.29998724499998,30.0,1.0,300018.0,2000235,307.541,,7,1913,
arOrch_146588263_infrastructure_175|random-search#seed7,arOrch,175,146588263,arOrch_146588263_infrastructure_175,random-search,7,"{""iterations_count"": 1000, ""seed"": 7, ""time_budget_ms"": 300000}",ok,FEASIBLE,True,0.15186096835374863,0.15186096835374863,True,173.50147368,43.5,1.0,300012.0,1825923,307.624,,7,1913,
arOrch_146588263_infrastructure_175|evolutionary-heuristics#seed8,arOrch,175,146588263,arOrch_146588263_infrastructure_175,evolutionary-heuristics,8,"{""algorithm"": ""NSGAII"", ""max_evaluations"": 1000, ""operators"": ""UNIFORM"", ""population_size"": 20, ""seed"": 8, ""time_budget_ms"": 300000}",ok,FEASIBLE,True,0.1265234690582293,0.1265234690582293,True,152.83054802499998,30.0,1.0,300009.0,1999657,307.827,,7,1913,
arOrch_146588263_infrastructure_175|random-search#seed8,arOrch,175,146588263,arOrch_146588263_infrastructure_175,random-search,8,"{""iterations_count"": 1000, ""seed"": 8, ""time_budget_ms"": 300000}",ok,FEASIBLE,True,0.1563866454831275,0.1563866454831275,True,179.04542325499997,43.0,1.0,300009.0,1829113,307.855,,7,1913,
arOrch_146588263_infrastructure_175|evolutionary-heuristics#seed9,arOrch,175,146588263,arOrch_146588263_infrastructure_175,evolutionary-heuristics,9,"{""algorithm"": ""NSGAII"", ""max_evaluations"": 1000, ""operators"": ""UNIFORM"", ""population_size"": 20, ""seed"": 9, ""time_budget_ms"": 300000}",ok,FEASIBLE,True,0.12711754742533088,0.12711754742533088,True,152.24440737499998,32.0,1.0,300029.0,1961989,307.452,,7,1913,
arOrch_146588263_infrastructure_175|random-search#seed9,arOrch,175,146588263,arOrch_146588263_infrastructure_175,random-search,9,"{""iterations_count"": 1000, ""seed"": 9, ""time_budget_ms"": 300000}",ok,FEASIBLE,True,0.15789605322528094,0.15789605322528094,True,180.47034041999999,43.5,1.0,300029.0,1798654,307.775,,7,1913,
arOrch_146588263_infrastructure_175|evolutionary-heuristics#seed10,arOrch,175,146588263,arOrch_146588263_infrastructure_175,evolutionary-heuristics,10,"{""algorithm"": ""NSGAII"", ""max_evaluations"": 1000, ""operators"": ""UNIFORM"", ""population_size"": 20, ""seed"": 10, ""time_budget_ms"": 300000}",ok,FEASIBLE,True,0.1267761709981787,0.1267761709981787,True,151.85021128999998,32.0,1.0,300019.0,1983589,307.703,,7,1913,
arOrch_146588263_infrastructure_175|random-search#seed10,arOrch,175,146588263,arOrch_146588263_infrastructure_175,random-search,10,"{""iterations_count"": 1000, ""seed"": 10, ""time_budget_ms"": 300000}",ok,FEASIBLE,True,0.15417134535159566,0.15417134535159566,True,177.7594977,41.0,1.0,300019.0,1828076,307.608,,7,1913,
arOrch_146588263_infrastructure_180|evolutionary-heuristics#seed1,arOrch,180,146588263,arOrch_146588263_infrastructure_180,evolutionary-heuristics,1,"{""algorithm"": ""NSGAII"", ""max_evaluations"": 1000, ""operators"": ""UNIFORM"", ""population_size"": 20, ""seed"": 1, ""time_budget_ms"": 300000}",ok,FEASIBLE,True,0.11105437748444974,0.11105437748444977,True,142.78137842499999,39.0,1.0,299996.0,2013126,305.623,,7,1306,
arOrch_146588263_infrastructure_180|random-search#seed1,arOrch,180,146588263,arOrch_146588263_infrastructure_180,random-search,1,"{""iterations_count"": 1000, ""seed"": 1, ""time_budget_ms"": 300000}",ok,FEASIBLE,True,0.14122787986083432,0.14122787986083432,True,179.13325365000003,42.5,1.0,299996.0,1831475,305.547,,7,1306,
arOrch_146588263_infrastructure_180|evolutionary-heuristics#seed2,arOrch,180,146588263,arOrch_146588263_infrastructure_180,evolutionary-heuristics,2,"{""algorithm"": ""NSGAII"", ""max_evaluations"": 1000, ""operators"": ""UNIFORM"", ""population_size"": 20, ""seed"": 2, ""time_budget_ms"": 300000}",ok,FEASIBLE,True,0.11105437748444974,0.11105437748444977,True,142.78137842499999,39.0,1.0,300014.0,2188021,306.109,,7,1306,
arOrch_146588263_infrastructure_180|random-search#seed2,arOrch,180,146588263,arOrch_146588263_infrastructure_180,random-search,2,"{""iterations_count"": 1000, ""seed"": 2, ""time_budget_ms"": 300000}",ok,FEASIBLE,True,0.2971459473717435,0.2971459473717435,True,167.476101465,38.0,0.66,300017.0,2003600,305.95,,7,1306,
arOrch_146588263_infrastructure_180|evolutionary-heuristics#seed3,arOrch,180,146588263,arOrch_146588263_infrastructure_180,evolutionary-heuristics,3,"{""algorithm"": ""NSGAII"", ""max_evaluations"": 1000, ""operators"": ""UNIFORM"", ""population_size"": 20, ""seed"": 3, ""time_budget_ms"": 300000}",ok,FEASIBLE,True,0.11105437748444974,0.11105437748444977,True,142.78137842499999,39.0,1.0,300009.0,2182578,305.55,,7,1306,
arOrch_146588263_infrastructure_180|random-search#seed3,arOrch,180,146588263,arOrch_146588263_infrastructure_180,random-search,3,"{""iterations_count"": 1000, ""seed"": 3, ""time_budget_ms"": 300000}",ok,FEASIBLE,True,0.13616915438137825,0.13616915438137825,True,170.84010013500003,45.0,1.0,300010.0,1997678,305.6,,7,1306,
arOrch_146588263_infrastructure_180|evolutionary-heuristics#seed4,arOrch,180,146588263,arOrch_146588263_infrastructure_180,evolutionary-heuristics,4,"{""algorithm"": ""NSGAII"", ""max_evaluations"": 1000, ""operators"": ""UNIFORM"", ""population_size"": 20, ""seed"": 4, ""time_budget_ms"": 300000}",ok,FEASIBLE,True,0.11240461184261921,0.11240461184261921,True,145.231903305,38.0,1.0,300010.0,2134177,305.635,,7,1306,
arOrch_146588263_infrastructure_180|random-search#seed4,arOrch,180,146588263,arOrch_146588263_infrastructure_180,random-search,4,"{""iterations_count"": 1000, ""seed"": 4, ""time_budget_ms"": 300000}",ok,FEASIBLE,True,0.1432814528311067,0.1432814528311067,True,178.57181685000003,47.0,1.0,300009.0,1996823,305.634,,7,1306,
arOrch_146588263_infrastructure_180|evolutionary-heuristics#seed5,arOrch,180,146588263,arOrch_146588263_infrastructure_180,evolutionary-heuristics,5,"{""algorithm"": ""NSGAII"", ""max_evaluations"": 1000, ""operators"": ""UNIFORM"", ""population_size"": 20, ""seed"": 5, ""time_budget_ms"": 300000}",ok,FEASIBLE,True,0.11105437748444974,0.11105437748444977,True,142.78137842499999,39.0,1.0,299991.0,2153202,305.739,,7,1306,
arOrch_146588263_infrastructure_180|random-search#seed5,arOrch,180,146588263,arOrch_146588263_infrastructure_180,random-search,5,"{""iterations_count"": 1000, ""seed"": 5, ""time_budget_ms"": 300000}",ok,FEASIBLE,True,0.1355667378748546,0.1355667378748546,True,170.776820095,44.0,1.0,299992.0,1989619,306.13,,7,1306,
arOrch_146588263_infrastructure_180|evolutionary-heuristics#seed6,arOrch,180,146588263,arOrch_146588263_infrastructure_180,evolutionary-heuristics,6,"{""algorithm"": ""NSGAII"", ""max_evaluations"": 1000, ""operators"": ""UNIFORM"", ""population_size"": 20, ""seed"": 6, ""time_budget_ms"": 300000}",ok,FEASIBLE,True,0.11105437748444974,0.11105437748444977,True,142.78137842499999,39.0,1.0,300008.0,2198917,305.532,,7,1306,
arOrch_146588263_infrastructure_180|random-search#seed6,arOrch,180,146588263,arOrch_146588263_infrastructure_180,random-search,6,"{""iterations_count"": 1000, ""seed"": 6, ""time_budget_ms"": 300000}",ok,FEASIBLE,True,0.1283456199520702,0.1283456199520702,True,160.41210372,45.5,1.0,300009.0,1994693,305.548,,7,1306,
arOrch_146588263_infrastructure_180|evolutionary-heuristics#seed7,arOrch,180,146588263,arOrch_146588263_infrastructure_180,evolutionary-heuristics,7,"{""algorithm"": ""NSGAII"", ""max_evaluations"": 1000, ""operators"": ""UNIFORM"", ""population_size"": 20, ""seed"": 7, ""time_budget_ms"": 300000}",ok,FEASIBLE,True,0.11105437748444974,0.11105437748444977,True,142.78137842499999,39.0,1.0,300009.0,2156350,305.777,,7,1306,
arOrch_146588263_infrastructure_180|random-search#seed7,arOrch,180,146588263,arOrch_146588263_infrastructure_180,random-search,7,"{""iterations_count"": 1000, ""seed"": 7, ""time_budget_ms"": 300000}",ok,FEASIBLE,True,0.14373703509131686,0.14373703509131686,True,181.295102555,44.0,1.0,300009.0,1971153,305.74,,7,1306,
arOrch_146588263_infrastructure_180|evolutionary-heuristics#seed8,arOrch,180,146588263,arOrch_146588263_infrastructure_180,evolutionary-heuristics,8,"{""algorithm"": ""NSGAII"", ""max_evaluations"": 1000, ""operators"": ""UNIFORM"", ""population_size"": 20, ""seed"": 8, ""time_budget_ms"": 300000}",ok,FEASIBLE,True,0.11105437748444974,0.11105437748444977,True,142.78137842499999,39.0,1.0,299977.0,1885248,305.929,,7,1306,
arOrch_146588263_infrastructure_180|random-search#seed8,arOrch,180,146588263,arOrch_146588263_infrastructure_180,random-search,8,"{""iterations_count"": 1000, ""seed"": 8, ""time_budget_ms"": 300000}",ok,FEASIBLE,True,0.13939376326487418,0.13939376326487418,True,176.059788145,43.5,1.0,299963.0,1737489,305.709,,7,1306,
arOrch_146588263_infrastructure_180|evolutionary-heuristics#seed9,arOrch,180,146588263,arOrch_146588263_infrastructure_180,evolutionary-heuristics,9,"{""algorithm"": ""NSGAII"", ""max_evaluations"": 1000, ""operators"": ""UNIFORM"", ""population_size"": 20, ""seed"": 9, ""time_budget_ms"": 300000}",ok,FEASIBLE,True,0.11240461184261921,0.11240461184261921,True,145.231903305,38.0,1.0,300006.0,2078739,306.337,,7,1306,
arOrch_146588263_infrastructure_180|random-search#seed9,arOrch,180,146588263,arOrch_146588263_infrastructure_180,random-search,9,"{""iterations_count"": 1000, ""seed"": 9, ""time_budget_ms"": 300000}",ok,FEASIBLE,True,0.13886948410871633,0.13886948410871633,True,173.60419304,46.0,1.0,300010.0,1933187,307.204,,7,1306,
arOrch_146588263_infrastructure_180|evolutionary-heuristics#seed10,arOrch,180,146588263,arOrch_146588263_infrastructure_180,evolutionary-heuristics,10,"{""algorithm"": ""NSGAII"", ""max_evaluations"": 1000, ""operators"": ""UNIFORM"", ""population_size"": 20, ""seed"": 10, ""time_budget_ms"": 300000}",ok,FEASIBLE,True,0.11105437748444974,0.11105437748444977,True,142.78137842499999,39.0,1.0,300006.0,2103600,305.778,,7,1306,
arOrch_146588263_infrastructure_180|random-search#seed10,arOrch,180,146588263,arOrch_146588263_infrastructure_180,random-search,10,"{""iterations_count"": 1000, ""seed"": 10, ""time_budget_ms"": 300000}",ok,FEASIBLE,True,0.29655627756362424,0.29655627756362424,True,166.71697197,38.0,0.66,300006.0,1939592,305.669,,7,1306,
arOrch_146588263_infrastructure_185|evolutionary-heuristics#seed1,arOrch,185,146588263,arOrch_146588263_infrastructure_185,evolutionary-heuristics,1,"{""algorithm"": ""NSGAII"", ""max_evaluations"": 1000, ""operators"": ""UNIFORM"", ""population_size"": 20, ""seed"": 1, ""time_budget_ms"": 300000}",ok,FEASIBLE,True,0.09347170983036139,0.09347170983036139,True,138.264448535,40.0,1.0,299910.0,1930261,307.267,,7,1696,
arOrch_146588263_infrastructure_185|random-search#seed1,arOrch,185,146588263,arOrch_146588263_infrastructure_185,random-search,1,"{""iterations_count"": 1000, ""seed"": 1, ""time_budget_ms"": 300000}",ok,FEASIBLE,True,0.11697835279278969,0.11697835279278969,True,174.31250487999998,39.0,1.0,299908.0,1789438,307.607,,7,1696,
arOrch_146588263_infrastructure_185|evolutionary-heuristics#seed2,arOrch,185,146588263,arOrch_146588263_infrastructure_185,evolutionary-heuristics,2,"{""algorithm"": ""NSGAII"", ""max_evaluations"": 1000, ""operators"": ""UNIFORM"", ""population_size"": 20, ""seed"": 2, ""time_budget_ms"": 300000}",ok,FEASIBLE,True,0.09347170983036139,0.09347170983036139,True,138.264448535,40.0,1.0,299998.0,1959375,306.866,,7,1696,
arOrch_146588263_infrastructure_185|random-search#seed2,arOrch,185,146588263,arOrch_146588263_infrastructure_185,random-search,2,"{""iterations_count"": 1000, ""seed"": 2, ""time_budget_ms"": 300000}",ok,FEASIBLE,True,0.280414357608999,0.280414357608999,True,175.302704685,30.5,0.66,299998.0,1807494,306.981,,7,1696,
arOrch_146588263_infrastructure_185|evolutionary-heuristics#seed3,arOrch,185,146588263,arOrch_146588263_infrastructure_185,evolutionary-heuristics,3,"{""algorithm"": ""NSGAII"", ""max_evaluations"": 1000, ""operators"": ""UNIFORM"", ""population_size"": 20, ""seed"": 3, ""time_budget_ms"": 300000}",ok,FEASIBLE,True,0.09347170983036139,0.09347170983036139,True,138.264448535,40.0,1.0,299998.0,1847052,308.558,,7,1696,
arOrch_146588263_infrastructure_185|random-search#seed3,arOrch,185,146588263,arOrch_146588263_infrastructure_185,random-search,3,"{""iterations_count"": 1000, ""seed"": 3, ""time_budget_ms"": 300000}",ok,FEASIBLE,True,0.2769572067660733,0.2769572067660733,True,162.68576767,39.5,0.66,299998.0,1713326,307.87,,7,1696,
arOrch_146588263_infrastructure_185|evolutionary-heuristics#seed4,arOrch,185,146588263,arOrch_146588263_infrastructure_185,evolutionary-heuristics,4,"{""algorithm"": ""NSGAII"", ""max_evaluations"": 1000, ""operators"": ""UNIFORM"", ""population_size"": 20, ""seed"": 4, ""time_budget_ms"": 300000}",ok,FEASIBLE,True,0.09347170983036139,0.09347170983036139,True,138.264448535,40.0,1.0,299998.0,1968822,306.833,,7,1696,
arOrch_146588263_infrastructure_185|random-search#seed4,arOrch,185,146588263,arOrch_146588263_infrastructure_185,random-search,4,"{""iterations_count"": 1000, ""seed"": 4, ""time_budget_ms"": 300000}",ok,FEASIBLE,True,0.2790313602743959,0.2790313602743959,True,162.07520915999999,44.0,0.66,299999.0,1817449,306.992,,7,1696,
arOrch_146588263_infrastructure_185|evolutionary-heuristics#seed5,arOrch,185,146588263,arOrch_146588263_infrastructure_185,evolutionary-heuristics,5,"{""algorithm"": ""NSGAII"", ""max_evaluations"": 1000, ""operators"": ""UNIFORM"", ""population_size"": 20, ""seed"": 5, ""time_budget_ms"": 300000}",ok,FEASIBLE,True,0.09347170983036139,0.09347170983036139,True,138.264448535,40.0,1.0,299996.0,1968790,306.937,,7,1696,
arOrch_146588263_infrastructure_185|random-search#seed5,arOrch,185,146588263,arOrch_146588263_infrastructure_185,random-search,5,"{""iterations_count"": 1000, ""seed"": 5, ""time_budget_ms"": 300000}",ok,FEASIBLE,True,0.2806271599736657,0.2806271599736657,True,163.63999918,45.0,0.66,299997.0,1816556,306.9,,7,1696,
arOrch_146588263_infrastructure_185|evolutionary-heuristics#seed6,arOrch,185,146588263,arOrch_146588263_infrastructure_185,evolutionary-heuristics,6,"{""algorithm"": ""NSGAII"", ""max_evaluations"": 1000, ""operators"": ""UNIFORM"", ""population_size"": 20, ""seed"": 6, ""time_budget_ms"": 300000}",ok,FEASIBLE,True,0.09347170983036139,0.09347170983036139,True,138.264448535,40.0,1.0,300002.0,1969110,306.894,,7,1696,
arOrch_146588263_infrastructure_185|random-search#seed6,arOrch,185,146588263,arOrch_146588263_infrastructure_185,random-search,6,"{""iterations_count"": 1000, ""seed"": 6, ""time_budget_ms"": 300000}",ok,FEASIBLE,True,0.11264277241170938,0.11264277241170938,True,165.33724006999998,42.0,1.0,300002.0,1809355,307.031,,7,1696,
arOrch_146588263_infrastructure_185|evolutionary-heuristics#seed7,arOrch,185,146588263,arOrch_146588263_infrastructure_185,evolutionary-heuristics,7,"{""algorithm"": ""NSGAII"", ""max_evaluations"": 1000, ""operators"": ""UNIFORM"", ""population_size"": 20, ""seed"": 7, ""time_budget_ms"": 300000}",ok,FEASIBLE,True,0.09347170983036139,0.09347170983036139,True,138.264448535,40.0,1.0,300002.0,1975324,306.921,,7,1696,
arOrch_146588263_infrastructure_185|random-search#seed7,arOrch,185,146588263,arOrch_146588263_infrastructure_185,random-search,7,"{""iterations_count"": 1000, ""seed"": 7, ""time_budget_ms"": 300000}",ok,FEASIBLE,True,0.2775286046412169,0.2775286046412169,True,163.12877801999997,40.0,0.66,300002.0,1819720,306.978,,7,1696,
arOrch_146588263_infrastructure_185|evolutionary-heuristics#seed8,arOrch,185,146588263,arOrch_146588263_infrastructure_185,evolutionary-heuristics,8,"{""algorithm"": ""NSGAII"", ""max_evaluations"": 1000, ""operators"": ""UNIFORM"", ""population_size"": 20, ""seed"": 8, ""time_budget_ms"": 300000}",ok,FEASIBLE,True,0.09347170983036139,0.09347170983036139,True,138.264448535,40.0,1.0,300064.0,1970478,306.953,,7,1696,
arOrch_146588263_infrastructure_185|random-search#seed8,arOrch,185,146588263,arOrch_146588263_infrastructure_185,random-search,8,"{""iterations_count"": 1000, ""seed"": 8, ""time_budget_ms"": 300000}",ok,FEASIBLE,True,0.1153908657858067,0.1153908657858067,True,169.04175427,42.5,1.0,300064.0,1815767,307.138,,7,1696,
arOrch_146588263_infrastructure_185|evolutionary-heuristics#seed9,arOrch,185,146588263,arOrch_146588263_infrastructure_185,evolutionary-heuristics,9,"{""algorithm"": ""NSGAII"", ""max_evaluations"": 1000, ""operators"": ""UNIFORM"", ""population_size"": 20, ""seed"": 9, ""time_budget_ms"": 300000}",ok,FEASIBLE,True,0.09347170983036139,0.09347170983036139,True,138.264448535,40.0,1.0,300009.0,1958141,306.85,,7,1696,
arOrch_146588263_infrastructure_185|random-search#seed9,arOrch,185,146588263,arOrch_146588263_infrastructure_185,random-search,9,"{""iterations_count"": 1000, ""seed"": 9, ""time_budget_ms"": 300000}",ok,FEASIBLE,True,0.27461336230109656,0.27461336230109656,True,157.93434012499998,41.0,0.66,300010.0,1801460,306.965,,7,1696,
arOrch_146588263_infrastructure_185|evolutionary-heuristics#seed10,arOrch,185,146588263,arOrch_146588263_infrastructure_185,evolutionary-heuristics,10,"{""algorithm"": ""NSGAII"", ""max_evaluations"": 1000, ""operators"": ""UNIFORM"", ""population_size"": 20, ""seed"": 10, ""time_budget_ms"": 300000}",ok,FEASIBLE,True,0.09347170983036139,0.09347170983036139,True,138.264448535,40.0,1.0,300009.0,1972629,307.09,,7,1696,
arOrch_146588263_infrastructure_185|random-search#seed10,arOrch,185,146588263,arOrch_146588263_infrastructure_185,random-search,10,"{""iterations_count"": 1000, ""seed"": 10, ""time_budget_ms"": 300000}",ok,FEASIBLE,True,0.11732270573595614,0.11732270573595614,True,170.696900905,44.0,1.0,300009.0,1810373,307.15,,7,1696,
arOrch_146588263_infrastructure_190|evolutionary-heuristics#seed1,arOrch,190,146588263,arOrch_146588263_infrastructure_190,evolutionary-heuristics,1,"{""algorithm"": ""NSGAII"", ""max_evaluations"": 1000, ""operators"": ""UNIFORM"", ""population_size"": 20, ""seed"": 1, ""time_budget_ms"": 300000}",ok,FEASIBLE,True,0.10342249745891025,0.10342249745891025,True,159.47331825,29.0,1.0,299980.0,1909955,307.606,,7,1856,
arOrch_146588263_infrastructure_190|random-search#seed1,arOrch,190,146588263,arOrch_146588263_infrastructure_190,random-search,1,"{""iterations_count"": 1000, ""seed"": 1, ""time_budget_ms"": 300000}",ok,FEASIBLE,True,0.11952067801437176,0.11952067801437176,True,179.492762745,34.0,1.0,299980.0,1753463,307.724,,7,1856,
arOrch_146588263_infrastructure_190|evolutionary-heuristics#seed2,arOrch,190,146588263,arOrch_146588263_infrastructure_190,evolutionary-heuristics,2,"{""algorithm"": ""NSGAII"", ""max_evaluations"": 1000, ""operators"": ""UNIFORM"", ""population_size"": 20, ""seed"": 2, ""time_budget_ms"": 300000}",ok,FEASIBLE,True,0.1027411523248347,0.1027411523248347,True,158.038700835,29.5,1.0,300009.0,1838092,307.837,,7,1856,
arOrch_146588263_infrastructure_190|random-search#seed2,arOrch,190,146588263,arOrch_146588263_infrastructure_190,random-search,2,"{""iterations_count"": 1000, ""seed"": 2, ""time_budget_ms"": 300000}",ok,FEASIBLE,True,0.12911285430549185,0.12911285430549185,True,186.45248737999998,43.0,1.0,300009.0,1720331,307.717,,7,1856,
arOrch_146588263_infrastructure_190|evolutionary-heuristics#seed3,arOrch,190,146588263,arOrch_146588263_infrastructure_190,evolutionary-heuristics,3,"{""algorithm"": ""NSGAII"", ""max_evaluations"": 1000, ""operators"": ""UNIFORM"", ""population_size"": 20, ""seed"": 3, ""time_budget_ms"": 300000}",ok,FEASIBLE,True,0.1027411523248347,0.1027411523248347,True,158.038700835,29.5,1.0,299991.0,1817089,308.947,,7,1856,
arOrch_146588263_infrastructure_190|random-search#seed3,arOrch,190,146588263,arOrch_146588263_infrastructure_190,random-search,3,"{""iterations_count"": 1000, ""seed"": 3, ""time_budget_ms"": 300000}",ok,FEASIBLE,True,0.12148197740765973,0.12148197740765973,True,178.308014145,39.0,1.0,300005.0,1733618,308.52,,7,1856,
arOrch_146588263_infrastructure_190|evolutionary-heuristics#seed4,arOrch,190,146588263,arOrch_146588263_infrastructure_190,evolutionary-heuristics,4,"{""algorithm"": ""NSGAII"", ""max_evaluations"": 1000, ""operators"": ""UNIFORM"", ""population_size"": 20, ""seed"": 4, ""time_budget_ms"": 300000}",ok,FEASIBLE,True,0.1027411523248347,0.1027411523248347,True,158.038700835,29.5,1.0,299971.0,1800984,307.821,,7,1856,
arOrch_146588263_infrastructure_190|random-search#seed4,arOrch,190,146588263,arOrch_146588263_infrastructure_190,random-search,4,"{""iterations_count"": 1000, ""seed"": 4, ""time_budget_ms"": 300000}",ok,FEASIBLE,True,0.2850068469394899,0.2850068469394899,True,171.57629475500002,40.0,0.66,299971.0,1688209,308.061,,7,1856,
arOrch_146588263_infrastructure_190|evolutionary-heuristics#seed5,arOrch,190,146588263,arOrch_146588263_infrastructure_190,evolutionary-heuristics,5,"{""algorithm"": ""NSGAII"", ""max_evaluations"": 1000, ""operators"": ""UNIFORM"", ""population_size"": 20, ""seed"": 5, ""time_budget_ms"": 300000}",ok,FEASIBLE,True,0.10342249745891025,0.10342249745891025,True,159.47331825,29.0,1.0,300005.0,1787877,308.797,,7,1856,
arOrch_146588263_infrastructure_190|random-search#seed5,arOrch,190,146588263,arOrch_146588263_infrastructure_190,random-search,5,"{""iterations_count"": 1000, ""seed"": 5, ""time_budget_ms"": 300000}",ok,FEASIBLE,True,0.12745967065661684,0.12745967065661684,True,182.32222745,45.0,1.0,300006.0,1643821,308.839,,7,1856,
arOrch_146588263_infrastructure_190|evolutionary-heuristics#seed6,arOrch,190,146588263,arOrch_146588263_infrastructure_190,evolutionary-heuristics,6,"{""algorithm"": ""NSGAII"", ""max_evaluations"": 1000, ""operators"": ""UNIFORM"", ""population_size"": 20, ""seed"": 6, ""time_budget_ms"": 300000}",ok,FEASIBLE,True,0.10342249745891025,0.10342249745891025,True,159.47331825,29.0,1.0,300005.0,1890219,307.704,,7,1856,
arOrch_146588263_infrastructure_190|random-search#seed6,arOrch,190,146588263,arOrch_146588263_infrastructure_190,random-search,6,"{""iterations_count"": 1000, ""seed"": 6, ""time_budget_ms"": 300000}",ok,FEASIBLE,True,0.12632874716845532,0.12632874716845532,True,186.40309005499998,38.0,1.0,300005.0,1747876,307.814,,7,1856,
arOrch_146588263_infrastructure_190|evolutionary-heuristics#seed7,arOrch,190,146588263,arOrch_146588263_infrastructure_190,evolutionary-heuristics,7,"{""algorithm"": ""NSGAII"", ""max_evaluations"": 1000, ""operators"": ""UNIFORM"", ""population_size"": 20, ""seed"": 7, ""time_budget_ms"": 300000}",ok,FEASIBLE,True,0.1027411523248347,0.1027411523248347,True,158.038700835,29.5,1.0,300040.0,1867360,307.813,,7,1856,
arOrch_146588263_infrastructure_190|random-search#seed7,arOrch,190,146588263,arOrch_146588263_infrastructure_190,random-search,7,"{""iterations_count"": 1000, ""seed"": 7, ""time_budget_ms"": 300000}",ok,FEASIBLE,True,0.1237592638392835,0.1237592638392835,True,177.597220875,44.0,1.0,300040.0,1751620,307.985,,7,1856,
arOrch_146588263_infrastructure_190|evolutionary-heuristics#seed8,arOrch,190,146588263,arOrch_146588263_infrastructure_190,evolutionary-heuristics,8,"{""algorithm"": ""NSGAII"", ""max_evaluations"": 1000, ""operators"": ""UNIFORM"", ""population_size"": 20, ""seed"": 8, ""time_budget_ms"": 300000}",ok,FEASIBLE,True,0.10716402981575561,0.10716402981575561,True,159.720814635,35.5,1.0,300010.0,1865555,307.78,,7,1856,
arOrch_146588263_infrastructure_190|random-search#seed8,arOrch,190,146588263,arOrch_146588263_infrastructure_190,random-search,8,"{""iterations_count"": 1000, ""seed"": 8, ""time_budget_ms"": 300000}",ok,FEASIBLE,True,0.12177040114679183,0.12177040114679183,True,181.21655139,36.0,1.0,300009.0,1752040,308.228,,7,1856,
arOrch_146588263_infrastructure_190|evolutionary-heuristics#seed9,arOrch,190,146588263,arOrch_146588263_infrastructure_190,evolutionary-heuristics,9,"{""algorithm"": ""NSGAII"", ""max_evaluations"": 1000, ""operators"": ""UNIFORM"", ""population_size"": 20, ""seed"": 9, ""time_budget_ms"": 300000}",ok,FEASIBLE,True,0.1027411523248347,0.1027411523248347,True,158.038700835,29.5,1.0,300009.0,1886226,307.899,,7,1856,
arOrch_146588263_infrastructure_190|random-search#seed9,arOrch,190,146588263,arOrch_146588263_infrastructure_190,random-search,9,"{""iterations_count"": 1000, ""seed"": 9, ""time_budget_ms"": 300000}",ok,FEASIBLE,True,0.12794428967486318,0.12794428967486318,True,185.52504195,42.0,1.0,300009.0,1764972,307.772,,7,1856,
arOrch_146588263_infrastructure_190|evolutionary-heuristics#seed10,arOrch,190,146588263,arOrch_146588263_infrastructure_190,evolutionary-heuristics,10,"{""algorithm"": ""NSGAII"", ""max_evaluations"": 1000, ""operators"": ""UNIFORM"", ""population_size"": 20, ""seed"": 10, ""time_budget_ms"": 300000}",ok,FEASIBLE,True,0.10342249745891025,0.10342249745891025,True,159.47331825,29.0,1.0,299994.0,1931964,307.855,,7,1856,
arOrch_146588263_infrastructure_190|random-search#seed10,arOrch,190,146588263,arOrch_146588263_infrastructure_190,random-search,10,"{""iterations_count"": 1000, ""seed"": 10, ""time_budget_ms"": 300000}",ok,FEASIBLE,True,0.11870318030576106,0.11870318030576106,True,175.378002675,37.5,1.0,299995.0,1772560,307.734,,7,1856,
arOrch_146588263_infrastructure_195|evolutionary-heuristics#seed1,arOrch,195,146588263,arOrch_146588263_infrastructure_195,evolutionary-heuristics,1,"{""algorithm"": ""NSGAII"", ""max_evaluations"": 1000, ""operators"": ""UNIFORM"", ""population_size"": 20, ""seed"": 1, ""time_budget_ms"": 300000}",ok,FEASIBLE,True,0.09497498165146807,0.09497498165146807,True,146.952095025,26.5,1.0,300010.0,2104213,306.836,,7,1681,
arOrch_146588263_infrastructure_195|random-search#seed1,arOrch,195,146588263,arOrch_146588263_infrastructure_195,random-search,1,"{""iterations_count"": 1000, ""seed"": 1, ""time_budget_ms"": 300000}",ok,FEASIBLE,True,0.11387591551730471,0.11387591551730471,True,162.21130447500002,42.5,1.0,300010.0,1930675,307.017,,7,1681,
arOrch_146588263_infrastructure_195|evolutionary-heuristics#seed2,arOrch,195,146588263,arOrch_146588263_infrastructure_195,evolutionary-heuristics,2,"{""algorithm"": ""NSGAII"", ""max_evaluations"": 1000, ""operators"": ""UNIFORM"", ""population_size"": 20, ""seed"": 2, ""time_budget_ms"": 300000}",ok,FEASIBLE,True,0.09452065723136446,0.09452065723136446,True,142.522167485,31.0,1.0,300009.0,2078625,306.903,,7,1681,
arOrch_146588263_infrastructure_195|random-search#seed2,arOrch,195,146588263,arOrch_146588263_infrastructure_195,random-search,2,"{""iterations_count"": 1000, ""seed"": 2, ""time_budget_ms"": 300000}",ok,FEASIBLE,True,0.11855808516373091,0.11855808516373091,True,170.95198150000002,40.5,1.0,300010.0,1925586,307.018,,7,1681,
arOrch_146588263_infrastructure_195|evolutionary-heuristics#seed3,arOrch,195,146588263,arOrch_146588263_infrastructure_195,evolutionary-heuristics,3,"{""algorithm"": ""NSGAII"", ""max_evaluations"": 1000, ""operators"": ""UNIFORM"", ""population_size"": 20, ""seed"": 3, ""time_budget_ms"": 300000}",ok,FEASIBLE,True,0.09452065723136446,0.09452065723136446,True,142.522167485,31.0,1.0,300002.0,1542138,307.423,,7,1681,
arOrch_146588263_infrastructure_195|random-search#seed3,arOrch,195,146588263,arOrch_146588263_infrastructure_195,random-search,3,"{""iterations_count"": 1000, ""seed"": 3, ""time_budget_ms"": 300000}",ok,FEASIBLE,True,0.2803016712518032,0.2803016712518032,True,162.72356937,40.0,0.66,300001.0,1380045,307.093,,7,1681,
arOrch_146588263_infrastructure_195|evolutionary-heuristics#seed4,arOrch,195,146588263,arOrch_146588263_infrastructure_195,evolutionary-heuristics,4,"{""algorithm"": ""NSGAII"", ""max_evaluations"": 1000, ""operators"": ""UNIFORM"", ""population_size"": 20, ""seed"": 4, ""time_budget_ms"": 300000}",ok,FEASIBLE,True,0.09452065723136446,0.09452065723136446,True,142.522167485,31.0,1.0,300014.0,1471049,311.111,,7,1681,
arOrch_146588263_infrastructure_195|random-search#seed4,arOrch,195,146588263,arOrch_146588263_infrastructure_195,random-search,4,"{""iterations_count"": 1000, ""seed"": 4, ""time_budget_ms"": 300000}",ok,FEASIBLE,True,0.2804410768457438,0.2804410768457438,True,166.26158856500004,36.0,0.66,300014.0,1313833,314.722,,7,1681,
arOrch_146588263_infrastructure_195|evolutionary-heuristics#seed5,arOrch,195,146588263,arOrch_146588263_infrastructure_195,evolutionary-heuristics,5,"{""algorithm"": ""NSGAII"", ""max_evaluations"": 1000, ""operators"": ""UNIFORM"", ""population_size"": 20, ""seed"": 5, ""time_budget_ms"": 300000}",ok,FEASIBLE,True,0.09452065723136446,0.09452065723136446,True,142.522167485,31.0,1.0,300009.0,1356504,316.527,,7,1681,
arOrch_146588263_infrastructure_195|random-search#seed5,arOrch,195,146588263,arOrch_146588263_infrastructure_195,random-search,5,"{""iterations_count"": 1000, ""seed"": 5, ""time_budget_ms"": 300000}",ok,FEASIBLE,True,0.26852075672683384,0.26852075672683384,True,149.07604916,35.0,0.66,300009.0,1254079,314.533,,7,1681,
arOrch_146588263_infrastructure_195|evolutionary-heuristics#seed6,arOrch,195,146588263,arOrch_146588263_infrastructure_195,evolutionary-heuristics,6,"{""algorithm"": ""NSGAII"", ""max_evaluations"": 1000, ""operators"": ""UNIFORM"", ""population_size"": 20, ""seed"": 6, ""time_budget_ms"": 300000}",ok,FEASIBLE,True,0.09452065723136446,0.09452065723136446,True,142.522167485,31.0,1.0,300008.0,1316818,311.029,,7,1681,
arOrch_146588263_infrastructure_195|random-search#seed6,arOrch,195,146588263,arOrch_146588263_infrastructure_195,random-search,6,"{""iterations_count"": 1000, ""seed"": 6, ""time_budget_ms"": 300000}",ok,FEASIBLE,True,0.11684317771992006,0.11684317771992006,True,170.43949595,38.0,1.0,300008.0,1192893,311.284,,7,1681,
arOrch_146588263_infrastructure_195|evolutionary-heuristics#seed7,arOrch,195,146588263,arOrch_146588263_infrastructure_195,evolutionary-heuristics,7,"{""algorithm"": ""NSGAII"", ""max_evaluations"": 1000, ""operators"": ""UNIFORM"", ""population_size"": 20, ""seed"": 7, ""time_budget_ms"": 300000}",ok,FEASIBLE,True,0.09415032836650311,0.09415032836650311,True,141.962421525,31.0,1.0,300010.0,1716499,314.537,,7,1681,
arOrch_146588263_infrastructure_195|random-search#seed7,arOrch,195,146588263,arOrch_146588263_infrastructure_195,random-search,7,"{""iterations_count"": 1000, ""seed"": 7, ""time_budget_ms"": 300000}",ok,FEASIBLE,True,0.11579337209489231,0.11579337209489231,True,166.77316338,40.5,1.0,300011.0,1605061,314.334,,7,1681,
arOrch_146588263_infrastructure_195|evolutionary-heuristics#seed8,arOrch,195,146588263,arOrch_146588263_infrastructure_195,evolutionary-heuristics,8,"{""algorithm"": ""NSGAII"", ""max_evaluations"": 1000, ""operators"": ""UNIFORM"", ""population_size"": 20, ""seed"": 8, ""time_budget_ms"": 300000}",ok,FEASIBLE,True,0.09452065723136446,0.09452065723136446,True,142.522167485,31.0,1.0,300009.0,1474693,307.418,,7,1681,
arOrch_146588263_infrastructure_195|random-search#seed8,arOrch,195,146588263,arOrch_146588263_infrastructure_195,random-search,8,"{""iterations_count"": 1000, ""seed"": 8, ""time_budget_ms"": 300000}",ok,FEASIBLE,True,0.11585912495612605,0.11585912495612605,True,163.54523780000002,44.5,1.0,300009.0,1302435,307.323,,7,1681,
arOrch_146588263_infrastructure_195|evolutionary-heuristics#seed9,arOrch,195,146588263,arOrch_146588263_infrastructure_195,evolutionary-heuristics,9,"{""algorithm"": ""NSGAII"", ""max_evaluations"": 1000, ""operators"": ""UNIFORM"", ""population_size"": 20, ""seed"": 9, ""time_budget_ms"": 300000}",ok,FEASIBLE,True,0.09452065723136446,0.09452065723136446,True,142.522167485,31.0,1.0,300001.0,1070386,313.077,,7,1681,
arOrch_146588263_infrastructure_195|random-search#seed9,arOrch,195,146588263,arOrch_146588263_infrastructure_195,random-search,9,"{""iterations_count"": 1000, ""seed"": 9, ""time_budget_ms"": 300000}",ok,FEASIBLE,True,0.11543350672155535,0.11543350672155535,True,164.1496641,43.0,1.0,300000.0,946321,318.353,,7,1681,
arOrch_146588263_infrastructure_195|evolutionary-heuristics#seed10,arOrch,195,146588263,arOrch_146588263_infrastructure_195,evolutionary-heuristics,10,"{""algorithm"": ""NSGAII"", ""max_evaluations"": 1000, ""operators"": ""UNIFORM"", ""population_size"": 20, ""seed"": 10, ""time_budget_ms"": 300000}",ok,FEASIBLE,True,0.09452065723136446,0.09452065723136446,True,142.522167485,31.0,1.0,300019.0,1265611,319.926,,7,1681,
arOrch_146588263_infrastructure_195|random-search#seed10,arOrch,195,146588263,arOrch_146588263_infrastructure_195,random-search,10,"{""iterations_count"": 1000, ""seed"": 10, ""time_budget_ms"": 300000}",ok,FEASIBLE,True,0.2716515679910014,0.2716515679910014,True,153.39230490999998,35.5,0.66,300021.0,1130904,333.716,,7,1681,
arOrch_146588263_infrastructure_200|evolutionary-heuristics#seed1,arOrch,200,146588263,arOrch_146588263_infrastructure_200,evolutionary-heuristics,1,"{""algorithm"": ""NSGAII"", ""max_evaluations"": 1000, ""operators"": ""UNIFORM"", ""population_size"": 20, ""seed"": 1, ""time_budget_ms"": 300000}",ok,FEASIBLE,True,0.09608505126900753,0.09608505126900753,True,139.520075415,30.0,1.0,299895.0,1073020,331.919,,7,2289,
arOrch_146588263_infrastructure_200|random-search#seed1,arOrch,200,146588263,arOrch_146588263_infrastructure_200,random-search,1,"{""iterations_count"": 1000, ""seed"": 1, ""time_budget_ms"": 300000}",ok,FEASIBLE,True,0.28357823095391443,0.28357823095391443,True,158.99365207,42.0,0.66,299893.0,920441,343.099,,7,2289,
arOrch_146588263_infrastructure_200|evolutionary-heuristics#seed2,arOrch,200,146588263,arOrch_146588263_infrastructure_200,evolutionary-heuristics,2,"{""algorithm"": ""NSGAII"", ""max_evaluations"": 1000, ""operators"": ""UNIFORM"", ""population_size"": 20, ""seed"": 2, ""time_budget_ms"": 300000}",ok,FEASIBLE,True,0.09608505126900753,0.09608505126900753,True,139.520075415,30.0,1.0,299997.0,545368,343.384,,7,2289,
arOrch_146588263_infrastructure_200|random-search#seed2,arOrch,200,146588263,arOrch_146588263_infrastructure_200,random-search,2,"{""iterations_count"": 1000, ""seed"": 2, ""time_budget_ms"": 300000}",ok,FEASIBLE,True,0.28711400235280715,0.28711400235280715,True,168.11293332,37.0,0.66,300000.0,465605,376.511,,7,2289,
arOrch_146588263_infrastructure_200|evolutionary-heuristics#seed3,arOrch,200,146588263,arOrch_146588263_infrastructure_200,evolutionary-heuristics,3,"{""algorithm"": ""NSGAII"", ""max_evaluations"": 1000, ""operators"": ""UNIFORM"", ""population_size"": 20, ""seed"": 3, ""time_budget_ms"": 300000}",ok,FEASIBLE,True,0.09608505126900753,0.09608505126900753,True,139.520075415,30.0,1.0,299998.0,527829,376.644,,7,2289,
arOrch_146588263_infrastructure_200|random-search#seed3,arOrch,200,146588263,arOrch_146588263_infrastructure_200,random-search,3,"{""iterations_count"": 1000, ""seed"": 3, ""time_budget_ms"": 300000}",ok,FEASIBLE,True,0.1123272944964945,0.1123272944964945,True,151.90279624000001,44.0,1.0,299982.0,423421,513.79,,7,2289,
arOrch_146588263_infrastructure_200|evolutionary-heuristics#seed4,arOrch,200,146588263,arOrch_146588263_infrastructure_200,evolutionary-heuristics,4,"{""algorithm"": ""NSGAII"", ""max_evaluations"": 1000, ""operators"": ""UNIFORM"", ""population_size"": 20, ""seed"": 4, ""time_budget_ms"": 300000}",ok,FEASIBLE,True,0.09608505126900753,0.09608505126900753,True,139.520075415,30.0,1.0,300001.0,117504,514.817,,7,2289,
arOrch_146588263_infrastructure_200|random-search#seed4,arOrch,200,146588263,arOrch_146588263_infrastructure_200,random-search,4,"{""iterations_count"": 1000, ""seed"": 4, ""time_budget_ms"": 300000}",ok,UNKNOWN,False,0.2885723568162808,0.2885723568162808,,170.228117625,37.0,0.66,300356.0,124956,555.864,,7,2289,
arOrch_146588263_infrastructure_200|evolutionary-heuristics#seed5,arOrch,200,146588263,arOrch_146588263_infrastructure_200,evolutionary-heuristics,5,"{""algorithm"": ""NSGAII"", ""max_evaluations"": 1000, ""operators"": ""UNIFORM"", ""population_size"": 20, ""seed"": 5, ""time_budget_ms"": 300000}",ok,FEASIBLE,True,0.09684410286081069,0.09684410286081069,True,136.62996712,35.0,1.0,299996.0,147932,503.451,,7,2289,
arOrch_146588263_infrastructure_200|random-search#seed5,arOrch,200,146588263,arOrch_146588263_infrastructure_200,random-search,5,"{""iterations_count"": 1000, ""seed"": 5, ""time_budget_ms"": 300000}",ok,FEASIBLE,True,0.1231296370934971,0.1231296370934971,True,169.56593256000002,41.5,1.0,300008.0,124497,491.44,,7,2289,
arOrch_146588263_infrastructure_200|evolutionary-heuristics#seed6,arOrch,200,146588263,arOrch_146588263_infrastructure_200,evolutionary-heuristics,6,"{""algorithm"": ""NSGAII"", ""max_evaluations"": 1000, ""operators"": ""UNIFORM"", ""population_size"": 20, ""seed"": 6, ""time_budget_ms"": 300000}",ok,FEASIBLE,True,0.09720175631871367,0.09720175631871367,True,137.148704505,35.0,1.0,299996.0,91347,552.851,,7,2289,
arOrch_146588263_infrastructure_200|random-search#seed6,arOrch,200,146588263,arOrch_146588263_infrastructure_200,random-search,6,"{""iterations_count"": 1000, ""seed"": 6, ""time_budget_ms"": 300000}",ok,UNKNOWN,False,0.29163833028948954,0.29163833028948954,,172.67946322500003,39.5,0.66,300013.0,78157,662.549,,7,2289,
arOrch_146588263_infrastructure_200|evolutionary-heuristics#seed7,arOrch,200,146588263,arOrch_146588263_infrastructure_200,evolutionary-heuristics,7,"{""algorithm"": ""NSGAII"", ""max_evaluations"": 1000, ""operators"": ""UNIFORM"", ""population_size"": 20, ""seed"": 7, ""time_budget_ms"": 300000}",ok,FEASIBLE,True,0.09684410286081069,0.09684410286081069,True,136.62996712,35.0,1.0,300109.0,109995,651.514,,7,2289,
arOrch_146588263_infrastructure_200|random-search#seed7,arOrch,200,146588263,arOrch_146588263_infrastructure_200,random-search,7,"{""iterations_count"": 1000, ""seed"": 7, ""time_budget_ms"": 300000}",ok,UNKNOWN,False,0.2942451380231039,0.2942451380231039,,178.45586888500003,37.0,0.66,300015.0,142331,567.941,,7,2289,
arOrch_146588263_infrastructure_200|evolutionary-heuristics#seed8,arOrch,200,146588263,arOrch_146588263_infrastructure_200,evolutionary-heuristics,8,"{""algorithm"": ""NSGAII"", ""max_evaluations"": 1000, ""operators"": ""UNIFORM"", ""population_size"": 20, ""seed"": 8, ""time_budget_ms"": 300000}",ok,FEASIBLE,True,0.09684410286081069,0.09684410286081069,True,136.62996712,35.0,1.0,300021.0,671117,525.243,,7,2289,
arOrch_146588263_infrastructure_200|random-search#seed8,arOrch,200,146588263,arOrch_146588263_infrastructure_200,random-search,8,"{""iterations_count"": 1000, ""seed"": 8, ""time_budget_ms"": 300000}",ok,FEASIBLE,True,0.28013984591336333,0.28013984591336333,True,156.40126705,39.0,0.66,300015.0,881978,343.563,,7,2289,
arOrch_146588263_infrastructure_200|evolutionary-heuristics#seed9,arOrch,200,146588263,arOrch_146588263_infrastructure_200,evolutionary-heuristics,9,"{""algorithm"": ""NSGAII"", ""max_evaluations"": 1000, ""operators"": ""UNIFORM"", ""population_size"": 20, ""seed"": 9, ""time_budget_ms"": 300000}",ok,FEASIBLE,True,0.09608505126900753,0.09608505126900753,True,139.520075415,30.0,1.0,300028.0,1481977,310.208,,7,2289,
arOrch_146588263_infrastructure_200|random-search#seed9,arOrch,200,146588263,arOrch_146588263_infrastructure_200,random-search,9,"{""iterations_count"": 1000, ""seed"": 9, ""time_budget_ms"": 300000}",ok,FEASIBLE,True,0.1200949826322457,0.1200949826322457,True,166.361805785,40.0,1.0,300030.0,1450707,315.465,,7,2289,
arOrch_146588263_infrastructure_200|evolutionary-heuristics#seed10,arOrch,200,146588263,arOrch_146588263_infrastructure_200,evolutionary-heuristics,10,"{""algorithm"": ""NSGAII"", ""max_evaluations"": 1000, ""operators"": ""UNIFORM"", ""population_size"": 20, ""seed"": 10, ""time_budget_ms"": 300000}",ok,FEASIBLE,True,0.09608505126900753,0.09608505126900753,True,139.520075415,30.0,1.0,300001.0,1674969,310.123,,7,2289,
arOrch_146588263_infrastructure_200|random-search#seed10,arOrch,200,146588263,arOrch_146588263_infrastructure_200,random-search,10,"{""iterations_count"": 1000, ""seed"": 10, ""time_budget_ms"": 300000}",ok,FEASIBLE,True,0.11995145302413708,0.11995145302413708,True,163.75901375,43.0,1.0,300001.0,1519932,309.858,,7,2289,
arOrch_146588263_infrastructure_205|evolutionary-heuristics#seed1,arOrch,205,146588263,arOrch_146588263_infrastructure_205,evolutionary-heuristics,1,"{""algorithm"": ""NSGAII"", ""max_evaluations"": 1000, ""operators"": ""UNIFORM"", ""population_size"": 20, ""seed"": 1, ""time_budget_ms"": 300000}",ok,FEASIBLE,True,0.10127077515103541,0.10127077515103541,True,134.866596695,35.0,1.0,300008.0,1547888,312.231,,7,2314,
arOrch_146588263_infrastructure_205|random-search#seed1,arOrch,205,146588263,arOrch_146588263_infrastructure_205,random-search,1,"{""iterations_count"": 1000, ""seed"": 1, ""time_budget_ms"": 300000}",ok,FEASIBLE,True,0.12804163038951338,0.12804163038951338,True,163.962363,43.0,1.0,300010.0,1402413,313.171,,7,2314,
arOrch_146588263_infrastructure_205|evolutionary-heuristics#seed2,arOrch,205,146588263,arOrch_146588263_infrastructure_205,evolutionary-heuristics,2,"{""algorithm"": ""NSGAII"", ""max_evaluations"": 1000, ""operators"": ""UNIFORM"", ""population_size"": 20, ""seed"": 2, ""time_budget_ms"": 300000}",ok,FEASIBLE,True,0.10127077515103541,0.10127077515103541,True,134.866596695,35.0,1.0,300041.0,1565921,312.935,,7,2314,
arOrch_146588263_infrastructure_205|random-search#seed2,arOrch,205,146588263,arOrch_146588263_infrastructure_205,random-search,2,"{""iterations_count"": 1000, ""seed"": 2, ""time_budget_ms"": 300000}",ok,FEASIBLE,True,0.28792352127791476,0.28792352127791476,True,163.40772117,30.0,0.66,300041.0,1398455,310.739,,7,2314,
arOrch_146588263_infrastructure_205|evolutionary-heuristics#seed3,arOrch,205,146588263,arOrch_146588263_infrastructure_205,evolutionary-heuristics,3,"{""algorithm"": ""NSGAII"", ""max_evaluations"": 1000, ""operators"": ""UNIFORM"", ""population_size"": 20, ""seed"": 3, ""time_budget_ms"": 300000}",ok,FEASIBLE,True,0.10127077515103541,0.10127077515103541,True,134.866596695,35.0,1.0,300009.0,1401136,310.591,,7,2314,
arOrch_146588263_infrastructure_205|random-search#seed3,arOrch,205,146588263,arOrch_146588263_infrastructure_205,random-search,3,"{""iterations_count"": 1000, ""seed"": 3, ""time_budget_ms"": 300000}",ok,FEASIBLE,True,0.28807111258385776,0.28807111258385776,True,152.145902385,46.0,0.66,300009.0,1214646,311.898,,7,2314,
arOrch_146588263_infrastructure_205|evolutionary-heuristics#seed4,arOrch,205,146588263,arOrch_146588263_infrastructure_205,evolutionary-heuristics,4,"{""algorithm"": ""NSGAII"", ""max_evaluations"": 1000, ""operators"": ""UNIFORM"", ""population_size"": 20, ""seed"": 4, ""time_budget_ms"": 300000}",ok,FEASIBLE,True,0.10127077515103541,0.10127077515103541,True,134.866596695,35.0,1.0,300009.0,1539115,311.472,,7,2314,
arOrch_146588263_infrastructure_205|random-search#seed4,arOrch,205,146588263,arOrch_146588263_infrastructure_205,random-search,4,"{""iterations_count"": 1000, ""seed"": 4, ""time_budget_ms"": 300000}",ok,FEASIBLE,True,0.2894006006145011,0.2894006006145011,True,160.31802057,37.0,0.66,300010.0,1492608,312.589,,7,2314,
arOrch_146588263_infrastructure_205|evolutionary-heuristics#seed5,arOrch,205,146588263,arOrch_146588263_infrastructure_205,evolutionary-heuristics,5,"{""algorithm"": ""NSGAII"", ""max_evaluations"": 1000, ""operators"": ""UNIFORM"", ""population_size"": 20, ""seed"": 5, ""time_budget_ms"": 300000}",ok,FEASIBLE,True,0.10127077515103541,0.10127077515103541,True,134.866596695,35.0,1.0,299936.0,1604558,310.063,,7,2314,
arOrch_146588263_infrastructure_205|random-search#seed5,arOrch,205,146588263,arOrch_146588263_infrastructure_205,random-search,5,"{""iterations_count"": 1000, ""seed"": 5, ""time_budget_ms"": 300000}",ok,FEASIBLE,True,0.1254795524823814,0.1254795524823814,True,160.98762581,42.5,1.0,299935.0,1379716,310.528,,7,2314,
arOrch_146588263_infrastructure_205|evolutionary-heuristics#seed6,arOrch,205,146588263,arOrch_146588263_infrastructure_205,evolutionary-heuristics,6,"{""algorithm"": ""NSGAII"", ""max_evaluations"": 1000, ""operators"": ""UNIFORM"", ""population_size"": 20, ""seed"": 6, ""time_budget_ms"": 300000}",ok,FEASIBLE,True,0.10127077515103541,0.10127077515103541,True,134.866596695,35.0,1.0,300002.0,1514754,314.387,,7,2314,
arOrch_146588263_infrastructure_205|random-search#seed6,arOrch,205,146588263,arOrch_146588263_infrastructure_205,random-search,6,"{""iterations_count"": 1000, ""seed"": 6, ""time_budget_ms"": 300000}",ok,FEASIBLE,True,0.28492188642670385,0.28492188642670385,True,154.850184605,36.5,0.66,300004.0,1448440,312.47,,7,2314,
arOrch_146588263_infrastructure_205|evolutionary-heuristics#seed7,arOrch,205,146588263,arOrch_146588263_infrastructure_205,evolutionary-heuristics,7,"{""algorithm"": ""NSGAII"", ""max_evaluations"": 1000, ""operators"": ""UNIFORM"", ""population_size"": 20, ""seed"": 7, ""time_budget_ms"": 300000}",ok,FEASIBLE,True,0.10127077515103541,0.10127077515103541,True,134.866596695,35.0,1.0,300003.0,1647109,310.442,,7,2314,
arOrch_146588263_infrastructure_205|random-search#seed7,arOrch,205,146588263,arOrch_146588263_infrastructure_205,random-search,7,"{""iterations_count"": 1000, ""seed"": 7, ""time_budget_ms"": 300000}",ok,FEASIBLE,True,0.2908754264231559,0.2908754264231559,True,161.16263267999997,38.5,0.66,300004.0,1465648,310.68,,7,2314,
arOrch_146588263_infrastructure_205|evolutionary-heuristics#seed8,arOrch,205,146588263,arOrch_146588263_infrastructure_205,evolutionary-heuristics,8,"{""algorithm"": ""NSGAII"", ""max_evaluations"": 1000, ""operators"": ""UNIFORM"", ""population_size"": 20, ""seed"": 8, ""time_budget_ms"": 300000}",ok,FEASIBLE,True,0.10127077515103541,0.10127077515103541,True,134.866596695,35.0,1.0,300037.0,1577199,312.48,,7,2314,
arOrch_146588263_infrastructure_205|random-search#seed8,arOrch,205,146588263,arOrch_146588263_infrastructure_205,random-search,8,"{""iterations_count"": 1000, ""seed"": 8, ""time_budget_ms"": 300000}",ok,FEASIBLE,True,0.13004509883924686,0.13004509883924686,True,165.85254771500001,44.0,1.0,300040.0,1418758,311.281,,7,2314,
arOrch_146588263_infrastructure_205|evolutionary-heuristics#seed9,arOrch,205,146588263,arOrch_146588263_infrastructure_205,evolutionary-heuristics,9,"{""algorithm"": ""NSGAII"", ""max_evaluations"": 1000, ""operators"": ""UNIFORM"", ""population_size"": 20, ""seed"": 9, ""time_budget_ms"": 300000}",ok,FEASIBLE,True,0.10127077515103541,0.10127077515103541,True,134.866596695,35.0,1.0,300010.0,1641925,311.308,,7,2314,
arOrch_146588263_infrastructure_205|random-search#seed9,arOrch,205,146588263,arOrch_146588263_infrastructure_205,random-search,9,"{""iterations_count"": 1000, ""seed"": 9, ""time_budget_ms"": 300000}",ok,FEASIBLE,True,0.29631725829970335,0.29631725829970335,True,166.45153603,41.0,0.66,300010.0,1514714,312.273,,7,2314,
arOrch_146588263_infrastructure_205|evolutionary-heuristics#seed10,arOrch,205,146588263,arOrch_146588263_infrastructure_205,evolutionary-heuristics,10,"{""algorithm"": ""NSGAII"", ""max_evaluations"": 1000, ""operators"": ""UNIFORM"", ""population_size"": 20, ""seed"": 10, ""time_budget_ms"": 300000}",ok,FEASIBLE,True,0.10127077515103541,0.10127077515103541,True,134.866596695,35.0,1.0,300009.0,1341462,310.573,,7,2314,
arOrch_146588263_infrastructure_205|random-search#seed10,arOrch,205,146588263,arOrch_146588263_infrastructure_205,random-search,10,"{""iterations_count"": 1000, ""seed"": 10, ""time_budget_ms"": 300000}",ok,FEASIBLE,True,0.12047264684426985,0.12047264684426985,True,155.906529235,40.5,1.0,300009.0,1177083,314.798,,7,2314,
arOrch_146588263_infrastructure_210|evolutionary-heuristics#seed1,arOrch,210,146588263,arOrch_146588263_infrastructure_210,evolutionary-heuristics,1,"{""algorithm"": ""NSGAII"", ""max_evaluations"": 1000, ""operators"": ""UNIFORM"", ""population_size"": 20, ""seed"": 1, ""time_budget_ms"": 300000}",ok,FEASIBLE,True,0.09945183465870107,0.09945183465870107,True,151.335687745,31.5,1.0,300015.0,1773589,311.145,,7,1614,
arOrch_146588263_infrastructure_210|random-search#seed1,arOrch,210,146588263,arOrch_146588263_infrastructure_210,random-search,1,"{""iterations_count"": 1000, ""seed"": 1, ""time_budget_ms"": 300000}",ok,FEASIBLE,True,0.2847154308047405,0.2847154308047405,True,172.649982975,38.5,0.66,300015.0,1574483,309.313,,7,1614,
arOrch_146588263_infrastructure_210|evolutionary-heuristics#seed2,arOrch,210,146588263,arOrch_146588263_infrastructure_210,evolutionary-heuristics,2,"{""algorithm"": ""NSGAII"", ""max_evaluations"": 1000, ""operators"": ""UNIFORM"", ""population_size"": 20, ""seed"": 2, ""time_budget_ms"": 300000}",ok,FEASIBLE,True,0.10331506275589664,0.10331506275589664,True,157.661937955,31.0,1.0,300009.0,1793266,309.018,,7,1614,
arOrch_146588263_infrastructure_210|random-search#seed2,arOrch,210,146588263,arOrch_146588263_infrastructure_210,random-search,2,"{""iterations_count"": 1000, ""seed"": 2, ""time_budget_ms"": 300000}",ok,FEASIBLE,True,0.281332773585874,0.281332773585874,True,170.42708752000001,35.0,0.66,300009.0,1681696,310.528,,7,1614,
arOrch_146588263_infrastructure_210|evolutionary-heuristics#seed3,arOrch,210,146588263,arOrch_146588263_infrastructure_210,evolutionary-heuristics,3,"{""algorithm"": ""NSGAII"", ""max_evaluations"": 1000, ""operators"": ""UNIFORM"", ""population_size"": 20, ""seed"": 3, ""time_budget_ms"": 300000}",ok,FEASIBLE,True,0.09945183465870107,0.09945183465870107,True,151.335687745,31.5,1.0,300009.0,1991571,309.017,,7,1614,
arOrch_146588263_infrastructure_210|random-search#seed3,arOrch,210,146588263,arOrch_146588263_infrastructure_210,random-search,3,"{""iterations_count"": 1000, ""seed"": 3, ""time_budget_ms"": 300000}",ok,FEASIBLE,True,0.12242678857974199,0.12242678857974199,True,175.92672249999998,44.0,1.0,299999.0,1700506,307.766,,7,1614,
arOrch_146588263_infrastructure_210|evolutionary-heuristics#seed4,arOrch,210,146588263,arOrch_146588263_infrastructure_210,evolutionary-heuristics,4,"{""algorithm"": ""NSGAII"", ""max_evaluations"": 1000, ""operators"": ""UNIFORM"", ""population_size"": 20, ""seed"": 4, ""time_budget_ms"": 300000}",ok,FEASIBLE,True,0.09945183465870107,0.09945183465870107,True,151.335687745,31.5,1.0,299994.0,1256648,309.694,,7,1614,
arOrch_146588263_infrastructure_210|random-search#seed4,arOrch,210,146588263,arOrch_146588263_infrastructure_210,random-search,4,"{""iterations_count"": 1000, ""seed"": 4, ""time_budget_ms"": 300000}",ok,FEASIBLE,True,0.12219219826772378,0.12219219826772378,True,176.410332555,43.0,1.0,300004.0,1003658,312.911,,7,1614,
arOrch_146588263_infrastructure_210|evolutionary-heuristics#seed5,arOrch,210,146588263,arOrch_146588263_infrastructure_210,evolutionary-heuristics,5,"{""algorithm"": ""NSGAII"", ""max_evaluations"": 1000, ""operators"": ""UNIFORM"", ""population_size"": 20, ""seed"": 5, ""time_budget_ms"": 300000}",ok,FEASIBLE,True,0.09945183465870107,0.09945183465870107,True,151.335687745,31.5,1.0,300010.0,1406649,315.022,,7,1614,
arOrch_146588263_infrastructure_210|random-search#seed5,arOrch,210,146588263,arOrch_146588263_infrastructure_210,random-search,5,"{""iterations_count"": 1000, ""seed"": 5, ""time_budget_ms"": 300000}",ok,FEASIBLE,True,0.28561295591805663,0.28561295591805663,True,172.337510595,40.5,0.66,299985.0,1249478,314.173,,7,1614,
arOrch_146588263_infrastructure_210|evolutionary-heuristics#seed6,arOrch,210,146588263,arOrch_146588263_infrastructure_210,evolutionary-heuristics,6,"{""algorithm"": ""NSGAII"", ""max_evaluations"": 1000, ""operators"": ""UNIFORM"", ""population_size"": 20, ""seed"": 6, ""time_budget_ms"": 300000}",ok,FEASIBLE,True,0.09945183465870107,0.09945183465870107,True,151.335687745,31.5,1.0,299986.0,1183655,309.663,,7,1614,
arOrch_146588263_infrastructure_210|random-search#seed6,arOrch,210,146588263,arOrch_146588263_infrastructure_210,random-search,6,"{""iterations_count"": 1000, ""seed"": 6, ""time_budget_ms"": 300000}",ok,FEASIBLE,True,0.28592969604704066,0.28592969604704066,True,176.61153820500002,36.0,0.66,299970.0,1180256,325.649,,7,1614,
arOrch_146588263_infrastructure_210|evolutionary-heuristics#seed7,arOrch,210,146588263,arOrch_146588263_infrastructure_210,evolutionary-heuristics,7,"{""algorithm"": ""NSGAII"", ""max_evaluations"": 1000, ""operators"": ""UNIFORM"", ""population_size"": 20, ""seed"": 7, ""time_budget_ms"": 300000}",ok,FEASIBLE,True,0.09945183465870107,0.09945183465870107,True,151.335687745,31.5,1.0,299959.0,1395586,309.598,,7,1614,
arOrch_146588263_infrastructure_210|random-search#seed7,arOrch,210,146588263,arOrch_146588263_infrastructure_210,random-search,7,"{""iterations_count"": 1000, ""seed"": 7, ""time_budget_ms"": 300000}",ok,FEASIBLE,True,0.1253730923269743,0.1253730923269743,True,180.430307205,44.0,1.0,300006.0,1370831,316.687,,7,1614,
arOrch_146588263_infrastructure_210|evolutionary-heuristics#seed8,arOrch,210,146588263,arOrch_146588263_infrastructure_210,evolutionary-heuristics,8,"{""algorithm"": ""NSGAII"", ""max_evaluations"": 1000, ""operators"": ""UNIFORM"", ""population_size"": 20, ""seed"": 8, ""time_budget_ms"": 300000}",ok,FEASIBLE,True,0.09945183465870107,0.09945183465870107,True,151.335687745,31.5,1.0,299986.0,1770921,310.559,,7,1614,
arOrch_146588263_infrastructure_210|random-search#seed8,arOrch,210,146588263,arOrch_146588263_infrastructure_210,random-search,8,"{""iterations_count"": 1000, ""seed"": 8, ""time_budget_ms"": 300000}",ok,FEASIBLE,True,0.12211947844814208,0.12211947844814208,True,175.456982335,44.0,1.0,299986.0,1672516,308.579,,7,1614,
arOrch_146588263_infrastructure_210|evolutionary-heuristics#seed9,arOrch,210,146588263,arOrch_146588263_infrastructure_210,evolutionary-heuristics,9,"{""algorithm"": ""NSGAII"", ""max_evaluations"": 1000, ""operators"": ""UNIFORM"", ""population_size"": 20, ""seed"": 9, ""time_budget_ms"": 300000}",ok,FEASIBLE,True,0.09945183465870107,0.09945183465870107,True,151.335687745,31.5,1.0,300003.0,2014970,309.302,,7,1614,
arOrch_146588263_infrastructure_210|random-search#seed9,arOrch,210,146588263,arOrch_146588263_infrastructure_210,random-search,9,"{""iterations_count"": 1000, ""seed"": 9, ""time_budget_ms"": 300000}",ok,FEASIBLE,True,0.27936459861850055,0.27936459861850055,True,169.945207705,32.0,0.66,300062.0,1850367,309.411,,7,1614,
arOrch_146588263_infrastructure_210|evolutionary-heuristics#seed10,arOrch,210,146588263,arOrch_146588263_infrastructure_210,evolutionary-heuristics,10,"{""algorithm"": ""NSGAII"", ""max_evaluations"": 1000, ""operators"": ""UNIFORM"", ""population_size"": 20, ""seed"": 10, ""time_budget_ms"": 300000}",ok,FEASIBLE,True,0.09945183465870107,0.09945183465870107,True,151.335687745,31.5,1.0,300061.0,2042938,307.869,,7,1614,
arOrch_146588263_infrastructure_210|random-search#seed10,arOrch,210,146588263,arOrch_146588263_infrastructure_210,random-search,10,"{""iterations_count"": 1000, ""seed"": 10, ""time_budget_ms"": 300000}",ok,FEASIBLE,True,0.11677554675607267,0.11677554675607267,True,168.97288166,42.0,1.0,300009.0,1790489,308.231,,7,1614,
arOrch_146588263_infrastructure_215|evolutionary-heuristics#seed1,arOrch,215,146588263,arOrch_146588263_infrastructure_215,evolutionary-heuristics,1,"{""algorithm"": ""NSGAII"", ""max_evaluations"": 1000, ""operators"": ""UNIFORM"", ""population_size"": 20, ""seed"": 1, ""time_budget_ms"": 300000}",ok,FEASIBLE,True,0.132932439245601,0.132932439245601,True,147.517757285,43.0,1.0,300010.0,1558387,311.162,,7,2139,
arOrch_146588263_infrastructure_215|random-search#seed1,arOrch,215,146588263,arOrch_146588263_infrastructure_215,random-search,1,"{""iterations_count"": 1000, ""seed"": 1, ""time_budget_ms"": 300000}",ok,FEASIBLE,True,0.15557102800704742,0.15557102800704742,True,174.677700745,40.0,1.0,300009.0,1439230,312.002,,7,2139,
arOrch_146588263_infrastructure_215|evolutionary-heuristics#seed2,arOrch,215,146588263,arOrch_146588263_infrastructure_215,evolutionary-heuristics,2,"{""algorithm"": ""NSGAII"", ""max_evaluations"": 1000, ""operators"": ""UNIFORM"", ""population_size"": 20, ""seed"": 2, ""time_budget_ms"": 300000}",ok,FEASIBLE,True,0.132932439245601,0.132932439245601,True,147.517757285,43.0,1.0,299931.0,1635400,312.742,,7,2139,
arOrch_146588263_infrastructure_215|random-search#seed2,arOrch,215,146588263,arOrch_146588263_infrastructure_215,random-search,2,"{""iterations_count"": 1000, ""seed"": 2, ""time_budget_ms"": 300000}",ok,FEASIBLE,True,0.15813554723387013,0.15813554723387013,True,177.85323662000002,39.5,1.0,299928.0,1512200,310.44,,7,2139,
arOrch_146588263_infrastructure_215|evolutionary-heuristics#seed3,arOrch,215,146588263,arOrch_146588263_infrastructure_215,evolutionary-heuristics,3,"{""algorithm"": ""NSGAII"", ""max_evaluations"": 1000, ""operators"": ""UNIFORM"", ""population_size"": 20, ""seed"": 3, ""time_budget_ms"": 300000}",ok,FEASIBLE,True,0.132932439245601,0.132932439245601,True,147.517757285,43.0,1.0,300003.0,1661869,312.842,,7,2139,
arOrch_146588263_infrastructure_215|random-search#seed3,arOrch,215,146588263,arOrch_146588263_infrastructure_215,random-search,3,"{""iterations_count"": 1000, ""seed"": 3, ""time_budget_ms"": 300000}",ok,FEASIBLE,True,0.1630531988164877,0.1630531988164877,True,181.80812901000002,42.0,1.0,300003.0,1543859,311.374,,7,2139,
arOrch_146588263_infrastructure_215|evolutionary-heuristics#seed4,arOrch,215,146588263,arOrch_146588263_infrastructure_215,evolutionary-heuristics,4,"{""algorithm"": ""NSGAII"", ""max_evaluations"": 1000, ""operators"": ""UNIFORM"", ""population_size"": 20, ""seed"": 4, ""time_budget_ms"": 300000}",ok,FEASIBLE,True,0.132932439245601,0.132932439245601,True,147.517757285,43.0,1.0,300003.0,1630272,310.24,,7,2139,
arOrch_146588263_infrastructure_215|random-search#seed4,arOrch,215,146588263,arOrch_146588263_infrastructure_215,random-search,4,"{""iterations_count"": 1000, ""seed"": 4, ""time_budget_ms"": 300000}",ok,FEASIBLE,True,0.16285788856083624,0.16285788856083624,True,181.89833501,41.5,1.0,300002.0,1531490,310.06,,7,2139,
arOrch_146588263_infrastructure_215|evolutionary-heuristics#seed5,arOrch,215,146588263,arOrch_146588263_infrastructure_215,evolutionary-heuristics,5,"{""algorithm"": ""NSGAII"", ""max_evaluations"": 1000, ""operators"": ""UNIFORM"", ""population_size"": 20, ""seed"": 5, ""time_budget_ms"": 300000}",ok,FEASIBLE,True,0.132932439245601,0.132932439245601,True,147.517757285,43.0,1.0,299986.0,1544587,310.168,,7,2139,
arOrch_146588263_infrastructure_215|random-search#seed5,arOrch,215,146588263,arOrch_146588263_infrastructure_215,random-search,5,"{""iterations_count"": 1000, ""seed"": 5, ""time_budget_ms"": 300000}",ok,FEASIBLE,True,0.15427040771380676,0.15427040771380676,True,170.75526978500002,44.0,1.0,299979.0,1126323,311.908,,7,2139,
arOrch_146588263_infrastructure_215|evolutionary-heuristics#seed6,arOrch,215,146588263,arOrch_146588263_infrastructure_215,evolutionary-heuristics,6,"{""algorithm"": ""NSGAII"", ""max_evaluations"": 1000, ""operators"": ""UNIFORM"", ""population_size"": 20, ""seed"": 6, ""time_budget_ms"": 300000}",ok,FEASIBLE,True,0.132932439245601,0.132932439245601,True,147.517757285,43.0,1.0,300005.0,1067821,311.268,,7,2139,
arOrch_146588263_infrastructure_215|random-search#seed6,arOrch,215,146588263,arOrch_146588263_infrastructure_215,random-search,6,"{""iterations_count"": 1000, ""seed"": 6, ""time_budget_ms"": 300000}",ok,FEASIBLE,True,0.3257758820579545,0.3257758820579545,True,179.90314658,36.5,0.66,300011.0,1205026,317.25,,7,2139,
arOrch_146588263_infrastructure_215|evolutionary-heuristics#seed7,arOrch,215,146588263,arOrch_146588263_infrastructure_215,evolutionary-heuristics,7,"{""algorithm"": ""NSGAII"", ""max_evaluations"": 1000, ""operators"": ""UNIFORM"", ""population_size"": 20, ""seed"": 7, ""time_budget_ms"": 300000}",ok,FEASIBLE,True,0.132932439245601,0.132932439245601,True,147.517757285,43.0,1.0,300004.0,1278500,314.942,,7,2139,
arOrch_146588263_infrastructure_215|random-search#seed7,arOrch,215,146588263,arOrch_146588263_infrastructure_215,random-search,7,"{""iterations_count"": 1000, ""seed"": 7, ""time_budget_ms"": 300000}",ok,FEASIBLE,True,0.15654414775808242,0.15654414775808242,True,174.531386075,42.0,1.0,300004.0,1173423,315.781,,7,2139,
arOrch_146588263_infrastructure_215|evolutionary-heuristics#seed8,arOrch,215,146588263,arOrch_146588263_infrastructure_215,evolutionary-heuristics,8,"{""algorithm"": ""NSGAII"", ""max_evaluations"": 1000, ""operators"": ""UNIFORM"", ""population_size"": 20, ""seed"": 8, ""time_budget_ms"": 300000}",ok,FEASIBLE,True,0.132932439245601,0.132932439245601,True,147.517757285,43.0,1.0,300003.0,1036346,313.056,,7,2139,
arOrch_146588263_infrastructure_215|random-search#seed8,arOrch,215,146588263,arOrch_146588263_infrastructure_215,random-search,8,"{""iterations_count"": 1000, ""seed"": 8, ""time_budget_ms"": 300000}",ok,FEASIBLE,True,0.32145970460580814,0.32145970460580814,True,172.91804856000002,40.0,0.66,299820.0,738137,323.384,,7,2139,
arOrch_146588263_infrastructure_215|evolutionary-heuristics#seed9,arOrch,215,146588263,arOrch_146588263_infrastructure_215,evolutionary-heuristics,9,"{""algorithm"": ""NSGAII"", ""max_evaluations"": 1000, ""operators"": ""UNIFORM"", ""population_size"": 20, ""seed"": 9, ""time_budget_ms"": 300000}",ok,FEASIBLE,True,0.132932439245601,0.132932439245601,True,147.517757285,43.0,1.0,299815.0,966678,322.788,,7,2139,
arOrch_146588263_infrastructure_215|random-search#seed9,arOrch,215,146588263,arOrch_146588263_infrastructure_215,random-search,9,"{""iterations_count"": 1000, ""seed"": 9, ""time_budget_ms"": 300000}",ok,FEASIBLE,True,0.15637489897086668,0.15637489897086668,True,173.10796939500003,44.0,1.0,299988.0,1000412,322.37,,7,2139,
arOrch_146588263_infrastructure_215|evolutionary-heuristics#seed10,arOrch,215,146588263,arOrch_146588263_infrastructure_215,evolutionary-heuristics,10,"{""algorithm"": ""NSGAII"", ""max_evaluations"": 1000, ""operators"": ""UNIFORM"", ""population_size"": 20, ""seed"": 10, ""time_budget_ms"": 300000}",ok,FEASIBLE,True,0.132932439245601,0.132932439245601,True,147.517757285,43.0,1.0,299990.0,1205589,315.533,,7,2139,
arOrch_146588263_infrastructure_215|random-search#seed10,arOrch,215,146588263,arOrch_146588263_infrastructure_215,random-search,10,"{""iterations_count"": 1000, ""seed"": 10, ""time_budget_ms"": 300000}",ok,FEASIBLE,True,0.16558497748441636,0.16558497748441636,True,182.17009861999998,46.0,1.0,299991.0,1220235,320.161,,7,2139,
arOrch_146588263_infrastructure_220|evolutionary-heuristics#seed1,arOrch,220,146588263,arOrch_146588263_infrastructure_220,evolutionary-heuristics,1,"{""algorithm"": ""NSGAII"", ""max_evaluations"": 1000, ""operators"": ""UNIFORM"", ""population_size"": 20, ""seed"": 1, ""time_budget_ms"": 300000}",ok,FEASIBLE,True,0.10446478796722174,0.10446478796722174,True,160.42897492499998,31.0,1.0,299989.0,1474715,311.96,,7,1738,
arOrch_146588263_infrastructure_220|random-search#seed1,arOrch,220,146588263,arOrch_146588263_infrastructure_220,random-search,1,"{""iterations_count"": 1000, ""seed"": 1, ""time_budget_ms"": 300000}",ok,FEASIBLE,True,0.1215648592755309,0.1215648592755309,True,176.34627527,43.0,1.0,299989.0,1305044,311.147,,7,1738,
arOrch_146588263_infrastructure_220|evolutionary-heuristics#seed2,arOrch,220,146588263,arOrch_146588263_infrastructure_220,evolutionary-heuristics,2,"{""algorithm"": ""NSGAII"", ""max_evaluations"": 1000, ""operators"": ""UNIFORM"", ""population_size"": 20, ""seed"": 2, ""time_budget_ms"": 300000}",ok,FEASIBLE,True,0.10446478796722174,0.10446478796722174,True,160.42897492499998,31.0,1.0,299948.0,1529334,313.815,,7,1738,
arOrch_146588263_infrastructure_220|random-search#seed2,arOrch,220,146588263,arOrch_146588263_infrastructure_220,random-search,2,"{""iterations_count"": 1000, ""seed"": 2, ""time_budget_ms"": 300000}",ok,FEASIBLE,True,0.2807182971319498,0.2807182971319498,True,170.421756545,35.0,0.66,299948.0,1452484,311.584,,7,1738,
arOrch_146588263_infrastructure_220|evolutionary-heuristics#seed3,arOrch,220,146588263,arOrch_146588263_infrastructure_220,evolutionary-heuristics,3,"{""algorithm"": ""NSGAII"", ""max_evaluations"": 1000, ""operators"": ""UNIFORM"", ""population_size"": 20, ""seed"": 3, ""time_budget_ms"": 300000}",ok,FEASIBLE,True,0.10446478796722174,0.10446478796722174,True,160.42897492499998,31.0,1.0,299989.0,1571919,311.337,,7,1738,
arOrch_146588263_infrastructure_220|random-search#seed3,arOrch,220,146588263,arOrch_146588263_infrastructure_220,random-search,3,"{""iterations_count"": 1000, ""seed"": 3, ""time_budget_ms"": 300000}",ok,FEASIBLE,True,0.12174612728099843,0.12174612728099843,True,182.46263023,36.0,1.0,299990.0,1469704,311.828,,7,1738,
arOrch_146588263_infrastructure_220|evolutionary-heuristics#seed4,arOrch,220,146588263,arOrch_146588263_infrastructure_220,evolutionary-heuristics,4,"{""algorithm"": ""NSGAII"", ""max_evaluations"": 1000, ""operators"": ""UNIFORM"", ""population_size"": 20, ""seed"": 4, ""time_budget_ms"": 300000}",ok,FEASIBLE,True,0.10446478796722174,0.10446478796722174,True,160.42897492499998,31.0,1.0,299990.0,1628324,310.314,,7,1738,
arOrch_146588263_infrastructure_220|random-search#seed4,arOrch,220,146588263,arOrch_146588263_infrastructure_220,random-search,4,"{""iterations_count"": 1000, ""seed"": 4, ""time_budget_ms"": 300000}",ok,FEASIBLE,True,0.12710306538386373,0.12710306538386373,True,184.32739141500002,43.5,1.0,299989.0,1446738,310.037,,7,1738,
arOrch_146588263_infrastructure_220|evolutionary-heuristics#seed5,arOrch,220,146588263,arOrch_146588263_infrastructure_220,evolutionary-heuristics,5,"{""algorithm"": ""NSGAII"", ""max_evaluations"": 1000, ""operators"": ""UNIFORM"", ""population_size"": 20, ""seed"": 5, ""time_budget_ms"": 300000}",ok,FEASIBLE,True,0.10446478796722174,0.10446478796722174,True,160.42897492499998,31.0,1.0,300181.0,1576364,310.196,,7,1738,
arOrch_146588263_infrastructure_220|random-search#seed5,arOrch,220,146588263,arOrch_146588263_infrastructure_220,random-search,5,"{""iterations_count"": 1000, ""seed"": 5, ""time_budget_ms"": 300000}",ok,FEASIBLE,True,0.12753816641719645,0.12753816641719645,True,189.159677055,38.5,1.0,300189.0,1439988,311.775,,7,1738,
arOrch_146588263_infrastructure_220|evolutionary-heuristics#seed6,arOrch,220,146588263,arOrch_146588263_infrastructure_220,evolutionary-heuristics,6,"{""algorithm"": ""NSGAII"", ""max_evaluations"": 1000, ""operators"": ""UNIFORM"", ""population_size"": 20, ""seed"": 6, ""time_budget_ms"": 300000}",ok,FEASIBLE,True,0.10446478796722174,0.10446478796722174,True,160.42897492499998,31.0,1.0,300006.0,1591860,311.451,,7,1738,
arOrch_146588263_infrastructure_220|random-search#seed6,arOrch,220,146588263,arOrch_146588263_infrastructure_220,random-search,6,"{""iterations_count"": 1000, ""seed"": 6, ""time_budget_ms"": 300000}",ok,FEASIBLE,True,0.12531594572821747,0.12531594572821747,True,180.365585305,45.0,1.0,300007.0,1475014,310.313,,7,1738,
arOrch_146588263_infrastructure_220|evolutionary-heuristics#seed7,arOrch,220,146588263,arOrch_146588263_infrastructure_220,evolutionary-heuristics,7,"{""algorithm"": ""NSGAII"", ""max_evaluations"": 1000, ""operators"": ""UNIFORM"", ""population_size"": 20, ""seed"": 7, ""time_budget_ms"": 300000}",ok,FEASIBLE,True,0.10446478796722174,0.10446478796722174,True,160.42897492499998,31.0,1.0,300006.0,1510526,309.914,,7,1738,
arOrch_146588263_infrastructure_220|random-search#seed7,arOrch,220,146588263,arOrch_146588263_infrastructure_220,random-search,7,"{""iterations_count"": 1000, ""seed"": 7, ""time_budget_ms"": 300000}",ok,FEASIBLE,True,0.12875092588196305,0.12875092588196305,True,186.40902699999998,44.0,1.0,300006.0,1373431,311.002,,7,1738,
arOrch_146588263_infrastructure_220|evolutionary-heuristics#seed8,arOrch,220,146588263,arOrch_146588263_infrastructure_220,evolutionary-heuristics,8,"{""algorithm"": ""NSGAII"", ""max_evaluations"": 1000, ""operators"": ""UNIFORM"", ""population_size"": 20, ""seed"": 8, ""time_budget_ms"": 300000}",ok,FEASIBLE,True,0.10446478796722174,0.10446478796722174,True,160.42897492499998,31.0,1.0,300046.0,1607261,311.232,,7,1738,
arOrch_146588263_infrastructure_220|random-search#seed8,arOrch,220,146588263,arOrch_146588263_infrastructure_220,random-search,8,"{""iterations_count"": 1000, ""seed"": 8, ""time_budget_ms"": 300000}",ok,FEASIBLE,True,0.12564141888773495,0.12564141888773495,True,185.031626715,40.0,1.0,300048.0,1477962,311.025,,7,1738,
arOrch_146588263_infrastructure_220|evolutionary-heuristics#seed9,arOrch,220,146588263,arOrch_146588263_infrastructure_220,evolutionary-heuristics,9,"{""algorithm"": ""NSGAII"", ""max_evaluations"": 1000, ""operators"": ""UNIFORM"", ""population_size"": 20, ""seed"": 9, ""time_budget_ms"": 300000}",ok,FEASIBLE,True,0.10446478796722174,0.10446478796722174,True,160.42897492499998,31.0,1.0,300002.0,1606928,310.879,,7,1738,
arOrch_146588263_infrastructure_220|random-search#seed9,arOrch,220,146588263,arOrch_146588263_infrastructure_220,random-search,9,"{""iterations_count"": 1000, ""seed"": 9, ""time_budget_ms"": 300000}",ok,FEASIBLE,True,0.11829088828902172,0.11829088828902172,True,175.55397109999998,38.0,1.0,300001.0,1401169,311.307,,7,1738,
arOrch_146588263_infrastructure_220|evolutionary-heuristics#seed10,arOrch,220,146588263,arOrch_146588263_infrastructure_220,evolutionary-heuristics,10,"{""algorithm"": ""NSGAII"", ""max_evaluations"": 1000, ""operators"": ""UNIFORM"", ""population_size"": 20, ""seed"": 10, ""time_budget_ms"": 300000}",ok,FEASIBLE,True,0.10555985797407642,0.10555985797407642,True,162.089584255,31.0,1.0,300009.0,1471914,311.534,,7,1738,
arOrch_146588263_infrastructure_220|random-search#seed10,arOrch,220,146588263,arOrch_146588263_infrastructure_220,random-search,10,"{""iterations_count"": 1000, ""seed"": 10, ""time_budget_ms"": 300000}",ok,FEASIBLE,True,0.12578425079114935,0.12578425079114935,True,181.07574241999998,45.0,1.0,300010.0,1445187,312.18,,7,1738,
arOrch_146588263_infrastructure_50|evolutionary-heuristics#seed1,arOrch,50,146588263,arOrch_146588263_infrastructure_50,evolutionary-heuristics,1,"{""algorithm"": ""NSGAII"", ""max_evaluations"": 1000, ""operators"": ""UNIFORM"", ""population_size"": 20, ""seed"": 1, ""time_budget_ms"": 300000}",ok,FEASIBLE,True,0.16184792642799756,0.16184792642799756,True,189.992391075,28.0,1.0,300071.0,1637169,302.502,,7,564,
arOrch_146588263_infrastructure_50|random-search#seed1,arOrch,50,146588263,arOrch_146588263_infrastructure_50,random-search,1,"{""iterations_count"": 1000, ""seed"": 1, ""time_budget_ms"": 300000}",ok,FEASIBLE,True,0.17338300163757453,0.17338300163757453,True,196.73403675999998,38.0,1.0,300071.0,1550659,302.609,,7,564,
arOrch_146588263_infrastructure_50|evolutionary-heuristics#seed2,arOrch,50,146588263,arOrch_146588263_infrastructure_50,evolutionary-heuristics,2,"{""algorithm"": ""NSGAII"", ""max_evaluations"": 1000, ""operators"": ""UNIFORM"", ""population_size"": 20, ""seed"": 2, ""time_budget_ms"": 300000}",ok,FEASIBLE,True,0.16184792642799756,0.16184792642799756,True,189.992391075,28.0,1.0,300010.0,1643384,302.686,,7,564,
arOrch_146588263_infrastructure_50|random-search#seed2,arOrch,50,146588263,arOrch_146588263_infrastructure_50,random-search,2,"{""iterations_count"": 1000, ""seed"": 2, ""time_budget_ms"": 300000}",ok,FEASIBLE,True,0.17959762915437846,0.17959762915437846,True,202.45225588,40.0,1.0,300010.0,1531484,302.472,,7,564,
arOrch_146588263_infrastructure_50|evolutionary-heuristics#seed3,arOrch,50,146588263,arOrch_146588263_infrastructure_50,evolutionary-heuristics,3,"{""algorithm"": ""NSGAII"", ""max_evaluations"": 1000, ""operators"": ""UNIFORM"", ""population_size"": 20, ""seed"": 3, ""time_budget_ms"": 300000}",ok,FEASIBLE,True,0.16184792642799756,0.16184792642799756,True,189.992391075,28.0,1.0,300009.0,1619750,302.547,,7,564,
arOrch_146588263_infrastructure_50|random-search#seed3,arOrch,50,146588263,arOrch_146588263_infrastructure_50,random-search,3,"{""iterations_count"": 1000, ""seed"": 3, ""time_budget_ms"": 300000}",ok,FEASIBLE,True,0.1743096400457533,0.1743096400457533,True,198.386103085,37.0,1.0,300012.0,1533471,302.635,,7,564,
arOrch_146588263_infrastructure_50|evolutionary-heuristics#seed4,arOrch,50,146588263,arOrch_146588263_infrastructure_50,evolutionary-heuristics,4,"{""algorithm"": ""NSGAII"", ""max_evaluations"": 1000, ""operators"": ""UNIFORM"", ""population_size"": 20, ""seed"": 4, ""time_budget_ms"": 300000}",ok,FEASIBLE,True,0.16184792642799756,0.16184792642799756,True,189.992391075,28.0,1.0,299971.0,1605733,302.649,,7,564,
arOrch_146588263_infrastructure_50|random-search#seed4,arOrch,50,146588263,arOrch_146588263_infrastructure_50,random-search,4,"{""iterations_count"": 1000, ""seed"": 4, ""time_budget_ms"": 300000}",ok,FEASIBLE,True,0.18351477944315484,0.18351477944315484,True,206.524909545,40.5,1.0,299969.0,1515013,302.297,,7,564,
arOrch_146588263_infrastructure_50|evolutionary-heuristics#seed5,arOrch,50,146588263,arOrch_146588263_infrastructure_50,evolutionary-heuristics,5,"{""algorithm"": ""NSGAII"", ""max_evaluations"": 1000, ""operators"": ""UNIFORM"", ""population_size"": 20, ""seed"": 5, ""time_budget_ms"": 300000}",ok,FEASIBLE,True,0.16184792642799756,0.16184792642799756,True,189.992391075,28.0,1.0,300008.0,1587440,302.701,,7,564,
arOrch_146588263_infrastructure_50|random-search#seed5,arOrch,50,146588263,arOrch_146588263_infrastructure_50,random-search,5,"{""iterations_count"": 1000, ""seed"": 5, ""time_budget_ms"": 300000}",ok,FEASIBLE,True,0.17615113818257672,0.17615113818257672,True,200.75335619999998,36.5,1.0,300010.0,1538270,303.002,,7,564,
arOrch_146588263_infrastructure_50|evolutionary-heuristics#seed6,arOrch,50,146588263,arOrch_146588263_infrastructure_50,evolutionary-heuristics,6,"{""algorithm"": ""NSGAII"", ""max_evaluations"": 1000, ""operators"": ""UNIFORM"", ""population_size"": 20, ""seed"": 6, ""time_budget_ms"": 300000}",ok,FEASIBLE,True,0.16184792642799756,0.16184792642799756,True,189.992391075,28.0,1.0,300008.0,1598709,302.597,,7,564,
arOrch_146588263_infrastructure_50|random-search#seed6,arOrch,50,146588263,arOrch_146588263_infrastructure_50,random-search,6,"{""iterations_count"": 1000, ""seed"": 6, ""time_budget_ms"": 300000}",ok,FEASIBLE,True,0.18381546517537828,0.18381546517537828,True,209.01648424,37.0,1.0,300008.0,1504944,302.504,,7,564,
arOrch_146588263_infrastructure_50|evolutionary-heuristics#seed7,arOrch,50,146588263,arOrch_146588263_infrastructure_50,evolutionary-heuristics,7,"{""algorithm"": ""NSGAII"", ""max_evaluations"": 1000, ""operators"": ""UNIFORM"", ""population_size"": 20, ""seed"": 7, ""time_budget_ms"": 300000}",ok,FEASIBLE,True,0.16184792642799756,0.16184792642799756,True,189.992391075,28.0,1.0,299976.0,1597721,302.397,,7,564,
arOrch_146588263_infrastructure_50|random-search#seed7,arOrch,50,146588263,arOrch_146588263_infrastructure_50,random-search,7,"{""iterations_count"": 1000, ""seed"": 7, ""time_budget_ms"": 300000}",ok,FEASIBLE,True,0.17883923339513433,0.17883923339513433,True,205.29897022,34.0,1.0,299977.0,1518628,302.584,,7,564,
arOrch_146588263_infrastructure_50|evolutionary-heuristics#seed8,arOrch,50,146588263,arOrch_146588263_infrastructure_50,evolutionary-heuristics,8,"{""algorithm"": ""NSGAII"", ""max_evaluations"": 1000, ""operators"": ""UNIFORM"", ""population_size"": 20, ""seed"": 8, ""time_budget_ms"": 300000}",ok,FEASIBLE,True,0.16184792642799756,0.16184792642799756,True,189.992391075,28.0,1.0,300008.0,1636793,302.693,,7,564,
arOrch_146588263_infrastructure_50|random-search#seed8,arOrch,50,146588263,arOrch_146588263_infrastructure_50,random-search,8,"{""iterations_count"": 1000, ""seed"": 8, ""time_budget_ms"": 300000}",ok,FEASIBLE,True,0.1825305428274786,0.1825305428274786,True,207.27165081999996,37.5,1.0,300008.0,1517214,302.451,,7,564,
arOrch_146588263_infrastructure_50|evolutionary-heuristics#seed9,arOrch,50,146588263,arOrch_146588263_infrastructure_50,evolutionary-heuristics,9,"{""algorithm"": ""NSGAII"", ""max_evaluations"": 1000, ""operators"": ""UNIFORM"", ""population_size"": 20, ""seed"": 9, ""time_budget_ms"": 300000}",ok,FEASIBLE,True,0.16184792642799756,0.16184792642799756,True,189.992391075,28.0,1.0,300011.0,1416314,302.804,,7,564,
arOrch_146588263_infrastructure_50|random-search#seed9,arOrch,50,146588263,arOrch_146588263_infrastructure_50,random-search,9,"{""iterations_count"": 1000, ""seed"": 9, ""time_budget_ms"": 300000}",ok,FEASIBLE,True,0.17927630787637136,0.17927630787637136,True,205.78775139,34.0,1.0,300010.0,1312929,302.625,,7,564,
arOrch_146588263_infrastructure_50|evolutionary-heuristics#seed10,arOrch,50,146588263,arOrch_146588263_infrastructure_50,evolutionary-heuristics,10,"{""algorithm"": ""NSGAII"", ""max_evaluations"": 1000, ""operators"": ""UNIFORM"", ""population_size"": 20, ""seed"": 10, ""time_budget_ms"": 300000}",ok,FEASIBLE,True,0.16184792642799756,0.16184792642799756,True,189.992391075,28.0,1.0,300058.0,1511632,302.883,,7,564,
arOrch_146588263_infrastructure_50|random-search#seed10,arOrch,50,146588263,arOrch_146588263_infrastructure_50,random-search,10,"{""iterations_count"": 1000, ""seed"": 10, ""time_budget_ms"": 300000}",ok,FEASIBLE,True,0.1854979919442335,0.1854979919442335,True,206.89532477999998,43.5,1.0,300058.0,1487135,302.923,,7,564,
arOrch_146588263_infrastructure_55|evolutionary-heuristics#seed1,arOrch,55,146588263,arOrch_146588263_infrastructure_55,evolutionary-heuristics,1,"{""algorithm"": ""NSGAII"", ""max_evaluations"": 1000, ""operators"": ""UNIFORM"", ""population_size"": 20, ""seed"": 1, ""time_budget_ms"": 300000}",ok,FEASIBLE,True,0.15601474251632722,0.15601474251632722,True,167.36128068,41.0,1.0,300009.0,1617401,302.652,,7,584,
arOrch_146588263_infrastructure_55|random-search#seed1,arOrch,55,146588263,arOrch_146588263_infrastructure_55,random-search,1,"{""iterations_count"": 1000, ""seed"": 1, ""time_budget_ms"": 300000}",ok,FEASIBLE,True,0.3170187488955383,0.3170187488955383,True,164.60233564499998,34.0,0.66,300009.0,1518098,302.828,,7,584,
arOrch_146588263_infrastructure_55|evolutionary-heuristics#seed2,arOrch,55,146588263,arOrch_146588263_infrastructure_55,evolutionary-heuristics,2,"{""algorithm"": ""NSGAII"", ""max_evaluations"": 1000, ""operators"": ""UNIFORM"", ""population_size"": 20, ""seed"": 2, ""time_budget_ms"": 300000}",ok,FEASIBLE,True,0.15601474251632722,0.15601474251632722,True,167.36128068,41.0,1.0,300010.0,1756027,302.985,,7,584,
arOrch_146588263_infrastructure_55|random-search#seed2,arOrch,55,146588263,arOrch_146588263_infrastructure_55,random-search,2,"{""iterations_count"": 1000, ""seed"": 2, ""time_budget_ms"": 300000}",ok,FEASIBLE,True,0.32132869952302207,0.32132869952302207,True,170.92157463499998,31.0,0.66,300009.0,1621243,302.816,,7,584,
arOrch_146588263_infrastructure_55|evolutionary-heuristics#seed3,arOrch,55,146588263,arOrch_146588263_infrastructure_55,evolutionary-heuristics,3,"{""algorithm"": ""NSGAII"", ""max_evaluations"": 1000, ""operators"": ""UNIFORM"", ""population_size"": 20, ""seed"": 3, ""time_budget_ms"": 300000}",ok,FEASIBLE,True,0.15456136146062388,0.15456136146062388,True,171.07478213,32.0,1.0,299865.0,1873421,302.474,,7,584,
arOrch_146588263_infrastructure_55|random-search#seed3,arOrch,55,146588263,arOrch_146588263_infrastructure_55,random-search,3,"{""iterations_count"": 1000, ""seed"": 3, ""time_budget_ms"": 300000}",ok,FEASIBLE,True,0.1636284939979677,0.1636284939979677,True,181.26843932499997,31.0,1.0,299857.0,1824758,302.191,,7,584,
arOrch_146588263_infrastructure_55|evolutionary-heuristics#seed4,arOrch,55,146588263,arOrch_146588263_infrastructure_55,evolutionary-heuristics,4,"{""algorithm"": ""NSGAII"", ""max_evaluations"": 1000, ""operators"": ""UNIFORM"", ""population_size"": 20, ""seed"": 4, ""time_budget_ms"": 300000}",ok,FEASIBLE,True,0.15601474251632722,0.15601474251632722,True,167.36128068,41.0,1.0,299994.0,1893487,302.217,,7,584,
arOrch_146588263_infrastructure_55|random-search#seed4,arOrch,55,146588263,arOrch_146588263_infrastructure_55,random-search,4,"{""iterations_count"": 1000, ""seed"": 4, ""time_budget_ms"": 300000}",ok,FEASIBLE,True,0.3280709280236022,0.3280709280236022,True,175.14857059,36.0,0.66,299994.0,1758764,302.563,,7,584,
arOrch_146588263_infrastructure_55|evolutionary-heuristics#seed5,arOrch,55,146588263,arOrch_146588263_infrastructure_55,evolutionary-heuristics,5,"{""algorithm"": ""NSGAII"", ""max_evaluations"": 1000, ""operators"": ""UNIFORM"", ""population_size"": 20, ""seed"": 5, ""time_budget_ms"": 300000}",ok,FEASIBLE,True,0.15601474251632722,0.15601474251632722,True,167.36128068,41.0,1.0,299994.0,1846580,302.518,,7,584,
arOrch_146588263_infrastructure_55|random-search#seed5,arOrch,55,146588263,arOrch_146588263_infrastructure_55,random-search,5,"{""iterations_count"": 1000, ""seed"": 5, ""time_budget_ms"": 300000}",ok,FEASIBLE,True,0.3221314147887736,0.3221314147887736,True,168.26975248,37.0,0.66,299993.0,1750498,302.709,,7,584,
arOrch_146588263_infrastructure_55|evolutionary-heuristics#seed6,arOrch,55,146588263,arOrch_146588263_infrastructure_55,evolutionary-heuristics,6,"{""algorithm"": ""NSGAII"", ""max_evaluations"": 1000, ""operators"": ""UNIFORM"", ""population_size"": 20, ""seed"": 6, ""time_budget_ms"": 300000}",ok,FEASIBLE,True,0.15456136146062388,0.15456136146062388,True,171.07478213,32.0,1.0,300105.0,1840415,302.322,,7,584,
arOrch_146588263_infrastructure_55|random-search#seed6,arOrch,55,146588263,arOrch_146588263_infrastructure_55,random-search,6,"{""iterations_count"": 1000, ""seed"": 6, ""time_budget_ms"": 300000}",ok,FEASIBLE,True,0.326131605988787,0.326131605988787,True,174.844454475,33.0,0.66,300112.0,1658362,302.547,,7,584,
arOrch_146588263_infrastructure_55|evolutionary-heuristics#seed7,arOrch,55,146588263,arOrch_146588263_infrastructure_55,evolutionary-heuristics,7,"{""algorithm"": ""NSGAII"", ""max_evaluations"": 1000, ""operators"": ""UNIFORM"", ""population_size"": 20, ""seed"": 7, ""time_budget_ms"": 300000}",ok,FEASIBLE,True,0.15601474251632722,0.15601474251632722,True,167.36128068,41.0,1.0,300009.0,1817211,302.516,,7,584,
arOrch_146588263_infrastructure_55|random-search#seed7,arOrch,55,146588263,arOrch_146588263_infrastructure_55,random-search,7,"{""iterations_count"": 1000, ""seed"": 7, ""time_budget_ms"": 300000}",ok,FEASIBLE,True,0.1653398220761742,0.1653398220761742,True,182.20656075000002,32.5,1.0,300009.0,1708773,302.782,,7,584,
arOrch_146588263_infrastructure_55|evolutionary-heuristics#seed8,arOrch,55,146588263,arOrch_146588263_infrastructure_55,evolutionary-heuristics,8,"{""algorithm"": ""NSGAII"", ""max_evaluations"": 1000, ""operators"": ""UNIFORM"", ""population_size"": 20, ""seed"": 8, ""time_budget_ms"": 300000}",ok,FEASIBLE,True,0.15601474251632722,0.15601474251632722,True,167.36128068,41.0,1.0,300009.0,1865684,302.677,,7,584,
arOrch_146588263_infrastructure_55|random-search#seed8,arOrch,55,146588263,arOrch_146588263_infrastructure_55,random-search,8,"{""iterations_count"": 1000, ""seed"": 8, ""time_budget_ms"": 300000}",ok,FEASIBLE,True,0.3156485868352875,0.3156485868352875,True,164.90144951,31.0,0.66,300009.0,1770690,302.659,,7,584,
arOrch_146588263_infrastructure_55|evolutionary-heuristics#seed9,arOrch,55,146588263,arOrch_146588263_infrastructure_55,evolutionary-heuristics,9,"{""algorithm"": ""NSGAII"", ""max_evaluations"": 1000, ""operators"": ""UNIFORM"", ""population_size"": 20, ""seed"": 9, ""time_budget_ms"": 300000}",ok,FEASIBLE,True,0.15738629857245637,0.15738629857245637,True,172.90129106,34.0,1.0,299994.0,1880636,302.262,,7,584,
arOrch_146588263_infrastructure_55|random-search#seed9,arOrch,55,146588263,arOrch_146588263_infrastructure_55,random-search,9,"{""iterations_count"": 1000, ""seed"": 9, ""time_budget_ms"": 300000}",ok,FEASIBLE,True,0.33287175593172313,0.33287175593172313,True,179.65301213,37.0,0.66,299993.0,1728148,302.173,,7,584,
arOrch_146588263_infrastructure_55|evolutionary-heuristics#seed10,arOrch,55,146588263,arOrch_146588263_infrastructure_55,evolutionary-heuristics,10,"{""algorithm"": ""NSGAII"", ""max_evaluations"": 1000, ""operators"": ""UNIFORM"", ""population_size"": 20, ""seed"": 10, ""time_budget_ms"": 300000}",ok,FEASIBLE,True,0.15456136146062388,0.15456136146062388,True,171.07478213,32.0,1.0,300009.0,1800986,302.303,,7,584,
arOrch_146588263_infrastructure_55|random-search#seed10,arOrch,55,146588263,arOrch_146588263_infrastructure_55,random-search,10,"{""iterations_count"": 1000, ""seed"": 10, ""time_budget_ms"": 300000}",ok,FEASIBLE,True,0.320932231179207,0.320932231179207,True,165.24749151,40.0,0.66,300009.0,1611179,302.987,,7,584,
arOrch_146588263_infrastructure_60|evolutionary-heuristics#seed1,arOrch,60,146588263,arOrch_146588263_infrastructure_60,evolutionary-heuristics,1,"{""algorithm"": ""NSGAII"", ""max_evaluations"": 1000, ""operators"": ""UNIFORM"", ""population_size"": 20, ""seed"": 1, ""time_budget_ms"": 300000}",ok,FEASIBLE,True,0.14592469300148148,0.14592469300148148,True,146.66901847,40.0,1.0,300009.0,1619935,303.352,,7,638,
arOrch_146588263_infrastructure_60|random-search#seed1,arOrch,60,146588263,arOrch_146588263_infrastructure_60,random-search,1,"{""iterations_count"": 1000, ""seed"": 1, ""time_budget_ms"": 300000}",ok,FEASIBLE,True,0.33404471565461413,0.33404471565461413,True,164.283535995,44.0,0.66,300010.0,1578928,302.698,,7,638,
arOrch_146588263_infrastructure_60|evolutionary-heuristics#seed2,arOrch,60,146588263,arOrch_146588263_infrastructure_60,evolutionary-heuristics,2,"{""algorithm"": ""NSGAII"", ""max_evaluations"": 1000, ""operators"": ""UNIFORM"", ""population_size"": 20, ""seed"": 2, ""time_budget_ms"": 300000}",ok,FEASIBLE,True,0.14592469300148148,0.14592469300148148,True,146.66901847,40.0,1.0,299957.0,1771175,302.492,,7,638,
arOrch_146588263_infrastructure_60|random-search#seed2,arOrch,60,146588263,arOrch_146588263_infrastructure_60,random-search,2,"{""iterations_count"": 1000, ""seed"": 2, ""time_budget_ms"": 300000}",ok,UNKNOWN,False,0.3439414530845261,0.3439414530845261,,174.26743346,43.0,0.66,299947.0,1630170,302.826,,7,638,
arOrch_146588263_infrastructure_60|evolutionary-heuristics#seed3,arOrch,60,146588263,arOrch_146588263_infrastructure_60,evolutionary-heuristics,3,"{""algorithm"": ""NSGAII"", ""max_evaluations"": 1000, ""operators"": ""UNIFORM"", ""population_size"": 20, ""seed"": 3, ""time_budget_ms"": 300000}",ok,FEASIBLE,True,0.14592469300148148,0.14592469300148148,True,146.66901847,40.0,1.0,299997.0,1700293,302.95,,7,638,
arOrch_146588263_infrastructure_60|random-search#seed3,arOrch,60,146588263,arOrch_146588263_infrastructure_60,random-search,3,"{""iterations_count"": 1000, ""seed"": 3, ""time_budget_ms"": 300000}",ok,FEASIBLE,True,0.32650477983591586,0.32650477983591586,True,156.021290865,46.0,0.66,300006.0,1464165,302.816,,7,638,
arOrch_146588263_infrastructure_60|evolutionary-heuristics#seed4,arOrch,60,146588263,arOrch_146588263_infrastructure_60,evolutionary-heuristics,4,"{""algorithm"": ""NSGAII"", ""max_evaluations"": 1000, ""operators"": ""UNIFORM"", ""population_size"": 20, ""seed"": 4, ""time_budget_ms"": 300000}",ok,FEASIBLE,True,0.14592469300148148,0.14592469300148148,True,146.66901847,40.0,1.0,300007.0,1387550,303.314,,7,638,
arOrch_146588263_infrastructure_60|random-search#seed4,arOrch,60,146588263,arOrch_146588263_infrastructure_60,random-search,4,"{""iterations_count"": 1000, ""seed"": 4, ""time_budget_ms"": 300000}",ok,FEASIBLE,True,0.17058708783551454,0.17058708783551454,True,167.84460943,44.5,1.0,300009.0,1375261,303.758,,7,638,
arOrch_146588263_infrastructure_60|evolutionary-heuristics#seed5,arOrch,60,146588263,arOrch_146588263_infrastructure_60,evolutionary-heuristics,5,"{""algorithm"": ""NSGAII"", ""max_evaluations"": 1000, ""operators"": ""UNIFORM"", ""population_size"": 20, ""seed"": 5, ""time_budget_ms"": 300000}",ok,FEASIBLE,True,0.14592469300148148,0.14592469300148148,True,146.66901847,40.0,1.0,300048.0,1688043,303.039,,7,638,
arOrch_146588263_infrastructure_60|random-search#seed5,arOrch,60,146588263,arOrch_146588263_infrastructure_60,random-search,5,"{""iterations_count"": 1000, ""seed"": 5, ""time_budget_ms"": 300000}",ok,FEASIBLE,True,0.3400323676687569,0.3400323676687569,True,168.679037355,46.5,0.66,300050.0,1563454,303.748,,7,638,
arOrch_146588263_infrastructure_60|evolutionary-heuristics#seed6,arOrch,60,146588263,arOrch_146588263_infrastructure_60,evolutionary-heuristics,6,"{""algorithm"": ""NSGAII"", ""max_evaluations"": 1000, ""operators"": ""UNIFORM"", ""population_size"": 20, ""seed"": 6, ""time_budget_ms"": 300000}",ok,FEASIBLE,True,0.14592469300148148,0.14592469300148148,True,146.66901847,40.0,1.0,300009.0,1718872,303.165,,7,638,
arOrch_146588263_infrastructure_60|random-search#seed6,arOrch,60,146588263,arOrch_146588263_infrastructure_60,random-search,6,"{""iterations_count"": 1000, ""seed"": 6, ""time_budget_ms"": 300000}",ok,FEASIBLE,True,0.1717552231168084,0.1717552231168084,True,171.87413514,39.0,1.0,300009.0,1557967,302.867,,7,638,
arOrch_146588263_infrastructure_60|evolutionary-heuristics#seed7,arOrch,60,146588263,arOrch_146588263_infrastructure_60,evolutionary-heuristics,7,"{""algorithm"": ""NSGAII"", ""max_evaluations"": 1000, ""operators"": ""UNIFORM"", ""population_size"": 20, ""seed"": 7, ""time_budget_ms"": 300000}",ok,FEASIBLE,True,0.14592469300148148,0.14592469300148148,True,146.66901847,40.0,1.0,300009.0,1641362,302.827,,7,638,
arOrch_146588263_infrastructure_60|random-search#seed7,arOrch,60,146588263,arOrch_146588263_infrastructure_60,random-search,7,"{""iterations_count"": 1000, ""seed"": 7, ""time_budget_ms"": 300000}",ok,FEASIBLE,True,0.3308948947921385,0.3308948947921385,True,166.572087915,34.0,0.66,300010.0,1569155,302.9,,7,638,
arOrch_146588263_infrastructure_60|evolutionary-heuristics#seed8,arOrch,60,146588263,arOrch_146588263_infrastructure_60,evolutionary-heuristics,8,"{""algorithm"": ""NSGAII"", ""max_evaluations"": 1000, ""operators"": ""UNIFORM"", ""population_size"": 20, ""seed"": 8, ""time_budget_ms"": 300000}",ok,FEASIBLE,True,0.14592469300148148,0.14592469300148148,True,146.66901847,40.0,1.0,300009.0,1662381,302.954,,7,638,
arOrch_146588263_infrastructure_60|random-search#seed8,arOrch,60,146588263,arOrch_146588263_infrastructure_60,random-search,8,"{""iterations_count"": 1000, ""seed"": 8, ""time_budget_ms"": 300000}",ok,FEASIBLE,True,0.3381745362584735,0.3381745362584735,True,170.61254681,39.5,0.66,300010.0,1547326,303.137,,7,638,
arOrch_146588263_infrastructure_60|evolutionary-heuristics#seed9,arOrch,60,146588263,arOrch_146588263_infrastructure_60,evolutionary-heuristics,9,"{""algorithm"": ""NSGAII"", ""max_evaluations"": 1000, ""operators"": ""UNIFORM"", ""population_size"": 20, ""seed"": 9, ""time_budget_ms"": 300000}",ok,FEASIBLE,True,0.14592469300148148,0.14592469300148148,True,146.66901847,40.0,1.0,300009.0,1638058,302.999,,7,638,
arOrch_146588263_infrastructure_60|random-search#seed9,arOrch,60,146588263,arOrch_146588263_infrastructure_60,random-search,9,"{""iterations_count"": 1000, ""seed"": 9, ""time_budget_ms"": 300000}",ok,FEASIBLE,True,0.3357211378128331,0.3357211378128331,True,166.41473805,43.0,0.66,300010.0,1509557,302.844,,7,638,
arOrch_146588263_infrastructure_60|evolutionary-heuristics#seed10,arOrch,60,146588263,arOrch_146588263_infrastructure_60,evolutionary-heuristics,10,"{""algorithm"": ""NSGAII"", ""max_evaluations"": 1000, ""operators"": ""UNIFORM"", ""population_size"": 20, ""seed"": 10, ""time_budget_ms"": 300000}",ok,FEASIBLE,True,0.14592469300148148,0.14592469300148148,True,146.66901847,40.0,1.0,300010.0,1667476,303.348,,7,638,
arOrch_146588263_infrastructure_60|random-search#seed10,arOrch,60,146588263,arOrch_146588263_infrastructure_60,random-search,10,"{""iterations_count"": 1000, ""seed"": 10, ""time_budget_ms"": 300000}",ok,UNKNOWN,False,0.34411103000516025,0.34411103000516025,,177.078181735,38.0,0.66,300010.0,1528465,302.992,,7,638,
arOrch_146588263_infrastructure_65|evolutionary-heuristics#seed1,arOrch,65,146588263,arOrch_146588263_infrastructure_65,evolutionary-heuristics,1,"{""algorithm"": ""NSGAII"", ""max_evaluations"": 1000, ""operators"": ""UNIFORM"", ""population_size"": 20, ""seed"": 1, ""time_budget_ms"": 300000}",ok,FEASIBLE,True,0.14036195750739394,0.14036195750739394,True,165.31859608,45.0,1.0,299920.0,1594363,304.038,,7,743,
arOrch_146588263_infrastructure_65|random-search#seed1,arOrch,65,146588263,arOrch_146588263_infrastructure_65,random-search,1,"{""iterations_count"": 1000, ""seed"": 1, ""time_budget_ms"": 300000}",ok,FEASIBLE,True,0.3205337745381056,0.3205337745381056,True,180.77551592999998,44.0,0.66,300001.0,1492526,304.572,,7,743,
arOrch_146588263_infrastructure_65|evolutionary-heuristics#seed2,arOrch,65,146588263,arOrch_146588263_infrastructure_65,evolutionary-heuristics,2,"{""algorithm"": ""NSGAII"", ""max_evaluations"": 1000, ""operators"": ""UNIFORM"", ""population_size"": 20, ""seed"": 2, ""time_budget_ms"": 300000}",ok,FEASIBLE,True,0.14036195750739394,0.14036195750739394,True,165.31859608,45.0,1.0,300001.0,1538901,303.376,,7,743,
arOrch_146588263_infrastructure_65|random-search#seed2,arOrch,65,146588263,arOrch_146588263_infrastructure_65,random-search,2,"{""iterations_count"": 1000, ""seed"": 2, ""time_budget_ms"": 300000}",ok,FEASIBLE,True,0.32102804992757583,0.32102804992757583,True,181.028340985,44.5,0.66,300000.0,1412431,303.631,,7,743,
arOrch_146588263_infrastructure_65|evolutionary-heuristics#seed3,arOrch,65,146588263,arOrch_146588263_infrastructure_65,evolutionary-heuristics,3,"{""algorithm"": ""NSGAII"", ""max_evaluations"": 1000, ""operators"": ""UNIFORM"", ""population_size"": 20, ""seed"": 3, ""time_budget_ms"": 300000}",ok,FEASIBLE,True,0.14036195750739394,0.14036195750739394,True,165.31859608,45.0,1.0,300001.0,1483820,304.119,,7,743,
arOrch_146588263_infrastructure_65|random-search#seed3,arOrch,65,146588263,arOrch_146588263_infrastructure_65,random-search,3,"{""iterations_count"": 1000, ""seed"": 3, ""time_budget_ms"": 300000}",ok,FEASIBLE,True,0.32291486486921905,0.32291486486921905,True,179.672180235,50.0,0.66,299994.0,1481228,304.175,,7,743,
arOrch_146588263_infrastructure_65|evolutionary-heuristics#seed4,arOrch,65,146588263,arOrch_146588263_infrastructure_65,evolutionary-heuristics,4,"{""algorithm"": ""NSGAII"", ""max_evaluations"": 1000, ""operators"": ""UNIFORM"", ""population_size"": 20, ""seed"": 4, ""time_budget_ms"": 300000}",ok,FEASIBLE,True,0.14036195750739394,0.14036195750739394,True,165.31859608,45.0,1.0,299993.0,1651760,303.303,,7,743,
arOrch_146588263_infrastructure_65|random-search#seed4,arOrch,65,146588263,arOrch_146588263_infrastructure_65,random-search,4,"{""iterations_count"": 1000, ""seed"": 4, ""time_budget_ms"": 300000}",ok,FEASIBLE,True,0.3197112218368051,0.3197112218368051,True,178.20106578999997,46.5,0.66,300001.0,1464546,303.201,,7,743,
arOrch_146588263_infrastructure_65|evolutionary-heuristics#seed5,arOrch,65,146588263,arOrch_146588263_infrastructure_65,evolutionary-heuristics,5,"{""algorithm"": ""NSGAII"", ""max_evaluations"": 1000, ""operators"": ""UNIFORM"", ""population_size"": 20, ""seed"": 5, ""time_budget_ms"": 300000}",ok,FEASIBLE,True,0.14036195750739394,0.14036195750739394,True,165.31859608,45.0,1.0,300004.0,1564912,304.238,,7,743,
arOrch_146588263_infrastructure_65|random-search#seed5,arOrch,65,146588263,arOrch_146588263_infrastructure_65,random-search,5,"{""iterations_count"": 1000, ""seed"": 5, ""time_budget_ms"": 300000}",ok,FEASIBLE,True,0.32002481153068485,0.32002481153068485,True,179.53604085,45.0,0.66,300004.0,1433231,303.686,,7,743,
arOrch_146588263_infrastructure_65|evolutionary-heuristics#seed6,arOrch,65,146588263,arOrch_146588263_infrastructure_65,evolutionary-heuristics,6,"{""algorithm"": ""NSGAII"", ""max_evaluations"": 1000, ""operators"": ""UNIFORM"", ""population_size"": 20, ""seed"": 6, ""time_budget_ms"": 300000}",ok,FEASIBLE,True,0.14036195750739394,0.14036195750739394,True,165.31859608,45.0,1.0,300004.0,1536210,303.476,,7,743,
arOrch_146588263_infrastructure_65|random-search#seed6,arOrch,65,146588263,arOrch_146588263_infrastructure_65,random-search,6,"{""iterations_count"": 1000, ""seed"": 6, ""time_budget_ms"": 300000}",ok,FEASIBLE,True,0.32150072211029856,0.32150072211029856,True,189.65861734,32.0,0.66,300001.0,1494705,303.732,,7,743,
arOrch_146588263_infrastructure_65|evolutionary-heuristics#seed7,arOrch,65,146588263,arOrch_146588263_infrastructure_65,evolutionary-heuristics,7,"{""algorithm"": ""NSGAII"", ""max_evaluations"": 1000, ""operators"": ""UNIFORM"", ""population_size"": 20, ""seed"": 7, ""time_budget_ms"": 300000}",ok,FEASIBLE,True,0.14036195750739394,0.14036195750739394,True,165.31859608,45.0,1.0,300001.0,1567795,303.397,,7,743,
arOrch_146588263_infrastructure_65|random-search#seed7,arOrch,65,146588263,arOrch_146588263_infrastructure_65,random-search,7,"{""iterations_count"": 1000, ""seed"": 7, ""time_budget_ms"": 300000}",ok,FEASIBLE,True,0.16161588346213376,0.16161588346213376,True,191.05635703,43.5,1.0,300039.0,1214001,303.787,,7,743,
arOrch_146588263_infrastructure_65|evolutionary-heuristics#seed8,arOrch,65,146588263,arOrch_146588263_infrastructure_65,evolutionary-heuristics,8,"{""algorithm"": ""NSGAII"", ""max_evaluations"": 1000, ""operators"": ""UNIFORM"", ""population_size"": 20, ""seed"": 8, ""time_budget_ms"": 300000}",ok,FEASIBLE,True,0.14036195750739394,0.14036195750739394,True,165.31859608,45.0,1.0,300037.0,1281825,308.004,,7,743,
arOrch_146588263_infrastructure_65|random-search#seed8,arOrch,65,146588263,arOrch_146588263_infrastructure_65,random-search,8,"{""iterations_count"": 1000, ""seed"": 8, ""time_budget_ms"": 300000}",ok,FEASIBLE,True,0.15824272453363641,0.15824272453363641,True,188.09498574,42.0,1.0,300005.0,1363091,304.21,,7,743,
arOrch_146588263_infrastructure_65|evolutionary-heuristics#seed9,arOrch,65,146588263,arOrch_146588263_infrastructure_65,evolutionary-heuristics,9,"{""algorithm"": ""NSGAII"", ""max_evaluations"": 1000, ""operators"": ""UNIFORM"", ""population_size"": 20, ""seed"": 9, ""time_budget_ms"": 300000}",ok,FEASIBLE,True,0.14036195750739394,0.14036195750739394,True,165.31859608,45.0,1.0,300010.0,1216311,303.787,,7,743,
arOrch_146588263_infrastructure_65|random-search#seed9,arOrch,65,146588263,arOrch_146588263_infrastructure_65,random-search,9,"{""iterations_count"": 1000, ""seed"": 9, ""time_budget_ms"": 300000}",ok,FEASIBLE,True,0.3236302749136448,0.3236302749136448,True,190.201220475,35.0,0.66,300010.0,1055334,305.902,,7,743,
arOrch_146588263_infrastructure_65|evolutionary-heuristics#seed10,arOrch,65,146588263,arOrch_146588263_infrastructure_65,evolutionary-heuristics,10,"{""algorithm"": ""NSGAII"", ""max_evaluations"": 1000, ""operators"": ""UNIFORM"", ""population_size"": 20, ""seed"": 10, ""time_budget_ms"": 300000}",ok,FEASIBLE,True,0.14036195750739394,0.14036195750739394,True,165.31859608,45.0,1.0,300010.0,1422526,305.899,,7,743,
arOrch_146588263_infrastructure_65|random-search#seed10,arOrch,65,146588263,arOrch_146588263_infrastructure_65,random-search,10,"{""iterations_count"": 1000, ""seed"": 10, ""time_budget_ms"": 300000}",ok,FEASIBLE,True,0.3267327405843049,0.3267327405843049,True,187.35311477,45.0,0.66,300015.0,1426788,303.784,,7,743,
arOrch_146588263_infrastructure_70|evolutionary-heuristics#seed1,arOrch,70,146588263,arOrch_146588263_infrastructure_70,evolutionary-heuristics,1,"{""algorithm"": ""NSGAII"", ""max_evaluations"": 1000, ""operators"": ""UNIFORM"", ""population_size"": 20, ""seed"": 1, ""time_budget_ms"": 300000}",ok,FEASIBLE,True,0.15516562669727518,0.15516562669727518,True,161.97022875999997,38.0,1.0,300015.0,1806299,302.553,,7,474,
arOrch_146588263_infrastructure_70|random-search#seed1,arOrch,70,146588263,arOrch_146588263_infrastructure_70,random-search,1,"{""iterations_count"": 1000, ""seed"": 1, ""time_budget_ms"": 300000}",ok,FEASIBLE,True,0.17386312484750216,0.17386312484750216,True,180.61914140999997,38.5,1.0,300008.0,1724619,302.436,,7,474,
arOrch_146588263_infrastructure_70|evolutionary-heuristics#seed2,arOrch,70,146588263,arOrch_146588263_infrastructure_70,evolutionary-heuristics,2,"{""algorithm"": ""NSGAII"", ""max_evaluations"": 1000, ""operators"": ""UNIFORM"", ""population_size"": 20, ""seed"": 2, ""time_budget_ms"": 300000}",ok,FEASIBLE,True,0.15516562669727518,0.15516562669727518,True,161.97022875999997,38.0,1.0,300009.0,1965153,302.731,,7,474,
arOrch_146588263_infrastructure_70|random-search#seed2,arOrch,70,146588263,arOrch_146588263_infrastructure_70,random-search,2,"{""iterations_count"": 1000, ""seed"": 2, ""time_budget_ms"": 300000}",ok,FEASIBLE,True,0.18157439412334864,0.18157439412334864,True,188.14192364999997,39.0,1.0,300009.0,2084871,301.985,,7,474,
arOrch_146588263_infrastructure_70|evolutionary-heuristics#seed3,arOrch,70,146588263,arOrch_146588263_infrastructure_70,evolutionary-heuristics,3,"{""algorithm"": ""NSGAII"", ""max_evaluations"": 1000, ""operators"": ""UNIFORM"", ""population_size"": 20, ""seed"": 3, ""time_budget_ms"": 300000}",ok,FEASIBLE,True,0.15369757814504792,0.15369757814504792,True,161.056854435,37.0,1.0,300009.0,2163781,301.945,,7,474,
arOrch_146588263_infrastructure_70|random-search#seed3,arOrch,70,146588263,arOrch_146588263_infrastructure_70,random-search,3,"{""iterations_count"": 1000, ""seed"": 3, ""time_budget_ms"": 300000}",ok,FEASIBLE,True,0.18486452069779707,0.18486452069779707,True,189.75384132999997,42.0,1.0,299978.0,1941530,301.98,,7,474,
arOrch_146588263_infrastructure_70|evolutionary-heuristics#seed4,arOrch,70,146588263,arOrch_146588263_infrastructure_70,evolutionary-heuristics,4,"{""algorithm"": ""NSGAII"", ""max_evaluations"": 1000, ""operators"": ""UNIFORM"", ""population_size"": 20, ""seed"": 4, ""time_budget_ms"": 300000}",ok,FEASIBLE,True,0.15369757814504792,0.15369757814504792,True,161.056854435,37.0,1.0,299978.0,1900009,302.27,,7,474,
arOrch_146588263_infrastructure_70|random-search#seed4,arOrch,70,146588263,arOrch_146588263_infrastructure_70,random-search,4,"{""iterations_count"": 1000, ""seed"": 4, ""time_budget_ms"": 300000}",ok,FEASIBLE,True,0.3335084416382611,0.3335084416382611,True,173.27559193,37.5,0.66,300010.0,1842983,302.195,,7,474,
arOrch_146588263_infrastructure_70|evolutionary-heuristics#seed5,arOrch,70,146588263,arOrch_146588263_infrastructure_70,evolutionary-heuristics,5,"{""algorithm"": ""NSGAII"", ""max_evaluations"": 1000, ""operators"": ""UNIFORM"", ""population_size"": 20, ""seed"": 5, ""time_budget_ms"": 300000}",ok,FEASIBLE,True,0.15369757814504792,0.15369757814504792,True,161.056854435,37.0,1.0,300009.0,1860507,302.226,,7,474,
arOrch_146588263_infrastructure_70|random-search#seed5,arOrch,70,146588263,arOrch_146588263_infrastructure_70,random-search,5,"{""iterations_count"": 1000, ""seed"": 5, ""time_budget_ms"": 300000}",ok,FEASIBLE,True,0.180740616323596,0.180740616323596,True,185.57742207,42.0,1.0,300009.0,1795589,302.265,,7,474,
arOrch_146588263_infrastructure_70|evolutionary-heuristics#seed6,arOrch,70,146588263,arOrch_146588263_infrastructure_70,evolutionary-heuristics,6,"{""algorithm"": ""NSGAII"", ""max_evaluations"": 1000, ""operators"": ""UNIFORM"", ""population_size"": 20, ""seed"": 6, ""time_budget_ms"": 300000}",ok,FEASIBLE,True,0.15369757814504792,0.15369757814504792,True,161.056854435,37.0,1.0,300009.0,1881821,302.207,,7,474,
arOrch_146588263_infrastructure_70|random-search#seed6,arOrch,70,146588263,arOrch_146588263_infrastructure_70,random-search,6,"{""iterations_count"": 1000, ""seed"": 6, ""time_budget_ms"": 300000}",ok,FEASIBLE,True,0.1803528992625242,0.1803528992625242,True,189.19834892999998,35.0,1.0,299976.0,1803154,302.147,,7,474,
arOrch_146588263_infrastructure_70|evolutionary-heuristics#seed7,arOrch,70,146588263,arOrch_146588263_infrastructure_70,evolutionary-heuristics,7,"{""algorithm"": ""NSGAII"", ""max_evaluations"": 1000, ""operators"": ""UNIFORM"", ""population_size"": 20, ""seed"": 7, ""time_budget_ms"": 300000}",ok,FEASIBLE,True,0.15369757814504792,0.15369757814504792,True,161.056854435,37.0,1.0,299976.0,1872354,302.347,,7,474,
arOrch_146588263_infrastructure_70|random-search#seed7,arOrch,70,146588263,arOrch_146588263_infrastructure_70,random-search,7,"{""iterations_count"": 1000, ""seed"": 7, ""time_budget_ms"": 300000}",ok,FEASIBLE,True,0.1804822666472541,0.1804822666472541,True,186.46251999,40.0,1.0,300009.0,1775625,302.265,,7,474,
arOrch_146588263_infrastructure_70|evolutionary-heuristics#seed8,arOrch,70,146588263,arOrch_146588263_infrastructure_70,evolutionary-heuristics,8,"{""algorithm"": ""NSGAII"", ""max_evaluations"": 1000, ""operators"": ""UNIFORM"", ""population_size"": 20, ""seed"": 8, ""time_budget_ms"": 300000}",ok,FEASIBLE,True,0.15516562669727518,0.15516562669727518,True,161.97022875999997,38.0,1.0,300010.0,1846378,302.3,,7,474,
arOrch_146588263_infrastructure_70|random-search#seed8,arOrch,70,146588263,arOrch_146588263_infrastructure_70,random-search,8,"{""iterations_count"": 1000, ""seed"": 8, ""time_budget_ms"": 300000}",ok,FEASIBLE,True,0.334048792945287,0.334048792945287,True,174.68287733,36.0,0.66,300009.0,1829412,302.298,,7,474,
arOrch_146588263_infrastructure_70|evolutionary-heuristics#seed9,arOrch,70,146588263,arOrch_146588263_infrastructure_70,evolutionary-heuristics,9,"{""algorithm"": ""NSGAII"", ""max_evaluations"": 1000, ""operators"": ""UNIFORM"", ""population_size"": 20, ""seed"": 9, ""time_budget_ms"": 300000}",ok,FEASIBLE,True,0.15369757814504792,0.15369757814504792,True,161.056854435,37.0,1.0,300009.0,1888126,302.641,,7,474,
arOrch_146588263_infrastructure_70|random-search#seed9,arOrch,70,146588263,arOrch_146588263_infrastructure_70,random-search,9,"{""iterations_count"": 1000, ""seed"": 9, ""time_budget_ms"": 300000}",ok,FEASIBLE,True,0.3464102838826392,0.3464102838826392,True,183.761570285,42.0,0.66,299924.0,1801916,302.233,,7,474,
arOrch_146588263_infrastructure_70|evolutionary-heuristics#seed10,arOrch,70,146588263,arOrch_146588263_infrastructure_70,evolutionary-heuristics,10,"{""algorithm"": ""NSGAII"", ""max_evaluations"": 1000, ""operators"": ""UNIFORM"", ""population_size"": 20, ""seed"": 10, ""time_budget_ms"": 300000}",ok,FEASIBLE,True,0.15369757814504792,0.15369757814504792,True,161.056854435,37.0,1.0,299919.0,1875097,302.116,,7,474,
arOrch_146588263_infrastructure_70|random-search#seed10,arOrch,70,146588263,arOrch_146588263_infrastructure_70,random-search,10,"{""iterations_count"": 1000, ""seed"": 10, ""time_budget_ms"": 300000}",ok,FEASIBLE,True,0.3373680973166002,0.3373680973166002,True,175.75097562,40.0,0.66,300001.0,1791379,302.23,,7,474,
arOrch_146588263_infrastructure_75|evolutionary-heuristics#seed1,arOrch,75,146588263,arOrch_146588263_infrastructure_75,evolutionary-heuristics,1,"{""algorithm"": ""NSGAII"", ""max_evaluations"": 1000, ""operators"": ""UNIFORM"", ""population_size"": 20, ""seed"": 1, ""time_budget_ms"": 300000}",ok,FEASIBLE,True,0.13907108562111672,0.13907108562111672,True,152.934957085,39.5,1.0,300000.0,1320399,303.969,,7,801,
arOrch_146588263_infrastructure_75|random-search#seed1,arOrch,75,146588263,arOrch_146588263_infrastructure_75,random-search,1,"{""iterations_count"": 1000, ""seed"": 1, ""time_budget_ms"": 300000}",ok,FEASIBLE,True,0.3158575942371019,0.3158575942371019,True,163.09232118,39.5,0.66,300001.0,1073161,303.726,,7,801,
arOrch_146588263_infrastructure_75|evolutionary-heuristics#seed2,arOrch,75,146588263,arOrch_146588263_infrastructure_75,evolutionary-heuristics,2,"{""algorithm"": ""NSGAII"", ""max_evaluations"": 1000, ""operators"": ""UNIFORM"", ""population_size"": 20, ""seed"": 2, ""time_budget_ms"": 300000}",ok,FEASIBLE,True,0.13907108562111672,0.13907108562111672,True,152.934957085,39.5,1.0,300001.0,1025979,307.086,,7,801,
arOrch_146588263_infrastructure_75|random-search#seed2,arOrch,75,146588263,arOrch_146588263_infrastructure_75,random-search,2,"{""iterations_count"": 1000, ""seed"": 2, ""time_budget_ms"": 300000}",ok,FEASIBLE,True,0.164531617258641,0.164531617258641,True,179.15489779499998,42.0,1.0,300072.0,801121,306.019,,7,801,
arOrch_146588263_infrastructure_75|evolutionary-heuristics#seed3,arOrch,75,146588263,arOrch_146588263_infrastructure_75,evolutionary-heuristics,3,"{""algorithm"": ""NSGAII"", ""max_evaluations"": 1000, ""operators"": ""UNIFORM"", ""population_size"": 20, ""seed"": 3, ""time_budget_ms"": 300000}",ok,FEASIBLE,True,0.13907108562111672,0.13907108562111672,True,152.934957085,39.5,1.0,300078.0,887119,306.938,,7,801,
arOrch_146588263_infrastructure_75|random-search#seed3,arOrch,75,146588263,arOrch_146588263_infrastructure_75,random-search,3,"{""iterations_count"": 1000, ""seed"": 3, ""time_budget_ms"": 300000}",ok,FEASIBLE,True,0.32249723626070265,0.32249723626070265,True,173.05567660000003,35.0,0.66,300010.0,981399,307.532,,7,801,
arOrch_146588263_infrastructure_75|evolutionary-heuristics#seed4,arOrch,75,146588263,arOrch_146588263_infrastructure_75,evolutionary-heuristics,4,"{""algorithm"": ""NSGAII"", ""max_evaluations"": 1000, ""operators"": ""UNIFORM"", ""population_size"": 20, ""seed"": 4, ""time_budget_ms"": 300000}",ok,FEASIBLE,True,0.13907108562111672,0.13907108562111672,True,152.934957085,39.5,1.0,300009.0,1052125,306.406,,7,801,
arOrch_146588263_infrastructure_75|random-search#seed4,arOrch,75,146588263,arOrch_146588263_infrastructure_75,random-search,4,"{""iterations_count"": 1000, ""seed"": 4, ""time_budget_ms"": 300000}",ok,FEASIBLE,True,0.3231064608841895,0.3231064608841895,True,168.86579235,43.0,0.66,300009.0,975100,305.858,,7,801,
arOrch_146588263_infrastructure_75|evolutionary-heuristics#seed5,arOrch,75,146588263,arOrch_146588263_infrastructure_75,evolutionary-heuristics,5,"{""algorithm"": ""NSGAII"", ""max_evaluations"": 1000, ""operators"": ""UNIFORM"", ""population_size"": 20, ""seed"": 5, ""time_budget_ms"": 300000}",ok,FEASIBLE,True,0.13907108562111672,0.13907108562111672,True,152.934957085,39.5,1.0,300008.0,1040450,308.472,,7,801,
arOrch_146588263_infrastructure_75|random-search#seed5,arOrch,75,146588263,arOrch_146588263_infrastructure_75,random-search,5,"{""iterations_count"": 1000, ""seed"": 5, ""time_budget_ms"": 300000}",ok,FEASIBLE,True,0.16724440940332408,0.16724440940332408,True,182.71690796500002,41.0,1.0,299915.0,928658,305.323,,7,801,
arOrch_146588263_infrastructure_75|evolutionary-heuristics#seed6,arOrch,75,146588263,arOrch_146588263_infrastructure_75,evolutionary-heuristics,6,"{""algorithm"": ""NSGAII"", ""max_evaluations"": 1000, ""operators"": ""UNIFORM"", ""population_size"": 20, ""seed"": 6, ""time_budget_ms"": 300000}",ok,FEASIBLE,True,0.13907108562111672,0.13907108562111672,True,152.934957085,39.5,1.0,299966.0,1010840,311.994,,7,801,
arOrch_146588263_infrastructure_75|random-search#seed6,arOrch,75,146588263,arOrch_146588263_infrastructure_75,random-search,6,"{""iterations_count"": 1000, ""seed"": 6, ""time_budget_ms"": 300000}",ok,FEASIBLE,True,0.31833769430723646,0.31833769430723646,True,164.884095215,41.0,0.66,300001.0,959066,305.761,,7,801,
arOrch_146588263_infrastructure_75|evolutionary-heuristics#seed7,arOrch,75,146588263,arOrch_146588263_infrastructure_75,evolutionary-heuristics,7,"{""algorithm"": ""NSGAII"", ""max_evaluations"": 1000, ""operators"": ""UNIFORM"", ""population_size"": 20, ""seed"": 7, ""time_budget_ms"": 300000}",ok,FEASIBLE,True,0.13907108562111672,0.13907108562111672,True,152.934957085,39.5,1.0,300000.0,933292,306.755,,7,801,
arOrch_146588263_infrastructure_75|random-search#seed7,arOrch,75,146588263,arOrch_146588263_infrastructure_75,random-search,7,"{""iterations_count"": 1000, ""seed"": 7, ""time_budget_ms"": 300000}",ok,FEASIBLE,True,0.1506223446599183,0.1506223446599183,True,162.182057735,45.0,1.0,300000.0,890432,307.679,,7,801,
arOrch_146588263_infrastructure_75|evolutionary-heuristics#seed8,arOrch,75,146588263,arOrch_146588263_infrastructure_75,evolutionary-heuristics,8,"{""algorithm"": ""NSGAII"", ""max_evaluations"": 1000, ""operators"": ""UNIFORM"", ""population_size"": 20, ""seed"": 8, ""time_budget_ms"": 300000}",ok,FEASIBLE,True,0.13907108562111672,0.13907108562111672,True,152.934957085,39.5,1.0,299910.0,934991,306.325,,7,801,
arOrch_146588263_infrastructure_75|random-search#seed8,arOrch,75,146588263,arOrch_146588263_infrastructure_75,random-search,8,"{""iterations_count"": 1000, ""seed"": 8, ""time_budget_ms"": 300000}",ok,FEASIBLE,True,0.31636034355244713,0.31636034355244713,True,163.03331924,40.5,0.66,299909.0,826009,306.771,,7,801,
arOrch_146588263_infrastructure_75|evolutionary-heuristics#seed9,arOrch,75,146588263,arOrch_146588263_infrastructure_75,evolutionary-heuristics,9,"{""algorithm"": ""NSGAII"", ""max_evaluations"": 1000, ""operators"": ""UNIFORM"", ""population_size"": 20, ""seed"": 9, ""time_budget_ms"": 300000}",ok,FEASIBLE,True,0.13907108562111672,0.13907108562111672,True,152.934957085,39.5,1.0,299993.0,874156,309.437,,7,801,
arOrch_146588263_infrastructure_75|random-search#seed9,arOrch,75,146588263,arOrch_146588263_infrastructure_75,random-search,9,"{""iterations_count"": 1000, ""seed"": 9, ""time_budget_ms"": 300000}",ok,FEASIBLE,True,0.30873861875281716,0.30873861875281716,True,152.303431965,44.5,0.66,299993.0,882859,306.614,,7,801,
arOrch_146588263_infrastructure_75|evolutionary-heuristics#seed10,arOrch,75,146588263,arOrch_146588263_infrastructure_75,evolutionary-heuristics,10,"{""algorithm"": ""NSGAII"", ""max_evaluations"": 1000, ""operators"": ""UNIFORM"", ""population_size"": 20, ""seed"": 10, ""time_budget_ms"": 300000}",ok,FEASIBLE,True,0.13907108562111672,0.13907108562111672,True,152.934957085,39.5,1.0,299994.0,1174817,307.264,,7,801,
arOrch_146588263_infrastructure_75|random-search#seed10,arOrch,75,146588263,arOrch_146588263_infrastructure_75,random-search,10,"{""iterations_count"": 1000, ""seed"": 10, ""time_budget_ms"": 300000}",ok,FEASIBLE,True,0.3198152074385917,0.3198152074385917,True,165.28030354499998,43.0,0.66,299993.0,1198364,304.269,,7,801,
arOrch_146588263_infrastructure_80|evolutionary-heuristics#seed1,arOrch,80,146588263,arOrch_146588263_infrastructure_80,evolutionary-heuristics,1,"{""algorithm"": ""NSGAII"", ""max_evaluations"": 1000, ""operators"": ""UNIFORM"", ""population_size"": 20, ""seed"": 1, ""time_budget_ms"": 300000}",ok,FEASIBLE,True,0.12867200632312564,0.12867200632312564,True,167.84521977,37.0,1.0,300130.0,1397801,303.959,,7,711,
arOrch_146588263_infrastructure_80|random-search#seed1,arOrch,80,146588263,arOrch_146588263_infrastructure_80,random-search,1,"{""iterations_count"": 1000, ""seed"": 1, ""time_budget_ms"": 300000}",ok,FEASIBLE,True,0.30525518082583986,0.30525518082583986,True,179.733358125,37.0,0.66,300137.0,1234282,305.677,,7,711,
arOrch_146588263_infrastructure_80|evolutionary-heuristics#seed2,arOrch,80,146588263,arOrch_146588263_infrastructure_80,evolutionary-heuristics,2,"{""algorithm"": ""NSGAII"", ""max_evaluations"": 1000, ""operators"": ""UNIFORM"", ""population_size"": 20, ""seed"": 2, ""time_budget_ms"": 300000}",ok,FEASIBLE,True,0.12867200632312564,0.12867200632312564,True,167.84521977,37.0,1.0,300007.0,1290986,306.036,,7,711,
arOrch_146588263_infrastructure_80|random-search#seed2,arOrch,80,146588263,arOrch_146588263_infrastructure_80,random-search,2,"{""iterations_count"": 1000, ""seed"": 2, ""time_budget_ms"": 300000}",ok,FEASIBLE,True,0.29740606744777964,0.29740606744777964,True,170.94012049500003,35.0,0.66,300009.0,1245461,304.599,,7,711,
arOrch_146588263_infrastructure_80|evolutionary-heuristics#seed3,arOrch,80,146588263,arOrch_146588263_infrastructure_80,evolutionary-heuristics,3,"{""algorithm"": ""NSGAII"", ""max_evaluations"": 1000, ""operators"": ""UNIFORM"", ""population_size"": 20, ""seed"": 3, ""time_budget_ms"": 300000}",ok,FEASIBLE,True,0.12853550279489906,0.12853550279489906,True,165.51071035500001,40.0,1.0,300010.0,956910,304.928,,7,711,
arOrch_146588263_infrastructure_80|random-search#seed3,arOrch,80,146588263,arOrch_146588263_infrastructure_80,random-search,3,"{""iterations_count"": 1000, ""seed"": 3, ""time_budget_ms"": 300000}",ok,FEASIBLE,True,0.31093338922446034,0.31093338922446034,True,185.69692053,39.0,0.66,300009.0,767432,307.079,,7,711,
arOrch_146588263_infrastructure_80|evolutionary-heuristics#seed4,arOrch,80,146588263,arOrch_146588263_infrastructure_80,evolutionary-heuristics,4,"{""algorithm"": ""NSGAII"", ""max_evaluations"": 1000, ""operators"": ""UNIFORM"", ""population_size"": 20, ""seed"": 4, ""time_budget_ms"": 300000}",ok,FEASIBLE,True,0.12867200632312564,0.12867200632312564,True,167.84521977,37.0,1.0,299972.0,935089,310.037,,7,711,
arOrch_146588263_infrastructure_80|random-search#seed4,arOrch,80,146588263,arOrch_146588263_infrastructure_80,random-search,4,"{""iterations_count"": 1000, ""seed"": 4, ""time_budget_ms"": 300000}",ok,FEASIBLE,True,0.30966142600257685,0.30966142600257685,True,184.757835825,38.0,0.66,299983.0,913724,306.217,,7,711,
arOrch_146588263_infrastructure_80|evolutionary-heuristics#seed5,arOrch,80,146588263,arOrch_146588263_infrastructure_80,evolutionary-heuristics,5,"{""algorithm"": ""NSGAII"", ""max_evaluations"": 1000, ""operators"": ""UNIFORM"", ""population_size"": 20, ""seed"": 5, ""time_budget_ms"": 300000}",ok,FEASIBLE,True,0.12867200632312564,0.12867200632312564,True,167.84521977,37.0,1.0,300026.0,1120754,307.702,,7,711,
arOrch_146588263_infrastructure_80|random-search#seed5,arOrch,80,146588263,arOrch_146588263_infrastructure_80,random-search,5,"{""iterations_count"": 1000, ""seed"": 5, ""time_budget_ms"": 300000}",ok,FEASIBLE,True,0.315526159783752,0.315526159783752,True,191.68338663,39.0,0.66,300010.0,1079110,304.586,,7,711,
arOrch_146588263_infrastructure_80|evolutionary-heuristics#seed6,arOrch,80,146588263,arOrch_146588263_infrastructure_80,evolutionary-heuristics,6,"{""algorithm"": ""NSGAII"", ""max_evaluations"": 1000, ""operators"": ""UNIFORM"", ""population_size"": 20, ""seed"": 6, ""time_budget_ms"": 300000}",ok,FEASIBLE,True,0.12853550279489906,0.12853550279489906,True,165.51071035500001,40.0,1.0,300008.0,990962,308.502,,7,711,
arOrch_146588263_infrastructure_80|random-search#seed6,arOrch,80,146588263,arOrch_146588263_infrastructure_80,random-search,6,"{""iterations_count"": 1000, ""seed"": 6, ""time_budget_ms"": 300000}",ok,FEASIBLE,True,0.15232309551126746,0.15232309551126746,True,193.64130369499998,44.0,1.0,300009.0,823764,304.111,,7,711,
arOrch_146588263_infrastructure_80|evolutionary-heuristics#seed7,arOrch,80,146588263,arOrch_146588263_infrastructure_80,evolutionary-heuristics,7,"{""algorithm"": ""NSGAII"", ""max_evaluations"": 1000, ""operators"": ""UNIFORM"", ""population_size"": 20, ""seed"": 7, ""time_budget_ms"": 300000}",ok,FEASIBLE,True,0.12867200632312564,0.12867200632312564,True,167.84521977,37.0,1.0,300013.0,959911,319.113,,7,711,
arOrch_146588263_infrastructure_80|random-search#seed7,arOrch,80,146588263,arOrch_146588263_infrastructure_80,random-search,7,"{""iterations_count"": 1000, ""seed"": 7, ""time_budget_ms"": 300000}",ok,FEASIBLE,True,0.15210210070853178,0.15210210070853178,True,193.35324709000002,44.0,1.0,300010.0,1095280,304.858,,7,711,
arOrch_146588263_infrastructure_80|evolutionary-heuristics#seed8,arOrch,80,146588263,arOrch_146588263_infrastructure_80,evolutionary-heuristics,8,"{""algorithm"": ""NSGAII"", ""max_evaluations"": 1000, ""operators"": ""UNIFORM"", ""population_size"": 20, ""seed"": 8, ""time_budget_ms"": 300000}",ok,FEASIBLE,True,0.12853550279489906,0.12853550279489906,True,165.51071035500001,40.0,1.0,300008.0,1153956,304.537,,7,711,
arOrch_146588263_infrastructure_80|random-search#seed8,arOrch,80,146588263,arOrch_146588263_infrastructure_80,random-search,8,"{""iterations_count"": 1000, ""seed"": 8, ""time_budget_ms"": 300000}",ok,FEASIBLE,True,0.3053189762130103,0.3053189762130103,True,179.09765138499998,38.0,0.66,300011.0,1028291,304.778,,7,711,
arOrch_146588263_infrastructure_80|evolutionary-heuristics#seed9,arOrch,80,146588263,arOrch_146588263_infrastructure_80,evolutionary-heuristics,9,"{""algorithm"": ""NSGAII"", ""max_evaluations"": 1000, ""operators"": ""UNIFORM"", ""population_size"": 20, ""seed"": 9, ""time_budget_ms"": 300000}",ok,FEASIBLE,True,0.12853550279489906,0.12853550279489906,True,165.51071035500001,40.0,1.0,300010.0,1290820,304.846,,7,711,
arOrch_146588263_infrastructure_80|random-search#seed9,arOrch,80,146588263,arOrch_146588263_infrastructure_80,random-search,9,"{""iterations_count"": 1000, ""seed"": 9, ""time_budget_ms"": 300000}",ok,FEASIBLE,True,0.3082771760153229,0.3082771760153229,True,180.078084935,42.0,0.66,300009.0,1276532,304.786,,7,711,
arOrch_146588263_infrastructure_80|evolutionary-heuristics#seed10,arOrch,80,146588263,arOrch_146588263_infrastructure_80,evolutionary-heuristics,10,"{""algorithm"": ""NSGAII"", ""max_evaluations"": 1000, ""operators"": ""UNIFORM"", ""population_size"": 20, ""seed"": 10, ""time_budget_ms"": 300000}",ok,FEASIBLE,True,0.12867200632312564,0.12867200632312564,True,167.84521977,37.0,1.0,300027.0,1527777,303.917,,7,711,
arOrch_146588263_infrastructure_80|random-search#seed10,arOrch,80,146588263,arOrch_146588263_infrastructure_80,random-search,10,"{""iterations_count"": 1000, ""seed"": 10, ""time_budget_ms"": 300000}",ok,FEASIBLE,True,0.3017516154813369,0.3017516154813369,True,172.29117671999998,41.0,0.66,300042.0,1631282,305.863,,7,711,
arOrch_146588263_infrastructure_85|evolutionary-heuristics#seed1,arOrch,85,146588263,arOrch_146588263_infrastructure_85,evolutionary-heuristics,1,"{""algorithm"": ""NSGAII"", ""max_evaluations"": 1000, ""operators"": ""UNIFORM"", ""population_size"": 20, ""seed"": 1, ""time_budget_ms"": 300000}",ok,FEASIBLE,True,0.17502997322014102,0.17502997322014102,True,195.026095355,38.0,1.0,300015.0,1496117,304.761,,7,1034,
arOrch_146588263_infrastructure_85|random-search#seed1,arOrch,85,146588263,arOrch_146588263_infrastructure_85,random-search,1,"{""iterations_count"": 1000, ""seed"": 1, ""time_budget_ms"": 300000}",ok,FEASIBLE,True,0.1976975824625148,0.1976975824625148,True,216.31466581,43.0,1.0,300102.0,1027629,305.015,,7,1034,
arOrch_146588263_infrastructure_85|evolutionary-heuristics#seed2,arOrch,85,146588263,arOrch_146588263_infrastructure_85,evolutionary-heuristics,2,"{""algorithm"": ""NSGAII"", ""max_evaluations"": 1000, ""operators"": ""UNIFORM"", ""population_size"": 20, ""seed"": 2, ""time_budget_ms"": 300000}",ok,FEASIBLE,True,0.17658589447898942,0.17658589447898942,True,198.484201765,35.0,1.0,300010.0,629004,309.913,,7,1034,
arOrch_146588263_infrastructure_85|random-search#seed2,arOrch,85,146588263,arOrch_146588263_infrastructure_85,random-search,2,"{""iterations_count"": 1000, ""seed"": 2, ""time_budget_ms"": 300000}",ok,FEASIBLE,True,0.1966982408449205,0.1966982408449205,True,214.64717546499998,44.0,1.0,300014.0,1111572,355.654,,7,1034,
arOrch_146588263_infrastructure_85|evolutionary-heuristics#seed3,arOrch,85,146588263,arOrch_146588263_infrastructure_85,evolutionary-heuristics,3,"{""algorithm"": ""NSGAII"", ""max_evaluations"": 1000, ""operators"": ""UNIFORM"", ""population_size"": 20, ""seed"": 3, ""time_budget_ms"": 300000}",ok,FEASIBLE,True,0.17502997322014102,0.17502997322014102,True,195.02609535499997,38.0,1.0,300003.0,1562257,307.923,,7,1034,
arOrch_146588263_infrastructure_85|random-search#seed3,arOrch,85,146588263,arOrch_146588263_infrastructure_85,random-search,3,"{""iterations_count"": 1000, ""seed"": 3, ""time_budget_ms"": 300000}",ok,FEASIBLE,True,0.20017316216441605,0.20017316216441605,True,217.17393819,46.0,1.0,300002.0,1234414,304.518,,7,1034,
arOrch_146588263_infrastructure_85|evolutionary-heuristics#seed4,arOrch,85,146588263,arOrch_146588263_infrastructure_85,evolutionary-heuristics,4,"{""algorithm"": ""NSGAII"", ""max_evaluations"": 1000, ""operators"": ""UNIFORM"", ""population_size"": 20, ""seed"": 4, ""time_budget_ms"": 300000}",ok,FEASIBLE,True,0.17502997322014102,0.17502997322014102,True,195.026095355,38.0,1.0,300007.0,1105974,306.315,,7,1034,
arOrch_146588263_infrastructure_85|random-search#seed4,arOrch,85,146588263,arOrch_146588263_infrastructure_85,random-search,4,"{""iterations_count"": 1000, ""seed"": 4, ""time_budget_ms"": 300000}",ok,FEASIBLE,True,0.35451800578838044,0.35451800578838044,True,209.098739655,36.0,0.66,300010.0,925495,308.638,,7,1034,
arOrch_146588263_infrastructure_85|evolutionary-heuristics#seed5,arOrch,85,146588263,arOrch_146588263_infrastructure_85,evolutionary-heuristics,5,"{""algorithm"": ""NSGAII"", ""max_evaluations"": 1000, ""operators"": ""UNIFORM"", ""population_size"": 20, ""seed"": 5, ""time_budget_ms"": 300000}",ok,FEASIBLE,True,0.17658589447898942,0.17658589447898942,True,198.484201765,35.0,1.0,300009.0,1143844,308.627,,7,1034,
arOrch_146588263_infrastructure_85|random-search#seed5,arOrch,85,146588263,arOrch_146588263_infrastructure_85,random-search,5,"{""iterations_count"": 1000, ""seed"": 5, ""time_budget_ms"": 300000}",ok,FEASIBLE,True,0.3541200647513446,0.3541200647513446,True,205.68615822499999,41.0,0.66,300010.0,1203117,309.083,,7,1034,
arOrch_146588263_infrastructure_85|evolutionary-heuristics#seed6,arOrch,85,146588263,arOrch_146588263_infrastructure_85,evolutionary-heuristics,6,"{""algorithm"": ""NSGAII"", ""max_evaluations"": 1000, ""operators"": ""UNIFORM"", ""population_size"": 20, ""seed"": 6, ""time_budget_ms"": 300000}",ok,FEASIBLE,True,0.17502997322014102,0.17502997322014102,True,195.02609535499997,38.0,1.0,299992.0,1223557,306.484,,7,1034,
arOrch_146588263_infrastructure_85|random-search#seed6,arOrch,85,146588263,arOrch_146588263_infrastructure_85,random-search,6,"{""iterations_count"": 1000, ""seed"": 6, ""time_budget_ms"": 300000}",ok,FEASIBLE,True,0.18785157490875187,0.18785157490875187,True,203.381330265,47.0,1.0,299991.0,1103669,305.158,,7,1034,
arOrch_146588263_infrastructure_85|evolutionary-heuristics#seed7,arOrch,85,146588263,arOrch_146588263_infrastructure_85,evolutionary-heuristics,7,"{""algorithm"": ""NSGAII"", ""max_evaluations"": 1000, ""operators"": ""UNIFORM"", ""population_size"": 20, ""seed"": 7, ""time_budget_ms"": 300000}",ok,FEASIBLE,True,0.17502997322014102,0.17502997322014102,True,195.026095355,38.0,1.0,300009.0,1622942,311.15,,7,1034,
arOrch_146588263_infrastructure_85|random-search#seed7,arOrch,85,146588263,arOrch_146588263_infrastructure_85,random-search,7,"{""iterations_count"": 1000, ""seed"": 7, ""time_budget_ms"": 300000}",ok,FEASIBLE,True,0.19220445817129758,0.19220445817129758,True,211.62658729,41.0,1.0,300009.0,1609409,306.33,,7,1034,
arOrch_146588263_infrastructure_85|evolutionary-heuristics#seed8,arOrch,85,146588263,arOrch_146588263_infrastructure_85,evolutionary-heuristics,8,"{""algorithm"": ""NSGAII"", ""max_evaluations"": 1000, ""operators"": ""UNIFORM"", ""population_size"": 20, ""seed"": 8, ""time_budget_ms"": 300000}",ok,FEASIBLE,True,0.17502997322014102,0.17502997322014102,True,195.02609535499997,38.0,1.0,300009.0,1793934,304.075,,7,1034,
arOrch_146588263_infrastructure_85|random-search#seed8,arOrch,85,146588263,arOrch_146588263_infrastructure_85,random-search,8,"{""iterations_count"": 1000, ""seed"": 8, ""time_budget_ms"": 300000}",ok,FEASIBLE,True,0.3574182862910219,0.3574182862910219,True,210.71147099999996,38.5,0.66,300009.0,1654383,303.788,,7,1034,
arOrch_146588263_infrastructure_85|evolutionary-heuristics#seed9,arOrch,85,146588263,arOrch_146588263_infrastructure_85,evolutionary-heuristics,9,"{""algorithm"": ""NSGAII"", ""max_evaluations"": 1000, ""operators"": ""UNIFORM"", ""population_size"": 20, ""seed"": 9, ""time_budget_ms"": 300000}",ok,FEASIBLE,True,0.17502997322014102,0.17502997322014102,True,195.026095355,38.0,1.0,299946.0,1802745,303.856,,7,1034,
arOrch_146588263_infrastructure_85|random-search#seed9,arOrch,85,146588263,arOrch_146588263_infrastructure_85,random-search,9,"{""iterations_count"": 1000, ""seed"": 9, ""time_budget_ms"": 300000}",ok,FEASIBLE,True,0.20003320524665483,0.20003320524665483,True,217.024056785,46.0,1.0,299944.0,1578373,304.795,,7,1034,
arOrch_146588263_infrastructure_85|evolutionary-heuristics#seed10,arOrch,85,146588263,arOrch_146588263_infrastructure_85,evolutionary-heuristics,10,"{""algorithm"": ""NSGAII"", ""max_evaluations"": 1000, ""operators"": ""UNIFORM"", ""population_size"": 20, ""seed"": 10, ""time_budget_ms"": 300000}",ok,FEASIBLE,True,0.17502997322014102,0.17502997322014102,True,195.026095355,38.0,1.0,300004.0,1685085,303.938,,7,1034,
arOrch_146588263_infrastructure_85|random-search#seed10,arOrch,85,146588263,arOrch_146588263_infrastructure_85,random-search,10,"{""iterations_count"": 1000, ""seed"": 10, ""time_budget_ms"": 300000}",ok,FEASIBLE,True,0.354646641215434,0.354646641215434,True,208.04192795499998,38.0,0.66,300006.0,1619035,304.816,,7,1034,
arOrch_146588263_infrastructure_90|evolutionary-heuristics#seed1,arOrch,90,146588263,arOrch_146588263_infrastructure_90,evolutionary-heuristics,1,"{""algorithm"": ""NSGAII"", ""max_evaluations"": 1000, ""operators"": ""UNIFORM"", ""population_size"": 20, ""seed"": 1, ""time_budget_ms"": 300000}",ok,FEASIBLE,True,0.10965443393049401,0.10965443393049401,True,153.426796095,37.0,1.0,299531.0,1833662,304.485,,7,894,
arOrch_146588263_infrastructure_90|random-search#seed1,arOrch,90,146588263,arOrch_146588263_infrastructure_90,random-search,1,"{""iterations_count"": 1000, ""seed"": 1, ""time_budget_ms"": 300000}",ok,UNKNOWN,False,0.13945440216761568,0.13945440216761568,,192.13586971499998,41.0,1.0,300004.0,1298566,303.923,,7,894,
arOrch_146588263_infrastructure_90|evolutionary-heuristics#seed2,arOrch,90,146588263,arOrch_146588263_infrastructure_90,evolutionary-heuristics,2,"{""algorithm"": ""NSGAII"", ""max_evaluations"": 1000, ""operators"": ""UNIFORM"", ""population_size"": 20, ""seed"": 2, ""time_budget_ms"": 300000}",ok,FEASIBLE,True,0.10965443393049401,0.10965443393049401,True,153.426796095,37.0,1.0,300462.0,991630,307.7,,7,894,
arOrch_146588263_infrastructure_90|random-search#seed2,arOrch,90,146588263,arOrch_146588263_infrastructure_90,random-search,2,"{""iterations_count"": 1000, ""seed"": 2, ""time_budget_ms"": 300000}",ok,UNKNOWN,False,0.31452134237115287,0.31452134237115287,,200.46161866,44.0,0.66,299990.0,840766,306.625,,7,894,
arOrch_146588263_infrastructure_90|evolutionary-heuristics#seed3,arOrch,90,146588263,arOrch_146588263_infrastructure_90,evolutionary-heuristics,3,"{""algorithm"": ""NSGAII"", ""max_evaluations"": 1000, ""operators"": ""UNIFORM"", ""population_size"": 20, ""seed"": 3, ""time_budget_ms"": 300000}",ok,FEASIBLE,True,0.10965443393049401,0.10965443393049401,True,153.426796095,37.0,1.0,300007.0,821668,307.806,,7,894,
arOrch_146588263_infrastructure_90|random-search#seed3,arOrch,90,146588263,arOrch_146588263_infrastructure_90,random-search,3,"{""iterations_count"": 1000, ""seed"": 3, ""time_budget_ms"": 300000}",ok,UNKNOWN,False,0.3134630752251707,0.3134630752251707,,201.32779396499998,41.0,0.66,300008.0,812667,309.66,,7,894,
arOrch_146588263_infrastructure_90|evolutionary-heuristics#seed4,arOrch,90,146588263,arOrch_146588263_infrastructure_90,evolutionary-heuristics,4,"{""algorithm"": ""NSGAII"", ""max_evaluations"": 1000, ""operators"": ""UNIFORM"", ""population_size"": 20, ""seed"": 4, ""time_budget_ms"": 300000}",ok,FEASIBLE,True,0.10965443393049401,0.10965443393049401,True,153.426796095,37.0,1.0,300007.0,1087515,308.889,,7,894,
arOrch_146588263_infrastructure_90|random-search#seed4,arOrch,90,146588263,arOrch_146588263_infrastructure_90,random-search,4,"{""iterations_count"": 1000, ""seed"": 4, ""time_budget_ms"": 300000}",ok,FEASIBLE,True,0.29504595242626297,0.29504595242626297,True,180.170733635,35.0,0.66,300007.0,996394,306.567,,7,894,
arOrch_146588263_infrastructure_90|evolutionary-heuristics#seed5,arOrch,90,146588263,arOrch_146588263_infrastructure_90,evolutionary-heuristics,5,"{""algorithm"": ""NSGAII"", ""max_evaluations"": 1000, ""operators"": ""UNIFORM"", ""population_size"": 20, ""seed"": 5, ""time_budget_ms"": 300000}",ok,FEASIBLE,True,0.10965443393049401,0.10965443393049401,True,153.426796095,37.0,1.0,299967.0,1333425,306.126,,7,894,
arOrch_146588263_infrastructure_90|random-search#seed5,arOrch,90,146588263,arOrch_146588263_infrastructure_90,random-search,5,"{""iterations_count"": 1000, ""seed"": 5, ""time_budget_ms"": 300000}",ok,FEASIBLE,True,0.28934717014148714,0.28934717014148714,True,169.4242242,38.5,0.66,299967.0,1516890,306.298,,7,894,
arOrch_146588263_infrastructure_90|evolutionary-heuristics#seed6,arOrch,90,146588263,arOrch_146588263_infrastructure_90,evolutionary-heuristics,6,"{""algorithm"": ""NSGAII"", ""max_evaluations"": 1000, ""operators"": ""UNIFORM"", ""population_size"": 20, ""seed"": 6, ""time_budget_ms"": 300000}",ok,FEASIBLE,True,0.10965443393049401,0.10965443393049401,True,153.426796095,37.0,1.0,299995.0,1849914,303.732,,7,894,
arOrch_146588263_infrastructure_90|random-search#seed6,arOrch,90,146588263,arOrch_146588263_infrastructure_90,random-search,6,"{""iterations_count"": 1000, ""seed"": 6, ""time_budget_ms"": 300000}",ok,FEASIBLE,True,0.29851724115599465,0.29851724115599465,True,180.73277324500003,40.5,0.66,299995.0,1715477,303.524,,7,894,
arOrch_146588263_infrastructure_90|evolutionary-heuristics#seed7,arOrch,90,146588263,arOrch_146588263_infrastructure_90,evolutionary-heuristics,7,"{""algorithm"": ""NSGAII"", ""max_evaluations"": 1000, ""operators"": ""UNIFORM"", ""population_size"": 20, ""seed"": 7, ""time_budget_ms"": 300000}",ok,FEASIBLE,True,0.10965443393049401,0.10965443393049401,True,153.426796095,37.0,1.0,300007.0,1931986,303.777,,7,894,
arOrch_146588263_infrastructure_90|random-search#seed7,arOrch,90,146588263,arOrch_146588263_infrastructure_90,random-search,7,"{""iterations_count"": 1000, ""seed"": 7, ""time_budget_ms"": 300000}",ok,UNKNOWN,False,0.3002525179790003,0.3002525179790003,,190.61810226,31.0,0.66,300008.0,1766859,303.762,,7,894,
arOrch_146588263_infrastructure_90|evolutionary-heuristics#seed8,arOrch,90,146588263,arOrch_146588263_infrastructure_90,evolutionary-heuristics,8,"{""algorithm"": ""NSGAII"", ""max_evaluations"": 1000, ""operators"": ""UNIFORM"", ""population_size"": 20, ""seed"": 8, ""time_budget_ms"": 300000}",ok,FEASIBLE,True,0.10965443393049401,0.10965443393049401,True,153.426796095,37.0,1.0,300006.0,1949917,303.451,,7,894,
arOrch_146588263_infrastructure_90|random-search#seed8,arOrch,90,146588263,arOrch_146588263_infrastructure_90,random-search,8,"{""iterations_count"": 1000, ""seed"": 8, ""time_budget_ms"": 300000}",ok,UNKNOWN,False,0.3031955531016401,0.3031955531016401,,192.39853254999997,34.0,0.66,300007.0,1772765,303.536,,7,894,
arOrch_146588263_infrastructure_90|evolutionary-heuristics#seed9,arOrch,90,146588263,arOrch_146588263_infrastructure_90,evolutionary-heuristics,9,"{""algorithm"": ""NSGAII"", ""max_evaluations"": 1000, ""operators"": ""UNIFORM"", ""population_size"": 20, ""seed"": 9, ""time_budget_ms"": 300000}",ok,FEASIBLE,True,0.10965443393049401,0.10965443393049401,True,153.426796095,37.0,1.0,300042.0,1983117,303.408,,7,894,
arOrch_146588263_infrastructure_90|random-search#seed9,arOrch,90,146588263,arOrch_146588263_infrastructure_90,random-search,9,"{""iterations_count"": 1000, ""seed"": 9, ""time_budget_ms"": 300000}",ok,UNKNOWN,False,0.28860297654631906,0.28860297654631906,,170.731423985,35.5,0.66,300046.0,1531539,303.951,,7,894,
arOrch_146588263_infrastructure_90|evolutionary-heuristics#seed10,arOrch,90,146588263,arOrch_146588263_infrastructure_90,evolutionary-heuristics,10,"{""algorithm"": ""NSGAII"", ""max_evaluations"": 1000, ""operators"": ""UNIFORM"", ""population_size"": 20, ""seed"": 10, ""time_budget_ms"": 300000}",ok,FEASIBLE,True,0.10965443393049401,0.10965443393049401,True,153.426796095,37.0,1.0,300011.0,1581278,303.68,,7,894,
arOrch_146588263_infrastructure_90|random-search#seed10,arOrch,90,146588263,arOrch_146588263_infrastructure_90,random-search,10,"{""iterations_count"": 1000, ""seed"": 10, ""time_budget_ms"": 300000}",ok,UNKNOWN,False,0.31446477263437644,0.31446477263437644,,202.342351435,41.5,0.66,300010.0,1646931,304.377,,7,894,
arOrch_146588263_infrastructure_95|evolutionary-heuristics#seed1,arOrch,95,146588263,arOrch_146588263_infrastructure_95,evolutionary-heuristics,1,"{""algorithm"": ""NSGAII"", ""max_evaluations"": 1000, ""operators"": ""UNIFORM"", ""population_size"": 20, ""seed"": 1, ""time_budget_ms"": 300000}",ok,FEASIBLE,True,0.12419937891316106,0.12419937891316106,True,146.00054128,44.0,1.0,300009.0,1813381,304.89,,7,1016,
arOrch_146588263_infrastructure_95|random-search#seed1,arOrch,95,146588263,arOrch_146588263_infrastructure_95,random-search,1,"{""iterations_count"": 1000, ""seed"": 1, ""time_budget_ms"": 300000}",ok,FEASIBLE,True,0.31297844082304815,0.31297844082304815,True,173.78750706,41.0,0.66,300009.0,1663418,304.044,,7,1016,
arOrch_146588263_infrastructure_95|evolutionary-heuristics#seed2,arOrch,95,146588263,arOrch_146588263_infrastructure_95,evolutionary-heuristics,2,"{""algorithm"": ""NSGAII"", ""max_evaluations"": 1000, ""operators"": ""UNIFORM"", ""population_size"": 20, ""seed"": 2, ""time_budget_ms"": 300000}",ok,FEASIBLE,True,0.12419937891316106,0.12419937891316106,True,146.00054128,44.0,1.0,300009.0,1793819,304.221,,7,1016,
arOrch_146588263_infrastructure_95|random-search#seed2,arOrch,95,146588263,arOrch_146588263_infrastructure_95,random-search,2,"{""iterations_count"": 1000, ""seed"": 2, ""time_budget_ms"": 300000}",ok,FEASIBLE,True,0.14639084652052087,0.14639084652052087,True,176.857611125,38.0,1.0,300012.0,1677640,303.95,,7,1016,
arOrch_146588263_infrastructure_95|evolutionary-heuristics#seed3,arOrch,95,146588263,arOrch_146588263_infrastructure_95,evolutionary-heuristics,3,"{""algorithm"": ""NSGAII"", ""max_evaluations"": 1000, ""operators"": ""UNIFORM"", ""population_size"": 20, ""seed"": 3, ""time_budget_ms"": 300000}",ok,FEASIBLE,True,0.12419937891316106,0.12419937891316106,True,146.00054128,44.0,1.0,300012.0,1779343,305.25,,7,1016,
arOrch_146588263_infrastructure_95|random-search#seed3,arOrch,95,146588263,arOrch_146588263_infrastructure_95,random-search,3,"{""iterations_count"": 1000, ""seed"": 3, ""time_budget_ms"": 300000}",ok,FEASIBLE,True,0.2995986311255842,0.2995986311255842,True,154.25583395,46.0,0.66,300010.0,1709343,304.027,,7,1016,
arOrch_146588263_infrastructure_95|evolutionary-heuristics#seed4,arOrch,95,146588263,arOrch_146588263_infrastructure_95,evolutionary-heuristics,4,"{""algorithm"": ""NSGAII"", ""max_evaluations"": 1000, ""operators"": ""UNIFORM"", ""population_size"": 20, ""seed"": 4, ""time_budget_ms"": 300000}",ok,FEASIBLE,True,0.12419937891316106,0.12419937891316106,True,146.00054128,44.0,1.0,300009.0,1755965,304.071,,7,1016,
arOrch_146588263_infrastructure_95|random-search#seed4,arOrch,95,146588263,arOrch_146588263_infrastructure_95,random-search,4,"{""iterations_count"": 1000, ""seed"": 4, ""time_budget_ms"": 300000}",ok,FEASIBLE,True,0.30501839389022495,0.30501839389022495,True,166.84513772000003,37.0,0.66,300010.0,1656137,304.433,,7,1016,
arOrch_146588263_infrastructure_95|evolutionary-heuristics#seed5,arOrch,95,146588263,arOrch_146588263_infrastructure_95,evolutionary-heuristics,5,"{""algorithm"": ""NSGAII"", ""max_evaluations"": 1000, ""operators"": ""UNIFORM"", ""population_size"": 20, ""seed"": 5, ""time_budget_ms"": 300000}",ok,FEASIBLE,True,0.12736783888551753,0.12736783888551753,True,149.83172872,44.0,1.0,299994.0,1876661,304.006,,7,1016,
arOrch_146588263_infrastructure_95|random-search#seed5,arOrch,95,146588263,arOrch_146588263_infrastructure_95,random-search,5,"{""iterations_count"": 1000, ""seed"": 5, ""time_budget_ms"": 300000}",ok,FEASIBLE,True,0.30756147144210655,0.30756147144210655,True,165.225529115,44.0,0.66,299993.0,1734348,303.951,,7,1016,
arOrch_146588263_infrastructure_95|evolutionary-heuristics#seed6,arOrch,95,146588263,arOrch_146588263_infrastructure_95,evolutionary-heuristics,6,"{""algorithm"": ""NSGAII"", ""max_evaluations"": 1000, ""operators"": ""UNIFORM"", ""population_size"": 20, ""seed"": 6, ""time_budget_ms"": 300000}",ok,FEASIBLE,True,0.12993163222519594,0.12993163222519594,True,154.943749175,41.0,1.0,300009.0,1896381,304.045,,7,1016,
arOrch_146588263_infrastructure_95|random-search#seed6,arOrch,95,146588263,arOrch_146588263_infrastructure_95,random-search,6,"{""iterations_count"": 1000, ""seed"": 6, ""time_budget_ms"": 300000}",ok,FEASIBLE,True,0.14872499476780926,0.14872499476780926,True,176.66201781499998,42.5,1.0,300011.0,1715070,303.847,,7,1016,
arOrch_146588263_infrastructure_95|evolutionary-heuristics#seed7,arOrch,95,146588263,arOrch_146588263_infrastructure_95,evolutionary-heuristics,7,"{""algorithm"": ""NSGAII"", ""max_evaluations"": 1000, ""operators"": ""UNIFORM"", ""population_size"": 20, ""seed"": 7, ""time_budget_ms"": 300000}",ok,FEASIBLE,True,0.12736783888551753,0.12736783888551753,True,149.83172872,44.0,1.0,300009.0,1820885,304.104,,7,1016,
arOrch_146588263_infrastructure_95|random-search#seed7,arOrch,95,146588263,arOrch_146588263_infrastructure_95,random-search,7,"{""iterations_count"": 1000, ""seed"": 7, ""time_budget_ms"": 300000}",ok,FEASIBLE,True,0.3099122508703524,0.3099122508703524,True,169.073993795,42.5,0.66,300010.0,1725957,303.951,,7,1016,
arOrch_146588263_infrastructure_95|evolutionary-heuristics#seed8,arOrch,95,146588263,arOrch_146588263_infrastructure_95,evolutionary-heuristics,8,"{""algorithm"": ""NSGAII"", ""max_evaluations"": 1000, ""operators"": ""UNIFORM"", ""population_size"": 20, ""seed"": 8, ""time_budget_ms"": 300000}",ok,FEASIBLE,True,0.12736783888551753,0.12736783888551753,True,149.83172872,44.0,1.0,299961.0,1788957,304.29,,7,1016,
arOrch_146588263_infrastructure_95|random-search#seed8,arOrch,95,146588263,arOrch_146588263_infrastructure_95,random-search,8,"{""iterations_count"": 1000, ""seed"": 8, ""time_budget_ms"": 300000}",ok,FEASIBLE,True,0.1387525791032235,0.1387525791032235,True,166.280377795,40.0,1.0,299959.0,1633894,304.366,,7,1016,
arOrch_146588263_infrastructure_95|evolutionary-heuristics#seed9,arOrch,95,146588263,arOrch_146588263_infrastructure_95,evolutionary-heuristics,9,"{""algorithm"": ""NSGAII"", ""max_evaluations"": 1000, ""operators"": ""UNIFORM"", ""population_size"": 20, ""seed"": 9, ""time_budget_ms"": 300000}",ok,FEASIBLE,True,0.12736783888551753,0.12736783888551753,True,149.83172872,44.0,1.0,300007.0,1751415,304.335,,7,1016,
arOrch_146588263_infrastructure_95|random-search#seed9,arOrch,95,146588263,arOrch_146588263_infrastructure_95,random-search,9,"{""iterations_count"": 1000, ""seed"": 9, ""time_budget_ms"": 300000}",ok,FEASIBLE,True,0.297688605954309,0.297688605954309,True,156.64090664499997,39.0,0.66,300007.0,1659737,303.962,,7,1016,
arOrch_146588263_infrastructure_95|evolutionary-heuristics#seed10,arOrch,95,146588263,arOrch_146588263_infrastructure_95,evolutionary-heuristics,10,"{""algorithm"": ""NSGAII"", ""max_evaluations"": 1000, ""operators"": ""UNIFORM"", ""population_size"": 20, ""seed"": 10, ""time_budget_ms"": 300000}",ok,FEASIBLE,True,0.12419937891316106,0.12419937891316106,True,146.00054128,44.0,1.0,300007.0,1819692,304.046,,7,1016,
arOrch_146588263_infrastructure_95|random-search#seed10,arOrch,95,146588263,arOrch_146588263_infrastructure_95,random-search,10,"{""iterations_count"": 1000, ""seed"": 10, ""time_budget_ms"": 300000}",ok,FEASIBLE,True,0.14317317652442146,0.14317317652442146,True,171.62560464499998,40.0,1.0,300007.0,1709471,304.236,,7,1016,
mediaOrch_146588263_infrastructure_100|evolutionary-heuristics#seed1,mediaOrch,100,146588263,mediaOrch_146588263_infrastructure_100,evolutionary-heuristics,1,"{""algorithm"": ""NSGAII"", ""max_evaluations"": 1000, ""operators"": ""UNIFORM"", ""population_size"": 20, ""seed"": 1, ""time_budget_ms"": 300000}",ok,FEASIBLE,True,0.05031061593584848,0.05031061593584848,True,22.49125,48.704,1.0,299981.0,3314656,302.719,,5,650,
mediaOrch_146588263_infrastructure_100|random-search#seed1,mediaOrch,100,146588263,mediaOrch_146588263_infrastructure_100,random-search,1,"{""iterations_count"": 1000, ""seed"": 1, ""time_budget_ms"": 300000}",ok,FEASIBLE,True,0.039732137707367984,0.039732137707367984,True,3.5342261799999997,67.584,1.0,299981.0,3281847,303.955,,5,650,
mediaOrch_146588263_infrastructure_100|evolutionary-heuristics#seed2,mediaOrch,100,146588263,mediaOrch_146588263_infrastructure_100,evolutionary-heuristics,2,"{""algorithm"": ""NSGAII"", ""max_evaluations"": 1000, ""operators"": ""UNIFORM"", ""population_size"": 20, ""seed"": 2, ""time_budget_ms"": 300000}",ok,FEASIBLE,True,0.0288732165662065,0.0288732165662065,True,5.675009749999999,43.568,1.0,300007.0,3343466,303.18,,5,650,
mediaOrch_146588263_infrastructure_100|random-search#seed2,mediaOrch,100,146588263,mediaOrch_146588263_infrastructure_100,random-search,2,"{""iterations_count"": 1000, ""seed"": 2, ""time_budget_ms"": 300000}",ok,FEASIBLE,True,0.032884578368132855,0.032884578368132855,True,9.300017,43.568,1.0,300008.0,3260394,302.593,,5,650,
mediaOrch_146588263_infrastructure_100|evolutionary-heuristics#seed3,mediaOrch,100,146588263,mediaOrch_146588263_infrastructure_100,evolutionary-heuristics,3,"{""algorithm"": ""NSGAII"", ""max_evaluations"": 1000, ""operators"": ""UNIFORM"", ""population_size"": 20, ""seed"": 3, ""time_budget_ms"": 300000}",ok,FEASIBLE,True,0.0288732165662065,0.0288732165662065,True,5.675009749999999,43.568,1.0,300008.0,3325846,302.672,,5,650,
mediaOrch_146588263_infrastructure_100|random-search#seed3,mediaOrch,100,146588263,mediaOrch_146588263_infrastructure_100,random-search,3,"{""iterations_count"": 1000, ""seed"": 3, ""time_budget_ms"": 300000}",ok,FEASIBLE,True,0.03882710737326575,0.03882710737326575,True,6.97456637,59.028999999999996,1.0,300008.0,3223449,302.579,,5,650,
mediaOrch_146588263_infrastructure_100|evolutionary-heuristics#seed4,mediaOrch,100,146588263,mediaOrch_146588263_infrastructure_100,evolutionary-heuristics,4,"{""algorithm"": ""NSGAII"", ""max_evaluations"": 1000, ""operators"": ""UNIFORM"", ""population_size"": 20, ""seed"": 4, ""time_budget_ms"": 300000}",ok,FEASIBLE,True,0.0288732165662065,0.0288732165662065,True,5.675009749999999,43.568,1.0,300008.0,3165477,302.527,,5,650,
mediaOrch_146588263_infrastructure_100|random-search#seed4,mediaOrch,100,146588263,mediaOrch_146588263_infrastructure_100,random-search,4,"{""iterations_count"": 1000, ""seed"": 4, ""time_budget_ms"": 300000}",ok,FEASIBLE,True,0.0432615340290808,0.0432615340290808,True,11.120015,58.7515,1.0,299971.0,3174999,303.314,,5,650,
mediaOrch_146588263_infrastructure_100|evolutionary-heuristics#seed5,mediaOrch,100,146588263,mediaOrch_146588263_infrastructure_100,evolutionary-heuristics,5,"{""algorithm"": ""NSGAII"", ""max_evaluations"": 1000, ""operators"": ""UNIFORM"", ""population_size"": 20, ""seed"": 5, ""time_budget_ms"": 300000}",ok,FEASIBLE,True,0.03507706983638573,0.03507706983638573,True,12.68,40.758,1.0,299970.0,3327985,302.863,,5,650,
mediaOrch_146588263_infrastructure_100|random-search#seed5,mediaOrch,100,146588263,mediaOrch_146588263_infrastructure_100,random-search,5,"{""iterations_count"": 1000, ""seed"": 5, ""time_budget_ms"": 300000}",ok,FEASIBLE,True,0.04380158662074209,0.04380158662074209,True,6.236395925,69.5435,1.0,300007.0,3042752,303.043,,5,650,
mediaOrch_146588263_infrastructure_100|evolutionary-heuristics#seed6,mediaOrch,100,146588263,mediaOrch_146588263_infrastructure_100,evolutionary-heuristics,6,"{""algorithm"": ""NSGAII"", ""max_evaluations"": 1000, ""operators"": ""UNIFORM"", ""population_size"": 20, ""seed"": 6, ""time_budget_ms"": 300000}",ok,FEASIBLE,True,0.07137329689706487,0.07137329689706487,True,12.68,106.656,1.0,300008.0,3167501,302.705,,5,650,
mediaOrch_146588263_infrastructure_100|random-search#seed6,mediaOrch,100,146588263,mediaOrch_146588263_infrastructure_100,random-search,6,"{""iterations_count"": 1000, ""seed"": 6, ""time_budget_ms"": 300000}",ok,FEASIBLE,True,0.04118394761349774,0.04118394761349774,True,16.800032,43.568,1.0,300009.0,3248084,302.954,,5,650,
mediaOrch_146588263_infrastructure_100|evolutionary-heuristics#seed7,mediaOrch,100,146588263,mediaOrch_146588263_infrastructure_100,evolutionary-heuristics,7,"{""algorithm"": ""NSGAII"", ""max_evaluations"": 1000, ""operators"": ""UNIFORM"", ""population_size"": 20, ""seed"": 7, ""time_budget_ms"": 300000}",ok,FEASIBLE,True,0.05031061593584848,0.05031061593584848,True,22.49125,48.704,1.0,299993.0,3346497,302.658,,5,650,
mediaOrch_146588263_infrastructure_100|random-search#seed7,mediaOrch,100,146588263,mediaOrch_146588263_infrastructure_100,random-search,7,"{""iterations_count"": 1000, ""seed"": 7, ""time_budget_ms"": 300000}",ok,FEASIBLE,True,0.031224704519059884,0.031224704519059884,True,7.800014,43.568,1.0,299993.0,3309147,302.802,,5,650,
mediaOrch_146588263_infrastructure_100|evolutionary-heuristics#seed8,mediaOrch,100,146588263,mediaOrch_146588263_infrastructure_100,evolutionary-heuristics,8,"{""algorithm"": ""NSGAII"", ""max_evaluations"": 1000, ""operators"": ""UNIFORM"", ""population_size"": 20, ""seed"": 8, ""time_budget_ms"": 300000}",ok,FEASIBLE,True,0.0288732165662065,0.0288732165662065,True,5.675009749999999,43.568,1.0,300009.0,3362601,302.474,,5,650,
mediaOrch_146588263_infrastructure_100|random-search#seed8,mediaOrch,100,146588263,mediaOrch_146588263_infrastructure_100,random-search,8,"{""iterations_count"": 1000, ""seed"": 8, ""time_budget_ms"": 300000}",ok,FEASIBLE,True,0.03784802289316987,0.03784802289316987,True,7.812226615,55.5685,1.0,300009.0,3336367,302.504,,5,650,
mediaOrch_146588263_infrastructure_100|evolutionary-heuristics#seed9,mediaOrch,100,146588263,mediaOrch_146588263_infrastructure_100,evolutionary-heuristics,9,"{""algorithm"": ""NSGAII"", ""max_evaluations"": 1000, ""operators"": ""UNIFORM"", ""population_size"": 20, ""seed"": 9, ""time_budget_ms"": 300000}",ok,FEASIBLE,True,0.0288732165662065,0.0288732165662065,True,5.675009749999999,43.568,1.0,300008.0,3419146,302.775,,5,650,
mediaOrch_146588263_infrastructure_100|random-search#seed9,mediaOrch,100,146588263,mediaOrch_146588263_infrastructure_100,random-search,9,"{""iterations_count"": 1000, ""seed"": 9, ""time_budget_ms"": 300000}",ok,FEASIBLE,True,0.04156957569971672,0.04156957569971672,True,7.730947295000002,62.4885,1.0,300009.0,3277813,302.553,,5,650,
mediaOrch_146588263_infrastructure_100|evolutionary-heuristics#seed10,mediaOrch,100,146588263,mediaOrch_146588263_infrastructure_100,evolutionary-heuristics,10,"{""algorithm"": ""NSGAII"", ""max_evaluations"": 1000, ""operators"": ""UNIFORM"", ""population_size"": 20, ""seed"": 10, ""time_budget_ms"": 300000}",ok,FEASIBLE,True,0.01920645085030797,0.01920645085030797,True,1.7017166,34.0,1.0,299991.0,3286445,303.022,,5,650,
mediaOrch_146588263_infrastructure_100|random-search#seed10,mediaOrch,100,146588263,mediaOrch_146588263_infrastructure_100,random-search,10,"{""iterations_count"": 1000, ""seed"": 10, ""time_budget_ms"": 300000}",ok,FEASIBLE,True,0.038970782481400436,0.038970782481400436,True,14.800028000000001,43.568,1.0,299991.0,3297439,302.57,,5,650,
mediaOrch_146588263_infrastructure_105|evolutionary-heuristics#seed1,mediaOrch,105,146588263,mediaOrch_146588263_infrastructure_105,evolutionary-heuristics,1,"{""algorithm"": ""NSGAII"", ""max_evaluations"": 1000, ""operators"": ""UNIFORM"", ""population_size"": 20, ""seed"": 1, ""time_budget_ms"": 300000}",ok,FEASIBLE,True,0.02727760522916718,0.02727760522916718,True,5.49822548,39.0,1.0,300009.0,3375002,303.014,,5,793,
mediaOrch_146588263_infrastructure_105|random-search#seed1,mediaOrch,105,146588263,mediaOrch_146588263_infrastructure_105,random-search,1,"{""iterations_count"": 1000, ""seed"": 1, ""time_budget_ms"": 300000}",ok,FEASIBLE,True,0.047376424301809585,0.047376424301809585,True,5.880861300000001,74.411,1.0,300009.0,3317229,302.924,,5,793,
mediaOrch_146588263_infrastructure_105|evolutionary-heuristics#seed2,mediaOrch,105,146588263,mediaOrch_146588263_infrastructure_105,evolutionary-heuristics,2,"{""algorithm"": ""NSGAII"", ""max_evaluations"": 1000, ""operators"": ""UNIFORM"", ""population_size"": 20, ""seed"": 2, ""time_budget_ms"": 300000}",ok,FEASIBLE,True,0.021598898824938532,0.021598898824938532,True,1.7017166,38.0,1.0,300009.0,3289839,302.891,,5,793,
mediaOrch_146588263_infrastructure_105|random-search#seed2,mediaOrch,105,146588263,mediaOrch_146588263_infrastructure_105,random-search,2,"{""iterations_count"": 1000, ""seed"": 2, ""time_budget_ms"": 300000}",ok,FEASIBLE,True,0.05518112269881231,0.05518112269881231,True,11.430018500000001,74.9765,1.0,300009.0,3258774,303.105,,5,793,
mediaOrch_146588263_infrastructure_105|evolutionary-heuristics#seed3,mediaOrch,105,146588263,mediaOrch_146588263_infrastructure_105,evolutionary-heuristics,3,"{""algorithm"": ""NSGAII"", ""max_evaluations"": 1000, ""operators"": ""UNIFORM"", ""population_size"": 20, ""seed"": 3, ""time_budget_ms"": 300000}",ok,FEASIBLE,True,0.024476288167646586,0.024476288167646586,True,4.24253556,37.0,1.0,300014.0,3381421,303.089,,5,793,
mediaOrch_146588263_infrastructure_105|random-search#seed3,mediaOrch,105,146588263,mediaOrch_146588263_infrastructure_105,random-search,3,"{""iterations_count"": 1000, ""seed"": 3, ""time_budget_ms"": 300000}",ok,FEASIBLE,True,0.049300848385500445,0.049300848385500445,True,13.6504544,58.922,1.0,300016.0,3240926,302.931,,5,793,
mediaOrch_146588263_infrastructure_105|evolutionary-heuristics#seed4,mediaOrch,105,146588263,mediaOrch_146588263_infrastructure_105,evolutionary-heuristics,4,"{""algorithm"": ""NSGAII"", ""max_evaluations"": 1000, ""operators"": ""UNIFORM"", ""population_size"": 20, ""seed"": 4, ""time_budget_ms"": 300000}",ok,FEASIBLE,True,0.021598898824938532,0.021598898824938532,True,1.7017166,38.0,1.0,300010.0,3305762,303.11,,5,793,
mediaOrch_146588263_infrastructure_105|random-search#seed4,mediaOrch,105,146588263,mediaOrch_146588263_infrastructure_105,random-search,4,"{""iterations_count"": 1000, ""seed"": 4, ""time_budget_ms"": 300000}",ok,FEASIBLE,True,0.04181055238829178,0.04181055238829178,True,7.64912174,60.028999999999996,1.0,300009.0,3220982,303.027,,5,793,
mediaOrch_146588263_infrastructure_105|evolutionary-heuristics#seed5,mediaOrch,105,146588263,mediaOrch_146588263_infrastructure_105,evolutionary-heuristics,5,"{""algorithm"": ""NSGAII"", ""max_evaluations"": 1000, ""operators"": ""UNIFORM"", ""population_size"": 20, ""seed"": 5, ""time_budget_ms"": 300000}",ok,FEASIBLE,True,0.021598898824938532,0.021598898824938532,True,1.7017166,38.0,1.0,300008.0,3213366,303.225,,5,793,
mediaOrch_146588263_infrastructure_105|random-search#seed5,mediaOrch,105,146588263,mediaOrch_146588263_infrastructure_105,random-search,5,"{""iterations_count"": 1000, ""seed"": 5, ""time_budget_ms"": 300000}",ok,FEASIBLE,True,0.039006231758746845,0.039006231758746845,True,6.0254391499999995,58.922,1.0,300008.0,3011144,303.663,,5,793,
mediaOrch_146588263_infrastructure_105|evolutionary-heuristics#seed6,mediaOrch,105,146588263,mediaOrch_146588263_infrastructure_105,evolutionary-heuristics,6,"{""algorithm"": ""NSGAII"", ""max_evaluations"": 1000, ""operators"": ""UNIFORM"", ""population_size"": 20, ""seed"": 6, ""time_budget_ms"": 300000}",ok,FEASIBLE,True,0.021598898824938532,0.021598898824938532,True,1.7017166,38.0,1.0,299944.0,3123064,303.377,,5,793,
mediaOrch_146588263_infrastructure_105|random-search#seed6,mediaOrch,105,146588263,mediaOrch_146588263_infrastructure_105,random-search,6,"{""iterations_count"": 1000, ""seed"": 6, ""time_budget_ms"": 300000}",ok,FEASIBLE,True,0.050990197831063455,0.050990197831063455,True,7.705758595000001,76.4905,1.0,299938.0,3118492,302.777,,5,793,
mediaOrch_146588263_infrastructure_105|evolutionary-heuristics#seed7,mediaOrch,105,146588263,mediaOrch_146588263_infrastructure_105,evolutionary-heuristics,7,"{""algorithm"": ""NSGAII"", ""max_evaluations"": 1000, ""operators"": ""UNIFORM"", ""population_size"": 20, ""seed"": 7, ""time_budget_ms"": 300000}",ok,FEASIBLE,True,0.021598898824938532,0.021598898824938532,True,1.7017166,38.0,1.0,300004.0,3155939,302.914,,5,793,
mediaOrch_146588263_infrastructure_105|random-search#seed7,mediaOrch,105,146588263,mediaOrch_146588263_infrastructure_105,random-search,7,"{""iterations_count"": 1000, ""seed"": 7, ""time_budget_ms"": 300000}",ok,FEASIBLE,True,0.04898985055493489,0.04898985055493489,True,1.7306839649999999,87.461,1.0,300005.0,3175711,303.568,,5,793,
mediaOrch_146588263_infrastructure_105|evolutionary-heuristics#seed8,mediaOrch,105,146588263,mediaOrch_146588263_infrastructure_105,evolutionary-heuristics,8,"{""algorithm"": ""NSGAII"", ""max_evaluations"": 1000, ""operators"": ""UNIFORM"", ""population_size"": 20, ""seed"": 8, ""time_budget_ms"": 300000}",ok,FEASIBLE,True,0.021598898824938532,0.021598898824938532,True,1.7017166,38.0,1.0,300004.0,3294749,303.508,,5,793,
mediaOrch_146588263_infrastructure_105|random-search#seed8,mediaOrch,105,146588263,mediaOrch_146588263_infrastructure_105,random-search,8,"{""iterations_count"": 1000, ""seed"": 8, ""time_budget_ms"": 300000}",ok,FEASIBLE,True,0.04561837964403455,0.04561837964403455,True,6.638154725000001,69.383,1.0,299983.0,3198665,302.924,,5,793,
mediaOrch_146588263_infrastructure_105|evolutionary-heuristics#seed9,mediaOrch,105,146588263,mediaOrch_146588263_infrastructure_105,evolutionary-heuristics,9,"{""algorithm"": ""NSGAII"", ""max_evaluations"": 1000, ""operators"": ""UNIFORM"", ""population_size"": 20, ""seed"": 9, ""time_budget_ms"": 300000}",ok,FEASIBLE,True,0.021598898824938532,0.021598898824938532,True,1.7017166,38.0,1.0,300034.0,3331975,303.042,,5,793,
mediaOrch_146588263_infrastructure_105|random-search#seed9,mediaOrch,105,146588263,mediaOrch_146588263_infrastructure_105,random-search,9,"{""iterations_count"": 1000, ""seed"": 9, ""time_budget_ms"": 300000}",ok,FEASIBLE,True,0.03782488230977512,0.03782488230977512,True,5.1504374,58.922,1.0,300058.0,3301011,303.08,,5,793,
mediaOrch_146588263_infrastructure_105|evolutionary-heuristics#seed10,mediaOrch,105,146588263,mediaOrch_146588263_infrastructure_105,evolutionary-heuristics,10,"{""algorithm"": ""NSGAII"", ""max_evaluations"": 1000, ""operators"": ""UNIFORM"", ""population_size"": 20, ""seed"": 10, ""time_budget_ms"": 300000}",ok,FEASIBLE,True,0.051078326967438775,0.051078326967438775,True,22.49125,40.552,1.0,300009.0,3346716,302.845,,5,793,
mediaOrch_146588263_infrastructure_105|random-search#seed10,mediaOrch,105,146588263,mediaOrch_146588263_infrastructure_105,random-search,10,"{""iterations_count"": 1000, ""seed"": 10, ""time_budget_ms"": 300000}",ok,FEASIBLE,True,0.04747930451755595,0.04747930451755595,True,23.9784063,30.413,1.0,300009.0,3304687,303.168,,5,793,
mediaOrch_146588263_infrastructure_110|evolutionary-heuristics#seed1,mediaOrch,110,146588263,mediaOrch_146588263_infrastructure_110,evolutionary-heuristics,1,"{""algorithm"": ""NSGAII"", ""max_evaluations"": 1000, ""operators"": ""UNIFORM"", ""population_size"": 20, ""seed"": 1, ""time_budget_ms"": 300000}",ok,FEASIBLE,True,0.025392825993346902,0.025392825993346902,True,5.49822548,37.0,1.0,300009.0,2781294,303.499,,5,882,
mediaOrch_146588263_infrastructure_110|random-search#seed1,mediaOrch,110,146588263,mediaOrch_146588263_infrastructure_110,random-search,1,"{""iterations_count"": 1000, ""seed"": 1, ""time_budget_ms"": 300000}",ok,FEASIBLE,True,0.04980496643408931,0.04980496643408931,True,7.705758595000001,76.4905,1.0,300003.0,2634743,303.664,,5,882,
mediaOrch_146588263_infrastructure_110|evolutionary-heuristics#seed2,mediaOrch,110,146588263,mediaOrch_146588263_infrastructure_110,evolutionary-heuristics,2,"{""algorithm"": ""NSGAII"", ""max_evaluations"": 1000, ""operators"": ""UNIFORM"", ""population_size"": 20, ""seed"": 2, ""time_budget_ms"": 300000}",ok,FEASIBLE,True,0.0395555031005622,0.0395555031005622,True,12.68,47.468,1.0,299996.0,2867127,303.516,,5,882,
mediaOrch_146588263_infrastructure_110|random-search#seed2,mediaOrch,110,146588263,mediaOrch_146588263_infrastructure_110,random-search,2,"{""iterations_count"": 1000, ""seed"": 2, ""time_budget_ms"": 300000}",ok,FEASIBLE,True,0.042996928466515746,0.042996928466515746,True,5.52190367,68.78399999999999,1.0,300002.0,2692674,303.898,,5,882,
mediaOrch_146588263_infrastructure_110|evolutionary-heuristics#seed3,mediaOrch,110,146588263,mediaOrch_146588263_infrastructure_110,evolutionary-heuristics,3,"{""algorithm"": ""NSGAII"", ""max_evaluations"": 1000, ""operators"": ""UNIFORM"", ""population_size"": 20, ""seed"": 3, ""time_budget_ms"": 300000}",ok,FEASIBLE,True,0.0395555031005622,0.0395555031005622,True,12.68,47.468,1.0,300009.0,2858485,303.44,,5,882,
mediaOrch_146588263_infrastructure_110|random-search#seed3,mediaOrch,110,146588263,mediaOrch_146588263_infrastructure_110,random-search,3,"{""iterations_count"": 1000, ""seed"": 3, ""time_budget_ms"": 300000}",ok,FEASIBLE,True,0.04011517930127626,0.04011517930127626,True,13.16,47.468,1.0,300009.0,2693771,303.589,,5,882,
mediaOrch_146588263_infrastructure_110|evolutionary-heuristics#seed4,mediaOrch,110,146588263,mediaOrch_146588263_infrastructure_110,evolutionary-heuristics,4,"{""algorithm"": ""NSGAII"", ""max_evaluations"": 1000, ""operators"": ""UNIFORM"", ""population_size"": 20, ""seed"": 4, ""time_budget_ms"": 300000}",ok,FEASIBLE,True,0.0395555031005622,0.0395555031005622,True,12.68,47.468,1.0,300009.0,2855041,303.657,,5,882,
mediaOrch_146588263_infrastructure_110|random-search#seed4,mediaOrch,110,146588263,mediaOrch_146588263_infrastructure_110,random-search,4,"{""iterations_count"": 1000, ""seed"": 4, ""time_budget_ms"": 300000}",ok,FEASIBLE,True,0.04767080801091611,0.04767080801091611,True,19.64,47.468,1.0,300009.0,2683492,303.57,,5,882,
mediaOrch_146588263_infrastructure_110|evolutionary-heuristics#seed5,mediaOrch,110,146588263,mediaOrch_146588263_infrastructure_110,evolutionary-heuristics,5,"{""algorithm"": ""NSGAII"", ""max_evaluations"": 1000, ""operators"": ""UNIFORM"", ""population_size"": 20, ""seed"": 5, ""time_budget_ms"": 300000}",ok,FEASIBLE,True,0.02151912486106893,0.02151912486106893,True,1.7017166,38.0,1.0,299937.0,2837397,303.441,,5,882,
mediaOrch_146588263_infrastructure_110|random-search#seed5,mediaOrch,110,146588263,mediaOrch_146588263_infrastructure_110,random-search,5,"{""iterations_count"": 1000, ""seed"": 5, ""time_budget_ms"": 300000}",ok,FEASIBLE,True,0.047467818113424654,0.047467818113424654,True,3.964543125,80.1525,1.0,299934.0,2664841,303.333,,5,882,
mediaOrch_146588263_infrastructure_110|evolutionary-heuristics#seed6,mediaOrch,110,146588263,mediaOrch_146588263_infrastructure_110,evolutionary-heuristics,6,"{""algorithm"": ""NSGAII"", ""max_evaluations"": 1000, ""operators"": ""UNIFORM"", ""population_size"": 20, ""seed"": 6, ""time_budget_ms"": 300000}",ok,FEASIBLE,True,0.02151912486106893,0.02151912486106893,True,1.7017166,38.0,1.0,300004.0,2800641,303.517,,5,882,
mediaOrch_146588263_infrastructure_110|random-search#seed6,mediaOrch,110,146588263,mediaOrch_146588263_infrastructure_110,random-search,6,"{""iterations_count"": 1000, ""seed"": 6, ""time_budget_ms"": 300000}",ok,FEASIBLE,True,0.043820066259038476,0.043820066259038476,True,5.556288450000001,70.2,1.0,300003.0,2692291,303.706,,5,882,
mediaOrch_146588263_infrastructure_110|evolutionary-heuristics#seed7,mediaOrch,110,146588263,mediaOrch_146588263_infrastructure_110,evolutionary-heuristics,7,"{""algorithm"": ""NSGAII"", ""max_evaluations"": 1000, ""operators"": ""UNIFORM"", ""population_size"": 20, ""seed"": 7, ""time_budget_ms"": 300000}",ok,FEASIBLE,True,0.046866658592442566,0.046866658592442566,True,22.49125,40.002,1.0,300004.0,2829532,303.379,,5,882,
mediaOrch_146588263_infrastructure_110|random-search#seed7,mediaOrch,110,146588263,mediaOrch_146588263_infrastructure_110,random-search,7,"{""iterations_count"": 1000, ""seed"": 7, ""time_budget_ms"": 300000}",ok,FEASIBLE,True,0.0513511450551911,0.0513511450551911,True,21.435,50.338499999999996,1.0,300004.0,2524374,303.535,,5,882,
mediaOrch_146588263_infrastructure_110|evolutionary-heuristics#seed8,mediaOrch,110,146588263,mediaOrch_146588263_infrastructure_110,evolutionary-heuristics,8,"{""algorithm"": ""NSGAII"", ""max_evaluations"": 1000, ""operators"": ""UNIFORM"", ""population_size"": 20, ""seed"": 8, ""time_budget_ms"": 300000}",ok,FEASIBLE,True,0.0395555031005622,0.0395555031005622,True,12.68,47.468,1.0,299980.0,2665085,304.296,,5,882,
mediaOrch_146588263_infrastructure_110|random-search#seed8,mediaOrch,110,146588263,mediaOrch_146588263_infrastructure_110,random-search,8,"{""iterations_count"": 1000, ""seed"": 8, ""time_budget_ms"": 300000}",ok,FEASIBLE,True,0.04410661208755226,0.04410661208755226,True,5.083992445,71.714,1.0,299981.0,2668713,303.932,,5,882,
mediaOrch_146588263_infrastructure_110|evolutionary-heuristics#seed9,mediaOrch,110,146588263,mediaOrch_146588263_infrastructure_110,evolutionary-heuristics,9,"{""algorithm"": ""NSGAII"", ""max_evaluations"": 1000, ""operators"": ""UNIFORM"", ""population_size"": 20, ""seed"": 9, ""time_budget_ms"": 300000}",ok,FEASIBLE,True,0.025392825993346902,0.025392825993346902,True,5.49822548,37.0,1.0,300005.0,2904474,303.459,,5,882,
mediaOrch_146588263_infrastructure_110|random-search#seed9,mediaOrch,110,146588263,mediaOrch_146588263_infrastructure_110,random-search,9,"{""iterations_count"": 1000, ""seed"": 9, ""time_budget_ms"": 300000}",ok,FEASIBLE,True,0.04982017329905921,0.04982017329905921,True,16.47458537,58.028999999999996,1.0,300005.0,2653039,303.491,,5,882,
mediaOrch_146588263_infrastructure_110|evolutionary-heuristics#seed10,mediaOrch,110,146588263,mediaOrch_146588263_infrastructure_110,evolutionary-heuristics,10,"{""algorithm"": ""NSGAII"", ""max_evaluations"": 1000, ""operators"": ""UNIFORM"", ""population_size"": 20, ""seed"": 10, ""time_budget_ms"": 300000}",ok,FEASIBLE,True,0.046866658592442566,0.046866658592442566,True,22.49125,40.002,1.0,300005.0,2813407,303.963,,5,882,
mediaOrch_146588263_infrastructure_110|random-search#seed10,mediaOrch,110,146588263,mediaOrch_146588263_infrastructure_110,random-search,10,"{""iterations_count"": 1000, ""seed"": 10, ""time_budget_ms"": 300000}",ok,FEASIBLE,True,0.04477639267128907,0.04477639267128907,True,5.858565295,71.292,1.0,300005.0,2735986,303.681,,5,882,
mediaOrch_146588263_infrastructure_115|evolutionary-heuristics#seed1,mediaOrch,115,146588263,mediaOrch_146588263_infrastructure_115,evolutionary-heuristics,1,"{""algorithm"": ""NSGAII"", ""max_evaluations"": 1000, ""operators"": ""UNIFORM"", ""population_size"": 20, ""seed"": 1, ""time_budget_ms"": 300000}",ok,FEASIBLE,True,0.03373901491839005,0.03373901491839005,True,5.675009749999999,50.53,1.0,300005.0,3160809,303.522,,5,966,
mediaOrch_146588263_infrastructure_115|random-search#seed1,mediaOrch,115,146588263,mediaOrch_146588263_infrastructure_115,random-search,1,"{""iterations_count"": 1000, ""seed"": 1, ""time_budget_ms"": 300000}",ok,FEASIBLE,True,0.04446109096598123,0.04446109096598123,True,5.863581875000001,69.383,1.0,300011.0,2994829,303.714,,5,966,
mediaOrch_146588263_infrastructure_115|evolutionary-heuristics#seed2,mediaOrch,115,146588263,mediaOrch_146588263_infrastructure_115,evolutionary-heuristics,2,"{""algorithm"": ""NSGAII"", ""max_evaluations"": 1000, ""operators"": ""UNIFORM"", ""population_size"": 20, ""seed"": 2, ""time_budget_ms"": 300000}",ok,FEASIBLE,True,0.03373901491839005,0.03373901491839005,True,5.675009749999999,50.53,1.0,300014.0,3197835,303.903,,5,966,
mediaOrch_146588263_infrastructure_115|random-search#seed2,mediaOrch,115,146588263,mediaOrch_146588263_infrastructure_115,random-search,2,"{""iterations_count"": 1000, ""seed"": 2, ""time_budget_ms"": 300000}",ok,FEASIBLE,True,0.03918787326389475,0.03918787326389475,True,9.92501825,50.53,1.0,300009.0,2974112,303.487,,5,966,
mediaOrch_146588263_infrastructure_115|evolutionary-heuristics#seed3,mediaOrch,115,146588263,mediaOrch_146588263_infrastructure_115,evolutionary-heuristics,3,"{""algorithm"": ""NSGAII"", ""max_evaluations"": 1000, ""operators"": ""UNIFORM"", ""population_size"": 20, ""seed"": 3, ""time_budget_ms"": 300000}",ok,FEASIBLE,True,0.03373901491839005,0.03373901491839005,True,5.675009749999999,50.53,1.0,300009.0,3116088,303.645,,5,966,
mediaOrch_146588263_infrastructure_115|random-search#seed3,mediaOrch,115,146588263,mediaOrch_146588263_infrastructure_115,random-search,3,"{""iterations_count"": 1000, ""seed"": 3, ""time_budget_ms"": 300000}",ok,FEASIBLE,True,0.04807003215787565,0.04807003215787565,True,6.630866300000001,74.1055,1.0,300009.0,2981600,303.699,,5,966,
mediaOrch_146588263_infrastructure_115|evolutionary-heuristics#seed4,mediaOrch,115,146588263,mediaOrch_146588263_infrastructure_115,evolutionary-heuristics,4,"{""algorithm"": ""NSGAII"", ""max_evaluations"": 1000, ""operators"": ""UNIFORM"", ""population_size"": 20, ""seed"": 4, ""time_budget_ms"": 300000}",ok,FEASIBLE,True,0.027658775985099446,0.027658775985099446,True,5.49822548,40.0,1.0,300009.0,3194175,303.714,,5,966,
mediaOrch_146588263_infrastructure_115|random-search#seed4,mediaOrch,115,146588263,mediaOrch_146588263_infrastructure_115,random-search,4,"{""iterations_count"": 1000, ""seed"": 4, ""time_budget_ms"": 300000}",ok,FEASIBLE,True,0.04798822577204461,0.04798822577204461,True,13.1504534,58.922,1.0,299976.0,3042315,303.616,,5,966,
mediaOrch_146588263_infrastructure_115|evolutionary-heuristics#seed5,mediaOrch,115,146588263,mediaOrch_146588263_infrastructure_115,evolutionary-heuristics,5,"{""algorithm"": ""NSGAII"", ""max_evaluations"": 1000, ""operators"": ""UNIFORM"", ""population_size"": 20, ""seed"": 5, ""time_budget_ms"": 300000}",ok,FEASIBLE,True,0.021124055818717197,0.021124055818717197,True,1.26844236,38.0,1.0,299975.0,3248718,303.651,,5,966,
mediaOrch_146588263_infrastructure_115|random-search#seed5,mediaOrch,115,146588263,mediaOrch_146588263_infrastructure_115,random-search,5,"{""iterations_count"": 1000, ""seed"": 5, ""time_budget_ms"": 300000}",ok,FEASIBLE,True,0.04511751322812045,0.04511751322812045,True,14.5500275,50.53,1.0,300009.0,3043215,303.522,,5,966,
mediaOrch_146588263_infrastructure_115|evolutionary-heuristics#seed6,mediaOrch,115,146588263,mediaOrch_146588263_infrastructure_115,evolutionary-heuristics,6,"{""algorithm"": ""NSGAII"", ""max_evaluations"": 1000, ""operators"": ""UNIFORM"", ""population_size"": 20, ""seed"": 6, ""time_budget_ms"": 300000}",ok,FEASIBLE,True,0.021124055818717197,0.021124055818717197,True,1.26844236,38.0,1.0,300009.0,3218625,303.659,,5,966,
mediaOrch_146588263_infrastructure_115|random-search#seed6,mediaOrch,115,146588263,mediaOrch_146588263_infrastructure_115,random-search,6,"{""iterations_count"": 1000, ""seed"": 6, ""time_budget_ms"": 300000}",ok,FEASIBLE,True,0.0529563024988283,0.0529563024988283,True,17.025461149999998,58.922,1.0,300009.0,2948440,303.616,,5,966,
mediaOrch_146588263_infrastructure_115|evolutionary-heuristics#seed7,mediaOrch,115,146588263,mediaOrch_146588263_infrastructure_115,evolutionary-heuristics,7,"{""algorithm"": ""NSGAII"", ""max_evaluations"": 1000, ""operators"": ""UNIFORM"", ""population_size"": 20, ""seed"": 7, ""time_budget_ms"": 300000}",ok,FEASIBLE,True,0.021124055818717197,0.021124055818717197,True,1.26844236,38.0,1.0,300009.0,3032372,303.498,,5,966,
mediaOrch_146588263_infrastructure_115|random-search#seed7,mediaOrch,115,146588263,mediaOrch_146588263_infrastructure_115,random-search,7,"{""iterations_count"": 1000, ""seed"": 7, ""time_budget_ms"": 300000}",ok,FEASIBLE,True,0.049270310088633945,0.049270310088633945,True,14.150455399999998,58.922,1.0,299993.0,2953693,303.841,,5,966,
mediaOrch_146588263_infrastructure_115|evolutionary-heuristics#seed8,mediaOrch,115,146588263,mediaOrch_146588263_infrastructure_115,evolutionary-heuristics,8,"{""algorithm"": ""NSGAII"", ""max_evaluations"": 1000, ""operators"": ""UNIFORM"", ""population_size"": 20, ""seed"": 8, ""time_budget_ms"": 300000}",ok,FEASIBLE,True,0.03373901491839005,0.03373901491839005,True,5.675009749999999,50.53,1.0,299993.0,3152358,303.685,,5,966,
mediaOrch_146588263_infrastructure_115|random-search#seed8,mediaOrch,115,146588263,mediaOrch_146588263_infrastructure_115,random-search,8,"{""iterations_count"": 1000, ""seed"": 8, ""time_budget_ms"": 300000}",ok,FEASIBLE,True,0.05116951785457946,0.05116951785457946,True,6.06401642,80.9885,1.0,300009.0,2800558,303.803,,5,966,
mediaOrch_146588263_infrastructure_115|evolutionary-heuristics#seed9,mediaOrch,115,146588263,mediaOrch_146588263_infrastructure_115,evolutionary-heuristics,9,"{""algorithm"": ""NSGAII"", ""max_evaluations"": 1000, ""operators"": ""UNIFORM"", ""population_size"": 20, ""seed"": 9, ""time_budget_ms"": 300000}",ok,FEASIBLE,True,0.026681029067049396,0.026681029067049396,True,5.60277848,38.0,1.0,300008.0,2817365,304.182,,5,966,
mediaOrch_146588263_infrastructure_115|random-search#seed9,mediaOrch,115,146588263,mediaOrch_146588263_infrastructure_115,random-search,9,"{""iterations_count"": 1000, ""seed"": 9, ""time_budget_ms"": 300000}",ok,FEASIBLE,True,0.04319438675323644,0.04319438675323644,True,13.0500245,50.53,1.0,300010.0,2680506,303.78,,5,966,
mediaOrch_146588263_infrastructure_115|evolutionary-heuristics#seed10,mediaOrch,115,146588263,mediaOrch_146588263_infrastructure_115,evolutionary-heuristics,10,"{""algorithm"": ""NSGAII"", ""max_evaluations"": 1000, ""operators"": ""UNIFORM"", ""population_size"": 20, ""seed"": 10, ""time_budget_ms"": 300000}",ok,FEASIBLE,True,0.027658775985099446,0.027658775985099446,True,5.49822548,40.0,1.0,300010.0,2852165,304.047,,5,966,
mediaOrch_146588263_infrastructure_115|random-search#seed10,mediaOrch,115,146588263,mediaOrch_146588263_infrastructure_115,random-search,10,"{""iterations_count"": 1000, ""seed"": 10, ""time_budget_ms"": 300000}",ok,FEASIBLE,True,0.0473611607821518,0.0473611607821518,True,16.300031,50.53,1.0,299993.0,2739737,304.557,,5,966,
mediaOrch_146588263_infrastructure_120|evolutionary-heuristics#seed1,mediaOrch,120,146588263,mediaOrch_146588263_infrastructure_120,evolutionary-heuristics,1,"{""algorithm"": ""NSGAII"", ""max_evaluations"": 1000, ""operators"": ""UNIFORM"", ""population_size"": 20, ""seed"": 1, ""time_budget_ms"": 300000}",ok,FEASIBLE,True,0.024177579437338354,0.024177579437338354,True,4.19649388,38.0,1.0,299994.0,2757922,304.577,,5,996,
mediaOrch_146588263_infrastructure_120|random-search#seed1,mediaOrch,120,146588263,mediaOrch_146588263_infrastructure_120,random-search,1,"{""iterations_count"": 1000, ""seed"": 1, ""time_budget_ms"": 300000}",ok,FEASIBLE,True,0.03464707511236457,0.03464707511236457,True,3.72629195,57.922,1.0,300009.0,2612834,304.327,,5,996,
mediaOrch_146588263_infrastructure_120|evolutionary-heuristics#seed2,mediaOrch,120,146588263,mediaOrch_146588263_infrastructure_120,evolutionary-heuristics,2,"{""algorithm"": ""NSGAII"", ""max_evaluations"": 1000, ""operators"": ""UNIFORM"", ""population_size"": 20, ""seed"": 2, ""time_budget_ms"": 300000}",ok,FEASIBLE,True,0.026161050102489668,0.026161050102489668,True,5.49822548,39.0,1.0,300009.0,2632394,304.439,,5,996,
mediaOrch_146588263_infrastructure_120|random-search#seed2,mediaOrch,120,146588263,mediaOrch_146588263_infrastructure_120,random-search,2,"{""iterations_count"": 1000, ""seed"": 2, ""time_budget_ms"": 300000}",ok,FEASIBLE,True,0.04202433771521819,0.04202433771521819,True,10.0500185,58.685,1.0,300009.0,2593151,305.317,,5,996,
mediaOrch_146588263_infrastructure_120|evolutionary-heuristics#seed3,mediaOrch,120,146588263,mediaOrch_146588263_infrastructure_120,evolutionary-heuristics,3,"{""algorithm"": ""NSGAII"", ""max_evaluations"": 1000, ""operators"": ""UNIFORM"", ""population_size"": 20, ""seed"": 3, ""time_budget_ms"": 300000}",ok,FEASIBLE,True,0.020881687214074348,0.020881687214074348,True,1.7017166,37.0,1.0,300009.0,2816248,304.239,,5,996,
mediaOrch_146588263_infrastructure_120|random-search#seed3,mediaOrch,120,146588263,mediaOrch_146588263_infrastructure_120,random-search,3,"{""iterations_count"": 1000, ""seed"": 3, ""time_budget_ms"": 300000}",ok,FEASIBLE,True,0.041068643669309374,0.041068643669309374,True,22.853404049999998,31.413,1.0,299964.0,2639519,304.002,,5,996,
mediaOrch_146588263_infrastructure_120|evolutionary-heuristics#seed4,mediaOrch,120,146588263,mediaOrch_146588263_infrastructure_120,evolutionary-heuristics,4,"{""algorithm"": ""NSGAII"", ""max_evaluations"": 1000, ""operators"": ""UNIFORM"", ""population_size"": 20, ""seed"": 4, ""time_budget_ms"": 300000}",ok,FEASIBLE,True,0.023676739938598257,0.023676739938598257,True,4.24253556,37.0,1.0,299963.0,2837904,304.707,,5,996,
mediaOrch_146588263_infrastructure_120|random-search#seed4,mediaOrch,120,146588263,mediaOrch_146588263_infrastructure_120,random-search,4,"{""iterations_count"": 1000, ""seed"": 4, ""time_budget_ms"": 300000}",ok,FEASIBLE,True,0.042773681891811334,0.042773681891811334,True,2.306176495,75.4905,1.0,300007.0,2640180,304.234,,5,996,
mediaOrch_146588263_infrastructure_120|evolutionary-heuristics#seed5,mediaOrch,120,146588263,mediaOrch_146588263_infrastructure_120,evolutionary-heuristics,5,"{""algorithm"": ""NSGAII"", ""max_evaluations"": 1000, ""operators"": ""UNIFORM"", ""population_size"": 20, ""seed"": 5, ""time_budget_ms"": 300000}",ok,FEASIBLE,True,0.026161050102489668,0.026161050102489668,True,5.49822548,39.0,1.0,300007.0,2773717,304.159,,5,996,
mediaOrch_146588263_infrastructure_120|random-search#seed5,mediaOrch,120,146588263,mediaOrch_146588263_infrastructure_120,random-search,5,"{""iterations_count"": 1000, ""seed"": 5, ""time_budget_ms"": 300000}",ok,FEASIBLE,True,0.04224433774742899,0.04224433774742899,True,5.388152225,68.383,1.0,300007.0,2644474,304.785,,5,996,
mediaOrch_146588263_infrastructure_120|evolutionary-heuristics#seed6,mediaOrch,120,146588263,mediaOrch_146588263_infrastructure_120,evolutionary-heuristics,6,"{""algorithm"": ""NSGAII"", ""max_evaluations"": 1000, ""operators"": ""UNIFORM"", ""population_size"": 20, ""seed"": 6, ""time_budget_ms"": 300000}",ok,FEASIBLE,True,0.020881687214074348,0.020881687214074348,True,1.7017166,37.0,1.0,300007.0,2765869,304.101,,5,996,
mediaOrch_146588263_infrastructure_120|random-search#seed6,mediaOrch,120,146588263,mediaOrch_146588263_infrastructure_120,random-search,6,"{""iterations_count"": 1000, ""seed"": 6, ""time_budget_ms"": 300000}",ok,FEASIBLE,True,0.036686714117465234,0.036686714117465234,True,4.52411549,60.028999999999996,1.0,300018.0,2606628,304.271,,5,996,
mediaOrch_146588263_infrastructure_120|evolutionary-heuristics#seed7,mediaOrch,120,146588263,mediaOrch_146588263_infrastructure_120,evolutionary-heuristics,7,"{""algorithm"": ""NSGAII"", ""max_evaluations"": 1000, ""operators"": ""UNIFORM"", ""population_size"": 20, ""seed"": 7, ""time_budget_ms"": 300000}",ok,FEASIBLE,True,0.020881687214074348,0.020881687214074348,True,1.7017166,37.0,1.0,300019.0,2763446,304.759,,5,996,
mediaOrch_146588263_infrastructure_120|random-search#seed7,mediaOrch,120,146588263,mediaOrch_146588263_infrastructure_120,random-search,7,"{""iterations_count"": 1000, ""seed"": 7, ""time_budget_ms"": 300000}",ok,FEASIBLE,True,0.04210313946727396,0.04210313946727396,True,7.953670110000001,63.009499999999996,1.0,300009.0,2649831,304.202,,5,996,
mediaOrch_146588263_infrastructure_120|evolutionary-heuristics#seed8,mediaOrch,120,146588263,mediaOrch_146588263_infrastructure_120,evolutionary-heuristics,8,"{""algorithm"": ""NSGAII"", ""max_evaluations"": 1000, ""operators"": ""UNIFORM"", ""population_size"": 20, ""seed"": 8, ""time_budget_ms"": 300000}",ok,FEASIBLE,True,0.026161050102489668,0.026161050102489668,True,5.49822548,39.0,1.0,300009.0,2822767,304.127,,5,996,
mediaOrch_146588263_infrastructure_120|random-search#seed8,mediaOrch,120,146588263,mediaOrch_146588263_infrastructure_120,random-search,8,"{""iterations_count"": 1000, ""seed"": 8, ""time_budget_ms"": 300000}",ok,FEASIBLE,True,0.04487670825704442,0.04487670825704442,True,13.025453149999999,57.922,1.0,300010.0,2631186,304.841,,5,996,
mediaOrch_146588263_infrastructure_120|evolutionary-heuristics#seed9,mediaOrch,120,146588263,mediaOrch_146588263_infrastructure_120,evolutionary-heuristics,9,"{""algorithm"": ""NSGAII"", ""max_evaluations"": 1000, ""operators"": ""UNIFORM"", ""population_size"": 20, ""seed"": 9, ""time_budget_ms"": 300000}",ok,FEASIBLE,True,0.020881687214074348,0.020881687214074348,True,1.7017166,37.0,1.0,300010.0,2814831,304.384,,5,996,
mediaOrch_146588263_infrastructure_120|random-search#seed9,mediaOrch,120,146588263,mediaOrch_146588263_infrastructure_120,random-search,9,"{""iterations_count"": 1000, ""seed"": 9, ""time_budget_ms"": 300000}",ok,FEASIBLE,True,0.050113196926676914,0.050113196926676914,True,23.46340155,46.5965,1.0,300001.0,2828635,304.067,,5,996,
mediaOrch_146588263_infrastructure_120|evolutionary-heuristics#seed10,mediaOrch,120,146588263,mediaOrch_146588263_infrastructure_120,evolutionary-heuristics,10,"{""algorithm"": ""NSGAII"", ""max_evaluations"": 1000, ""operators"": ""UNIFORM"", ""population_size"": 20, ""seed"": 10, ""time_budget_ms"": 300000}",ok,FEASIBLE,True,0.026161050102489668,0.026161050102489668,True,5.49822548,39.0,1.0,300001.0,3169094,303.735,,5,996,
mediaOrch_146588263_infrastructure_120|random-search#seed10,mediaOrch,120,146588263,mediaOrch_146588263_infrastructure_120,random-search,10,"{""iterations_count"": 1000, ""seed"": 10, ""time_budget_ms"": 300000}",ok,FEASIBLE,True,0.041857495988666345,0.041857495988666345,True,9.22457087,60.028999999999996,1.0,300010.0,2929115,303.892,,5,996,
mediaOrch_146588263_infrastructure_125|evolutionary-heuristics#seed1,mediaOrch,125,146588263,mediaOrch_146588263_infrastructure_125,evolutionary-heuristics,1,"{""algorithm"": ""NSGAII"", ""max_evaluations"": 1000, ""operators"": ""UNIFORM"", ""population_size"": 20, ""seed"": 1, ""time_budget_ms"": 300000}",ok,FEASIBLE,True,0.04192195636464811,0.04192195636464811,True,12.68,50.931,1.0,300009.0,3242846,303.83,,5,987,
mediaOrch_146588263_infrastructure_125|random-search#seed1,mediaOrch,125,146588263,mediaOrch_146588263_infrastructure_125,random-search,1,"{""iterations_count"": 1000, ""seed"": 1, ""time_budget_ms"": 300000}",ok,FEASIBLE,True,0.04413464706238183,0.04413464706238183,True,9.912732575,60.917,1.0,300009.0,3024037,303.84,,5,987,
mediaOrch_146588263_infrastructure_125|evolutionary-heuristics#seed2,mediaOrch,125,146588263,mediaOrch_146588263_infrastructure_125,evolutionary-heuristics,2,"{""algorithm"": ""NSGAII"", ""max_evaluations"": 1000, ""operators"": ""UNIFORM"", ""population_size"": 20, ""seed"": 2, ""time_budget_ms"": 300000}",ok,FEASIBLE,True,0.0210249172077435,0.0210249172077435,True,1.7017166,37.0,1.0,300008.0,3199589,303.786,,5,987,
mediaOrch_146588263_infrastructure_125|random-search#seed2,mediaOrch,125,146588263,mediaOrch_146588263_infrastructure_125,random-search,2,"{""iterations_count"": 1000, ""seed"": 2, ""time_budget_ms"": 300000}",ok,FEASIBLE,True,0.045103468336048363,0.045103468336048363,True,15.5500295,50.456,1.0,300007.0,3055300,303.829,,5,987,
mediaOrch_146588263_infrastructure_125|evolutionary-heuristics#seed3,mediaOrch,125,146588263,mediaOrch_146588263_infrastructure_125,evolutionary-heuristics,3,"{""algorithm"": ""NSGAII"", ""max_evaluations"": 1000, ""operators"": ""UNIFORM"", ""population_size"": 20, ""seed"": 3, ""time_budget_ms"": 300000}",ok,FEASIBLE,True,0.0210249172077435,0.0210249172077435,True,1.7017166,37.0,1.0,300008.0,3029858,304.072,,5,987,
mediaOrch_146588263_infrastructure_125|random-search#seed3,mediaOrch,125,146588263,mediaOrch_146588263_infrastructure_125,random-search,3,"{""iterations_count"": 1000, ""seed"": 3, ""time_budget_ms"": 300000}",ok,FEASIBLE,True,0.04484748967587693,0.04484748967587693,True,6.061841555000001,70.5435,1.0,300010.0,2946369,303.69,,5,987,
mediaOrch_146588263_infrastructure_125|evolutionary-heuristics#seed4,mediaOrch,125,146588263,mediaOrch_146588263_infrastructure_125,evolutionary-heuristics,4,"{""algorithm"": ""NSGAII"", ""max_evaluations"": 1000, ""operators"": ""UNIFORM"", ""population_size"": 20, ""seed"": 4, ""time_budget_ms"": 300000}",ok,FEASIBLE,True,0.0210249172077435,0.0210249172077435,True,1.7017166,37.0,1.0,300009.0,3231345,303.659,,5,987,
mediaOrch_146588263_infrastructure_125|random-search#seed4,mediaOrch,125,146588263,mediaOrch_146588263_infrastructure_125,random-search,4,"{""iterations_count"": 1000, ""seed"": 4, ""time_budget_ms"": 300000}",ok,FEASIBLE,True,0.04779807614755764,0.04779807614755764,True,25.04370306,34.757000000000005,1.0,300009.0,3085212,303.742,,5,987,
mediaOrch_146588263_infrastructure_125|evolutionary-heuristics#seed5,mediaOrch,125,146588263,mediaOrch_146588263_infrastructure_125,evolutionary-heuristics,5,"{""algorithm"": ""NSGAII"", ""max_evaluations"": 1000, ""operators"": ""UNIFORM"", ""population_size"": 20, ""seed"": 5, ""time_budget_ms"": 300000}",ok,FEASIBLE,True,0.0210249172077435,0.0210249172077435,True,1.7017166,37.0,1.0,300002.0,3202622,303.96,,5,987,
mediaOrch_146588263_infrastructure_125|random-search#seed5,mediaOrch,125,146588263,mediaOrch_146588263_infrastructure_125,random-search,5,"{""iterations_count"": 1000, ""seed"": 5, ""time_budget_ms"": 300000}",ok,FEASIBLE,True,0.04791763331532106,0.04791763331532106,True,13.47457937,60.028999999999996,1.0,299999.0,3078427,303.776,,5,987,
mediaOrch_146588263_infrastructure_125|evolutionary-heuristics#seed6,mediaOrch,125,146588263,mediaOrch_146588263_infrastructure_125,evolutionary-heuristics,6,"{""algorithm"": ""NSGAII"", ""max_evaluations"": 1000, ""operators"": ""UNIFORM"", ""population_size"": 20, ""seed"": 6, ""time_budget_ms"": 300000}",ok,FEASIBLE,True,0.02681553508519145,0.02681553508519145,True,5.60277848,39.0,1.0,300006.0,3253776,303.693,,5,987,
mediaOrch_146588263_infrastructure_125|random-search#seed6,mediaOrch,125,146588263,mediaOrch_146588263_infrastructure_125,random-search,6,"{""iterations_count"": 1000, ""seed"": 6, ""time_budget_ms"": 300000}",ok,FEASIBLE,True,0.043866242360413206,0.043866242360413206,True,7.534234180000001,65.584,1.0,300010.0,3095091,303.733,,5,987,
mediaOrch_146588263_infrastructure_125|evolutionary-heuristics#seed7,mediaOrch,125,146588263,mediaOrch_146588263_infrastructure_125,evolutionary-heuristics,7,"{""algorithm"": ""NSGAII"", ""max_evaluations"": 1000, ""operators"": ""UNIFORM"", ""population_size"": 20, ""seed"": 7, ""time_budget_ms"": 300000}",ok,FEASIBLE,True,0.0210249172077435,0.0210249172077435,True,1.7017166,37.0,1.0,300009.0,3167529,303.697,,5,987,
mediaOrch_146588263_infrastructure_125|random-search#seed7,mediaOrch,125,146588263,mediaOrch_146588263_infrastructure_125,random-search,7,"{""iterations_count"": 1000, ""seed"": 7, ""time_budget_ms"": 300000}",ok,FEASIBLE,True,0.0487778335140587,0.0487778335140587,True,6.079434685000001,77.5975,1.0,300009.0,3043194,303.888,,5,987,
mediaOrch_146588263_infrastructure_125|evolutionary-heuristics#seed8,mediaOrch,125,146588263,mediaOrch_146588263_infrastructure_125,evolutionary-heuristics,8,"{""algorithm"": ""NSGAII"", ""max_evaluations"": 1000, ""operators"": ""UNIFORM"", ""population_size"": 20, ""seed"": 8, ""time_budget_ms"": 300000}",ok,FEASIBLE,True,0.04192195636464811,0.04192195636464811,True,12.68,50.931,1.0,299955.0,3277097,303.632,,5,987,
mediaOrch_146588263_infrastructure_125|random-search#seed8,mediaOrch,125,146588263,mediaOrch_146588263_infrastructure_125,random-search,8,"{""iterations_count"": 1000, ""seed"": 8, ""time_budget_ms"": 300000}",ok,FEASIBLE,True,0.04962179402014437,0.04962179402014437,True,12.86190167,64.431,1.0,299954.0,3104333,303.627,,5,987,
mediaOrch_146588263_infrastructure_125|evolutionary-heuristics#seed9,mediaOrch,125,146588263,mediaOrch_146588263_infrastructure_125,evolutionary-heuristics,9,"{""algorithm"": ""NSGAII"", ""max_evaluations"": 1000, ""operators"": ""UNIFORM"", ""population_size"": 20, ""seed"": 9, ""time_budget_ms"": 300000}",ok,FEASIBLE,True,0.0210249172077435,0.0210249172077435,True,1.7017166,37.0,1.0,300006.0,3224160,304.289,,5,987,
mediaOrch_146588263_infrastructure_125|random-search#seed9,mediaOrch,125,146588263,mediaOrch_146588263_infrastructure_125,random-search,9,"{""iterations_count"": 1000, ""seed"": 9, ""time_budget_ms"": 300000}",ok,FEASIBLE,True,0.04080976846756208,0.04080976846756208,True,8.52544415,57.922,1.0,300006.0,3084877,303.784,,5,987,
mediaOrch_146588263_infrastructure_125|evolutionary-heuristics#seed10,mediaOrch,125,146588263,mediaOrch_146588263_infrastructure_125,evolutionary-heuristics,10,"{""algorithm"": ""NSGAII"", ""max_evaluations"": 1000, ""operators"": ""UNIFORM"", ""population_size"": 20, ""seed"": 10, ""time_budget_ms"": 300000}",ok,FEASIBLE,True,0.05164408712251828,0.05164408712251828,True,22.49125,47.225,1.0,300007.0,3250758,303.712,,5,987,
mediaOrch_146588263_infrastructure_125|random-search#seed10,mediaOrch,125,146588263,mediaOrch_146588263_infrastructure_125,random-search,10,"{""iterations_count"": 1000, ""seed"": 10, ""time_budget_ms"": 300000}",ok,FEASIBLE,True,0.03520139353201992,0.03520139353201992,True,7.300013,50.456,1.0,300006.0,3094414,303.678,,5,987,
mediaOrch_146588263_infrastructure_130|evolutionary-heuristics#seed1,mediaOrch,130,146588263,mediaOrch_146588263_infrastructure_130,evolutionary-heuristics,1,"{""algorithm"": ""NSGAII"", ""max_evaluations"": 1000, ""operators"": ""UNIFORM"", ""population_size"": 20, ""seed"": 1, ""time_budget_ms"": 300000}",ok,FEASIBLE,True,0.025359615890677246,0.025359615890677246,True,4.24253556,38.0,1.0,300019.0,3522809,303.426,,5,827,
mediaOrch_146588263_infrastructure_130|random-search#seed1,mediaOrch,130,146588263,mediaOrch_146588263_infrastructure_130,random-search,1,"{""iterations_count"": 1000, ""seed"": 1, ""time_budget_ms"": 300000}",ok,FEASIBLE,True,0.04730102574736115,0.04730102574736115,True,9.940016,62.5935,1.0,300021.0,3422839,303.319,,5,827,
mediaOrch_146588263_infrastructure_130|evolutionary-heuristics#seed2,mediaOrch,130,146588263,mediaOrch_146588263_infrastructure_130,evolutionary-heuristics,2,"{""algorithm"": ""NSGAII"", ""max_evaluations"": 1000, ""operators"": ""UNIFORM"", ""population_size"": 20, ""seed"": 2, ""time_budget_ms"": 300000}",ok,FEASIBLE,True,0.027752460526002193,0.027752460526002193,True,5.49822548,39.0,1.0,300003.0,3498568,303.205,,5,827,
mediaOrch_146588263_infrastructure_130|random-search#seed2,mediaOrch,130,146588263,mediaOrch_146588263_infrastructure_130,random-search,2,"{""iterations_count"": 1000, ""seed"": 2, ""time_budget_ms"": 300000}",ok,FEASIBLE,True,0.05049744345305807,0.05049744345305807,True,7.98225698,73.5685,1.0,300003.0,3434375,303.382,,5,827,
mediaOrch_146588263_infrastructure_130|evolutionary-heuristics#seed3,mediaOrch,130,146588263,mediaOrch_146588263_infrastructure_130,evolutionary-heuristics,3,"{""algorithm"": ""NSGAII"", ""max_evaluations"": 1000, ""operators"": ""UNIFORM"", ""population_size"": 20, ""seed"": 3, ""time_budget_ms"": 300000}",ok,FEASIBLE,True,0.03265942084295974,0.03265942084295974,True,5.675009749999999,47.41,1.0,300010.0,3483737,303.357,,5,827,
mediaOrch_146588263_infrastructure_130|random-search#seed3,mediaOrch,130,146588263,mediaOrch_146588263_infrastructure_130,random-search,3,"{""iterations_count"": 1000, ""seed"": 3, ""time_budget_ms"": 300000}",ok,FEASIBLE,True,0.04391064671782845,0.04391064671782845,True,9.387294185,57.924499999999995,1.0,300010.0,3443389,304.662,,5,827,
mediaOrch_146588263_infrastructure_130|evolutionary-heuristics#seed4,mediaOrch,130,146588263,mediaOrch_146588263_infrastructure_130,evolutionary-heuristics,4,"{""algorithm"": ""NSGAII"", ""max_evaluations"": 1000, ""operators"": ""UNIFORM"", ""population_size"": 20, ""seed"": 4, ""time_budget_ms"": 300000}",ok,FEASIBLE,True,0.027353018383502826,0.027353018383502826,True,5.60277848,38.0,1.0,299984.0,3423935,303.758,,5,827,
mediaOrch_146588263_infrastructure_130|random-search#seed4,mediaOrch,130,146588263,mediaOrch_146588263_infrastructure_130,random-search,4,"{""iterations_count"": 1000, ""seed"": 4, ""time_budget_ms"": 300000}",ok,FEASIBLE,True,0.04366176487625139,0.04366176487625139,True,8.358570295,60.202,1.0,299983.0,3396657,303.408,,5,827,
mediaOrch_146588263_infrastructure_130|evolutionary-heuristics#seed5,mediaOrch,130,146588263,mediaOrch_146588263_infrastructure_130,evolutionary-heuristics,5,"{""algorithm"": ""NSGAII"", ""max_evaluations"": 1000, ""operators"": ""UNIFORM"", ""population_size"": 20, ""seed"": 5, ""time_budget_ms"": 300000}",ok,FEASIBLE,True,0.022741432269145188,0.022741432269145188,True,1.7017166,40.0,1.0,300009.0,3337981,303.419,,5,827,
mediaOrch_146588263_infrastructure_130|random-search#seed5,mediaOrch,130,146588263,mediaOrch_146588263_infrastructure_130,random-search,5,"{""iterations_count"": 1000, ""seed"": 5, ""time_budget_ms"": 300000}",ok,FEASIBLE,True,0.051682805155749606,0.051682805155749606,True,12.930021499999999,62.5935,1.0,300009.0,3182978,303.302,,5,827,
mediaOrch_146588263_infrastructure_130|evolutionary-heuristics#seed6,mediaOrch,130,146588263,mediaOrch_146588263_infrastructure_130,evolutionary-heuristics,6,"{""algorithm"": ""NSGAII"", ""max_evaluations"": 1000, ""operators"": ""UNIFORM"", ""population_size"": 20, ""seed"": 6, ""time_budget_ms"": 300000}",ok,FEASIBLE,True,0.022741432269145188,0.022741432269145188,True,1.7017166,40.0,1.0,300009.0,3249484,303.638,,5,827,
mediaOrch_146588263_infrastructure_130|random-search#seed6,mediaOrch,130,146588263,mediaOrch_146588263_infrastructure_130,random-search,6,"{""iterations_count"": 1000, ""seed"": 6, ""time_budget_ms"": 300000}",ok,FEASIBLE,True,0.045299171165507746,0.045299171165507746,True,14.300027,47.41,1.0,300010.0,3302417,305.127,,5,827,
mediaOrch_146588263_infrastructure_130|evolutionary-heuristics#seed7,mediaOrch,130,146588263,mediaOrch_146588263_infrastructure_130,evolutionary-heuristics,7,"{""algorithm"": ""NSGAII"", ""max_evaluations"": 1000, ""operators"": ""UNIFORM"", ""population_size"": 20, ""seed"": 7, ""time_budget_ms"": 300000}",ok,FEASIBLE,True,0.0204484935773978,0.0204484935773978,True,1.26844236,37.0,1.0,300006.0,3472004,303.798,,5,827,
mediaOrch_146588263_infrastructure_130|random-search#seed7,mediaOrch,130,146588263,mediaOrch_146588263_infrastructure_130,random-search,7,"{""iterations_count"": 1000, ""seed"": 7, ""time_budget_ms"": 300000}",ok,FEASIBLE,True,0.04850430306123236,0.04850430306123236,True,5.665436150000001,76.1055,1.0,300006.0,3420730,303.495,,5,827,
mediaOrch_146588263_infrastructure_130|evolutionary-heuristics#seed8,mediaOrch,130,146588263,mediaOrch_146588263_infrastructure_130,evolutionary-heuristics,8,"{""algorithm"": ""NSGAII"", ""max_evaluations"": 1000, ""operators"": ""UNIFORM"", ""population_size"": 20, ""seed"": 8, ""time_budget_ms"": 300000}",ok,FEASIBLE,True,0.03265942084295974,0.03265942084295974,True,5.675009749999999,47.41,1.0,300009.0,3474061,303.374,,5,827,
mediaOrch_146588263_infrastructure_130|random-search#seed8,mediaOrch,130,146588263,mediaOrch_146588263_infrastructure_130,random-search,8,"{""iterations_count"": 1000, ""seed"": 8, ""time_budget_ms"": 300000}",ok,FEASIBLE,True,0.057258211803748627,0.057258211803748627,True,13.736410925000001,70.5435,1.0,300009.0,3425557,303.782,,5,827,
mediaOrch_146588263_infrastructure_130|evolutionary-heuristics#seed9,mediaOrch,130,146588263,mediaOrch_146588263_infrastructure_130,evolutionary-heuristics,9,"{""algorithm"": ""NSGAII"", ""max_evaluations"": 1000, ""operators"": ""UNIFORM"", ""population_size"": 20, ""seed"": 9, ""time_budget_ms"": 300000}",ok,FEASIBLE,True,0.022741432269145188,0.022741432269145188,True,1.7017166,40.0,1.0,300009.0,3503155,303.414,,5,827,
mediaOrch_146588263_infrastructure_130|random-search#seed9,mediaOrch,130,146588263,mediaOrch_146588263_infrastructure_130,random-search,9,"{""iterations_count"": 1000, ""seed"": 9, ""time_budget_ms"": 300000}",ok,FEASIBLE,True,0.053895678089560105,0.053895678089560105,True,14.440024999999999,62.5935,1.0,300009.0,3454701,303.234,,5,827,
mediaOrch_146588263_infrastructure_130|evolutionary-heuristics#seed10,mediaOrch,130,146588263,mediaOrch_146588263_infrastructure_130,evolutionary-heuristics,10,"{""algorithm"": ""NSGAII"", ""max_evaluations"": 1000, ""operators"": ""UNIFORM"", ""population_size"": 20, ""seed"": 10, ""time_budget_ms"": 300000}",ok,FEASIBLE,True,0.03265942084295974,0.03265942084295974,True,5.675009749999999,47.41,1.0,299951.0,3567773,303.127,,5,827,
mediaOrch_146588263_infrastructure_130|random-search#seed10,mediaOrch,130,146588263,mediaOrch_146588263_infrastructure_130,random-search,10,"{""iterations_count"": 1000, ""seed"": 10, ""time_budget_ms"": 300000}",ok,FEASIBLE,True,0.038887703610592086,0.038887703610592086,True,9.92501825,47.41,1.0,299950.0,3443871,303.272,,5,827,
mediaOrch_146588263_infrastructure_135|evolutionary-heuristics#seed1,mediaOrch,135,146588263,mediaOrch_146588263_infrastructure_135,evolutionary-heuristics,1,"{""algorithm"": ""NSGAII"", ""max_evaluations"": 1000, ""operators"": ""UNIFORM"", ""population_size"": 20, ""seed"": 1, ""time_budget_ms"": 300000}",ok,FEASIBLE,True,0.02149505515795155,0.02149505515795155,True,1.7017166,38.0,1.0,300006.0,2826371,304.378,,5,1043,
mediaOrch_146588263_infrastructure_135|random-search#seed1,mediaOrch,135,146588263,mediaOrch_146588263_infrastructure_135,random-search,1,"{""iterations_count"": 1000, ""seed"": 1, ""time_budget_ms"": 300000}",ok,FEASIBLE,True,0.041346670067781616,0.041346670067781616,True,5.9008571850000004,65.461,1.0,300006.0,2650446,304.454,,5,1043,
mediaOrch_146588263_infrastructure_135|evolutionary-heuristics#seed2,mediaOrch,135,146588263,mediaOrch_146588263_infrastructure_135,evolutionary-heuristics,2,"{""algorithm"": ""NSGAII"", ""max_evaluations"": 1000, ""operators"": ""UNIFORM"", ""population_size"": 20, ""seed"": 2, ""time_budget_ms"": 300000}",ok,FEASIBLE,True,0.024735442514567982,0.024735442514567982,True,5.1155736,37.0,1.0,300006.0,2724830,304.703,,5,1043,
mediaOrch_146588263_infrastructure_135|random-search#seed2,mediaOrch,135,146588263,mediaOrch_146588263_infrastructure_135,random-search,2,"{""iterations_count"": 1000, ""seed"": 2, ""time_budget_ms"": 300000}",ok,FEASIBLE,True,0.05032075487154536,0.05032075487154536,True,12.880001,67.66550000000001,1.0,300006.0,2659151,304.392,,5,1043,
mediaOrch_146588263_infrastructure_135|evolutionary-heuristics#seed3,mediaOrch,135,146588263,mediaOrch_146588263_infrastructure_135,evolutionary-heuristics,3,"{""algorithm"": ""NSGAII"", ""max_evaluations"": 1000, ""operators"": ""UNIFORM"", ""population_size"": 20, ""seed"": 3, ""time_budget_ms"": 300000}",ok,FEASIBLE,True,0.04170219855098655,0.04170219855098655,True,12.68,52.482,1.0,300024.0,2858970,304.551,,5,1043,
mediaOrch_146588263_infrastructure_135|random-search#seed3,mediaOrch,135,146588263,mediaOrch_146588263_infrastructure_135,random-search,3,"{""iterations_count"": 1000, ""seed"": 3, ""time_budget_ms"": 300000}",ok,FEASIBLE,True,0.053162504907895154,0.053162504907895154,True,12.08044515,74.411,1.0,300026.0,2606696,304.392,,5,1043,
mediaOrch_146588263_infrastructure_135|evolutionary-heuristics#seed4,mediaOrch,135,146588263,mediaOrch_146588263_infrastructure_135,evolutionary-heuristics,4,"{""algorithm"": ""NSGAII"", ""max_evaluations"": 1000, ""operators"": ""UNIFORM"", ""population_size"": 20, ""seed"": 4, ""time_budget_ms"": 300000}",ok,FEASIBLE,True,0.024871328062857707,0.024871328062857707,True,4.24253556,39.0,1.0,300009.0,2779948,304.431,,5,1043,
mediaOrch_146588263_infrastructure_135|random-search#seed4,mediaOrch,135,146588263,mediaOrch_146588263_infrastructure_135,random-search,4,"{""iterations_count"": 1000, ""seed"": 4, ""time_budget_ms"": 300000}",ok,FEASIBLE,True,0.04421069103783046,0.04421069103783046,True,8.417125590000001,65.584,1.0,299993.0,2721840,304.743,,5,1043,
mediaOrch_146588263_infrastructure_135|evolutionary-heuristics#seed5,mediaOrch,135,146588263,mediaOrch_146588263_infrastructure_135,evolutionary-heuristics,5,"{""algorithm"": ""NSGAII"", ""max_evaluations"": 1000, ""operators"": ""UNIFORM"", ""population_size"": 20, ""seed"": 5, ""time_budget_ms"": 300000}",ok,FEASIBLE,True,0.02149505515795155,0.02149505515795155,True,1.7017166,38.0,1.0,299994.0,2785754,304.321,,5,1043,
mediaOrch_146588263_infrastructure_135|random-search#seed5,mediaOrch,135,146588263,mediaOrch_146588263_infrastructure_135,random-search,5,"{""iterations_count"": 1000, ""seed"": 5, ""time_budget_ms"": 300000}",ok,FEASIBLE,True,0.05207984744571137,0.05207984744571137,True,11.498264939999999,73.62299999999999,1.0,300010.0,2708376,304.369,,5,1043,
mediaOrch_146588263_infrastructure_135|evolutionary-heuristics#seed6,mediaOrch,135,146588263,mediaOrch_146588263_infrastructure_135,evolutionary-heuristics,6,"{""algorithm"": ""NSGAII"", ""max_evaluations"": 1000, ""operators"": ""UNIFORM"", ""population_size"": 20, ""seed"": 6, ""time_budget_ms"": 300000}",ok,FEASIBLE,True,0.02149505515795155,0.02149505515795155,True,1.7017166,38.0,1.0,300005.0,2835996,304.376,,5,1043,
mediaOrch_146588263_infrastructure_135|random-search#seed6,mediaOrch,135,146588263,mediaOrch_146588263_infrastructure_135,random-search,6,"{""iterations_count"": 1000, ""seed"": 6, ""time_budget_ms"": 300000}",ok,FEASIBLE,True,0.04688580682980294,0.04688580682980294,True,7.4745742349999995,72.3155,1.0,300005.0,2728607,304.394,,5,1043,
mediaOrch_146588263_infrastructure_135|evolutionary-heuristics#seed7,mediaOrch,135,146588263,mediaOrch_146588263_infrastructure_135,evolutionary-heuristics,7,"{""algorithm"": ""NSGAII"", ""max_evaluations"": 1000, ""operators"": ""UNIFORM"", ""population_size"": 20, ""seed"": 7, ""time_budget_ms"": 300000}",ok,FEASIBLE,True,0.04170219855098655,0.04170219855098655,True,12.68,52.482,1.0,300009.0,2886812,304.203,,5,1043,
mediaOrch_146588263_infrastructure_135|random-search#seed7,mediaOrch,135,146588263,mediaOrch_146588263_infrastructure_135,random-search,7,"{""iterations_count"": 1000, ""seed"": 7, ""time_budget_ms"": 300000}",ok,FEASIBLE,True,0.05342296576874986,0.05342296576874986,True,18.97459037,61.028999999999996,1.0,300009.0,2539755,304.353,,5,1043,
mediaOrch_146588263_infrastructure_135|evolutionary-heuristics#seed8,mediaOrch,135,146588263,mediaOrch_146588263_infrastructure_135,evolutionary-heuristics,8,"{""algorithm"": ""NSGAII"", ""max_evaluations"": 1000, ""operators"": ""UNIFORM"", ""population_size"": 20, ""seed"": 8, ""time_budget_ms"": 300000}",ok,FEASIBLE,True,0.02149505515795155,0.02149505515795155,True,1.7017166,38.0,1.0,300009.0,2626367,304.895,,5,1043,
mediaOrch_146588263_infrastructure_135|random-search#seed8,mediaOrch,135,146588263,mediaOrch_146588263_infrastructure_135,random-search,8,"{""iterations_count"": 1000, ""seed"": 8, ""time_budget_ms"": 300000}",ok,FEASIBLE,True,0.05101281451250696,0.05101281451250696,True,15.915,62.8185,1.0,300009.0,2721670,304.605,,5,1043,
mediaOrch_146588263_infrastructure_135|evolutionary-heuristics#seed9,mediaOrch,135,146588263,mediaOrch_146588263_infrastructure_135,evolutionary-heuristics,9,"{""algorithm"": ""NSGAII"", ""max_evaluations"": 1000, ""operators"": ""UNIFORM"", ""population_size"": 20, ""seed"": 9, ""time_budget_ms"": 300000}",ok,FEASIBLE,True,0.04170219855098655,0.04170219855098655,True,12.68,52.482,1.0,299875.0,2869240,304.168,,5,1043,
mediaOrch_146588263_infrastructure_135|random-search#seed9,mediaOrch,135,146588263,mediaOrch_146588263_infrastructure_135,random-search,9,"{""iterations_count"": 1000, ""seed"": 9, ""time_budget_ms"": 300000}",ok,FEASIBLE,True,0.04842524222124113,0.04842524222124113,True,15.525458149999999,58.922,1.0,299870.0,2703272,305.058,,5,1043,
mediaOrch_146588263_infrastructure_135|evolutionary-heuristics#seed10,mediaOrch,135,146588263,mediaOrch_146588263_infrastructure_135,evolutionary-heuristics,10,"{""algorithm"": ""NSGAII"", ""max_evaluations"": 1000, ""operators"": ""UNIFORM"", ""population_size"": 20, ""seed"": 10, ""time_budget_ms"": 300000}",ok,FEASIBLE,True,0.04170219855098655,0.04170219855098655,True,12.68,52.482,1.0,299994.0,2923135,304.845,,5,1043,
mediaOrch_146588263_infrastructure_135|random-search#seed10,mediaOrch,135,146588263,mediaOrch_146588263_infrastructure_135,random-search,10,"{""iterations_count"": 1000, ""seed"": 10, ""time_budget_ms"": 300000}",ok,FEASIBLE,True,0.04989062307334033,0.04989062307334033,True,11.638164725,69.383,1.0,299995.0,2716036,304.41,,5,1043,
mediaOrch_146588263_infrastructure_140|evolutionary-heuristics#seed1,mediaOrch,140,146588263,mediaOrch_146588263_infrastructure_140,evolutionary-heuristics,1,"{""algorithm"": ""NSGAII"", ""max_evaluations"": 1000, ""operators"": ""UNIFORM"", ""population_size"": 20, ""seed"": 1, ""time_budget_ms"": 300000}",ok,FEASIBLE,True,0.025871811551412258,0.025871811551412258,True,5.1155736,39.0,1.0,299995.0,2859124,304.409,,5,1041,
mediaOrch_146588263_infrastructure_140|random-search#seed1,mediaOrch,140,146588263,mediaOrch_146588263_infrastructure_140,random-search,1,"{""iterations_count"": 1000, ""seed"": 1, ""time_budget_ms"": 300000}",ok,FEASIBLE,True,0.046163219255086166,0.046163219255086166,True,11.03424118,63.584,1.0,299995.0,2711991,304.336,,5,1041,
mediaOrch_146588263_infrastructure_140|evolutionary-heuristics#seed2,mediaOrch,140,146588263,mediaOrch_146588263_infrastructure_140,evolutionary-heuristics,2,"{""algorithm"": ""NSGAII"", ""max_evaluations"": 1000, ""operators"": ""UNIFORM"", ""population_size"": 20, ""seed"": 2, ""time_budget_ms"": 300000}",ok,FEASIBLE,True,0.020934961385513807,0.020934961385513807,True,1.26844236,38.0,1.0,300039.0,2944345,304.579,,5,1041,
mediaOrch_146588263_infrastructure_140|random-search#seed2,mediaOrch,140,146588263,mediaOrch_146588263_infrastructure_140,random-search,2,"{""iterations_count"": 1000, ""seed"": 2, ""time_budget_ms"": 300000}",ok,FEASIBLE,True,0.05683659468703589,0.05683659468703589,True,24.2725,55.563,1.0,300044.0,2731772,304.429,,5,1041,
mediaOrch_146588263_infrastructure_140|evolutionary-heuristics#seed3,mediaOrch,140,146588263,mediaOrch_146588263_infrastructure_140,evolutionary-heuristics,3,"{""algorithm"": ""NSGAII"", ""max_evaluations"": 1000, ""operators"": ""UNIFORM"", ""population_size"": 20, ""seed"": 3, ""time_budget_ms"": 300000}",ok,FEASIBLE,True,0.021979836638206195,0.021979836638206195,True,1.7017166,39.0,1.0,300005.0,2885553,304.597,,5,1041,
mediaOrch_146588263_infrastructure_140|random-search#seed3,mediaOrch,140,146588263,mediaOrch_146588263_infrastructure_140,random-search,3,"{""iterations_count"": 1000, ""seed"": 3, ""time_budget_ms"": 300000}",ok,FEASIBLE,True,0.038182838448247686,0.038182838448247686,True,4.03422718,63.584,1.0,300004.0,2741683,304.323,,5,1041,
mediaOrch_146588263_infrastructure_140|evolutionary-heuristics#seed4,mediaOrch,140,146588263,mediaOrch_146588263_infrastructure_140,evolutionary-heuristics,4,"{""algorithm"": ""NSGAII"", ""max_evaluations"": 1000, ""operators"": ""UNIFORM"", ""population_size"": 20, ""seed"": 4, ""time_budget_ms"": 300000}",ok,FEASIBLE,True,0.021979836638206195,0.021979836638206195,True,1.7017166,39.0,1.0,300004.0,2891548,304.409,,5,1041,
mediaOrch_146588263_infrastructure_140|random-search#seed4,mediaOrch,140,146588263,mediaOrch_146588263_infrastructure_140,random-search,4,"{""iterations_count"": 1000, ""seed"": 4, ""time_budget_ms"": 300000}",ok,FEASIBLE,True,0.0432999804629759,0.0432999804629759,True,13.154125694999998,54.0,1.0,300004.0,2743148,304.541,,5,1041,
mediaOrch_146588263_infrastructure_140|evolutionary-heuristics#seed5,mediaOrch,140,146588263,mediaOrch_146588263_infrastructure_140,evolutionary-heuristics,5,"{""algorithm"": ""NSGAII"", ""max_evaluations"": 1000, ""operators"": ""UNIFORM"", ""population_size"": 20, ""seed"": 5, ""time_budget_ms"": 300000}",ok,FEASIBLE,True,0.025206214565840396,0.025206214565840396,True,5.49822548,37.0,1.0,300005.0,2856045,304.431,,5,1041,
mediaOrch_146588263_infrastructure_140|random-search#seed5,mediaOrch,140,146588263,mediaOrch_146588263_infrastructure_140,random-search,5,"{""iterations_count"": 1000, ""seed"": 5, ""time_budget_ms"": 300000}",ok,FEASIBLE,True,0.04343517745866824,0.04343517745866824,True,3.1062879499999996,75.038,1.0,300005.0,2724288,304.714,,5,1041,
mediaOrch_146588263_infrastructure_140|evolutionary-heuristics#seed6,mediaOrch,140,146588263,mediaOrch_146588263_infrastructure_140,evolutionary-heuristics,6,"{""algorithm"": ""NSGAII"", ""max_evaluations"": 1000, ""operators"": ""UNIFORM"", ""population_size"": 20, ""seed"": 6, ""time_budget_ms"": 300000}",ok,FEASIBLE,True,0.021979836638206195,0.021979836638206195,True,1.7017166,39.0,1.0,300021.0,2871617,304.33,,5,1041,
mediaOrch_146588263_infrastructure_140|random-search#seed6,mediaOrch,140,146588263,mediaOrch_146588263_infrastructure_140,random-search,6,"{""iterations_count"": 1000, ""seed"": 6, ""time_budget_ms"": 300000}",ok,FEASIBLE,True,0.04757278115121867,0.04757278115121867,True,2.16317169,84.5,1.0,300023.0,2645423,304.562,,5,1041,
mediaOrch_146588263_infrastructure_140|evolutionary-heuristics#seed7,mediaOrch,140,146588263,mediaOrch_146588263_infrastructure_140,evolutionary-heuristics,7,"{""algorithm"": ""NSGAII"", ""max_evaluations"": 1000, ""operators"": ""UNIFORM"", ""population_size"": 20, ""seed"": 7, ""time_budget_ms"": 300000}",ok,FEASIBLE,True,0.07490198475711506,0.07490198475711506,True,21.16057747,94.794,1.0,300009.0,2880993,305.222,,5,1041,
mediaOrch_146588263_infrastructure_140|random-search#seed7,mediaOrch,140,146588263,mediaOrch_146588263_infrastructure_140,random-search,7,"{""iterations_count"": 1000, ""seed"": 7, ""time_budget_ms"": 300000}",ok,FEASIBLE,True,0.042518997054010896,0.042518997054010896,True,5.955235495000001,67.4795,1.0,300010.0,2720838,304.386,,5,1041,
mediaOrch_146588263_infrastructure_140|evolutionary-heuristics#seed8,mediaOrch,140,146588263,mediaOrch_146588263_infrastructure_140,evolutionary-heuristics,8,"{""algorithm"": ""NSGAII"", ""max_evaluations"": 1000, ""operators"": ""UNIFORM"", ""population_size"": 20, ""seed"": 8, ""time_budget_ms"": 300000}",ok,FEASIBLE,True,0.024876502682307726,0.024876502682307726,True,4.24253556,39.0,1.0,299986.0,2898618,304.336,,5,1041,
mediaOrch_146588263_infrastructure_140|random-search#seed8,mediaOrch,140,146588263,mediaOrch_146588263_infrastructure_140,random-search,8,"{""iterations_count"": 1000, ""seed"": 8, ""time_budget_ms"": 300000}",ok,FEASIBLE,True,0.048006837290422655,0.048006837290422655,True,5.931183745000001,77.4905,1.0,299986.0,2656733,304.563,,5,1041,
mediaOrch_146588263_infrastructure_140|evolutionary-heuristics#seed9,mediaOrch,140,146588263,mediaOrch_146588263_infrastructure_140,evolutionary-heuristics,9,"{""algorithm"": ""NSGAII"", ""max_evaluations"": 1000, ""operators"": ""UNIFORM"", ""population_size"": 20, ""seed"": 9, ""time_budget_ms"": 300000}",ok,FEASIBLE,True,0.021979836638206195,0.021979836638206195,True,1.7017166,39.0,1.0,299886.0,2786796,304.857,,5,1041,
mediaOrch_146588263_infrastructure_140|random-search#seed9,mediaOrch,140,146588263,mediaOrch_146588263_infrastructure_140,random-search,9,"{""iterations_count"": 1000, ""seed"": 9, ""time_budget_ms"": 300000}",ok,FEASIBLE,True,0.04907172033936877,0.04907172033936877,True,8.504402775,74.0985,1.0,299877.0,2747254,304.454,,5,1041,
mediaOrch_146588263_infrastructure_140|evolutionary-heuristics#seed10,mediaOrch,140,146588263,mediaOrch_146588263_infrastructure_140,evolutionary-heuristics,10,"{""algorithm"": ""NSGAII"", ""max_evaluations"": 1000, ""operators"": ""UNIFORM"", ""population_size"": 20, ""seed"": 10, ""time_budget_ms"": 300000}",ok,FEASIBLE,True,0.024824012767375184,0.024824012767375184,True,4.19649388,39.0,1.0,299993.0,2906356,304.416,,5,1041,
mediaOrch_146588263_infrastructure_140|random-search#seed10,mediaOrch,140,146588263,mediaOrch_146588263_infrastructure_140,random-search,10,"{""iterations_count"": 1000, ""seed"": 10, ""time_budget_ms"": 300000}",ok,FEASIBLE,True,0.05211138143186494,0.05211138143186494,True,2.732777475,91.55950000000001,1.0,299995.0,2727610,304.378,,5,1041,
mediaOrch_146588263_infrastructure_145|evolutionary-heuristics#seed1,mediaOrch,145,146588263,mediaOrch_146588263_infrastructure_145,evolutionary-heuristics,1,"{""algorithm"": ""NSGAII"", ""max_evaluations"": 1000, ""operators"": ""UNIFORM"", ""population_size"": 20, ""seed"": 1, ""time_budget_ms"": 300000}",ok,FEASIBLE,True,0.029919339684204897,0.029919339684204897,True,5.675009749999999,44.777,1.0,299994.0,3199541,304.528,,5,1095,
mediaOrch_146588263_infrastructure_145|random-search#seed1,mediaOrch,145,146588263,mediaOrch_146588263_infrastructure_145,random-search,1,"{""iterations_count"": 1000, ""seed"": 1, ""time_budget_ms"": 300000}",ok,FEASIBLE,True,0.04079835716349675,0.04079835716349675,True,8.72456987,58.028999999999996,1.0,299993.0,3054883,304.475,,5,1095,
mediaOrch_146588263_infrastructure_145|evolutionary-heuristics#seed2,mediaOrch,145,146588263,mediaOrch_146588263_infrastructure_145,evolutionary-heuristics,2,"{""algorithm"": ""NSGAII"", ""max_evaluations"": 1000, ""operators"": ""UNIFORM"", ""population_size"": 20, ""seed"": 2, ""time_budget_ms"": 300000}",ok,FEASIBLE,True,0.04024345323505804,0.04024345323505804,True,12.68,48.748,1.0,300141.0,3190263,304.588,,5,1095,
mediaOrch_146588263_infrastructure_145|random-search#seed2,mediaOrch,145,146588263,mediaOrch_146588263_infrastructure_145,random-search,2,"{""iterations_count"": 1000, ""seed"": 2, ""time_budget_ms"": 300000}",ok,FEASIBLE,True,0.03644288895501559,0.03644288895501559,True,11.300021000000001,44.777,1.0,300149.0,3055202,304.518,,5,1095,
mediaOrch_146588263_infrastructure_145|evolutionary-heuristics#seed3,mediaOrch,145,146588263,mediaOrch_146588263_infrastructure_145,evolutionary-heuristics,3,"{""algorithm"": ""NSGAII"", ""max_evaluations"": 1000, ""operators"": ""UNIFORM"", ""population_size"": 20, ""seed"": 3, ""time_budget_ms"": 300000}",ok,FEASIBLE,True,0.029919339684204897,0.029919339684204897,True,5.675009749999999,44.777,1.0,300009.0,3144651,304.539,,5,1095,
mediaOrch_146588263_infrastructure_145|random-search#seed3,mediaOrch,145,146588263,mediaOrch_146588263_infrastructure_145,random-search,3,"{""iterations_count"": 1000, ""seed"": 3, ""time_budget_ms"": 300000}",ok,FEASIBLE,True,0.04294957778980556,0.04294957778980556,True,11.887299185,55.2915,1.0,300009.0,3040809,304.528,,5,1095,
mediaOrch_146588263_infrastructure_145|evolutionary-heuristics#seed4,mediaOrch,145,146588263,mediaOrch_146588263_infrastructure_145,evolutionary-heuristics,4,"{""algorithm"": ""NSGAII"", ""max_evaluations"": 1000, ""operators"": ""UNIFORM"", ""population_size"": 20, ""seed"": 4, ""time_budget_ms"": 300000}",ok,FEASIBLE,True,0.029919339684204897,0.029919339684204897,True,5.675009749999999,44.777,1.0,300009.0,3145416,304.403,,5,1095,
mediaOrch_146588263_infrastructure_145|random-search#seed4,mediaOrch,145,146588263,mediaOrch_146588263_infrastructure_145,random-search,4,"{""iterations_count"": 1000, ""seed"": 4, ""time_budget_ms"": 300000}",ok,FEASIBLE,True,0.034703275816132736,0.034703275816132736,True,9.800018,44.777,1.0,300008.0,3049200,304.518,,5,1095,
mediaOrch_146588263_infrastructure_145|evolutionary-heuristics#seed5,mediaOrch,145,146588263,mediaOrch_146588263_infrastructure_145,evolutionary-heuristics,5,"{""algorithm"": ""NSGAII"", ""max_evaluations"": 1000, ""operators"": ""UNIFORM"", ""population_size"": 20, ""seed"": 5, ""time_budget_ms"": 300000}",ok,FEASIBLE,True,0.021556530801205412,0.021556530801205412,True,1.7017166,38.0,1.0,299969.0,3143506,304.62,,5,1095,
mediaOrch_146588263_infrastructure_145|random-search#seed5,mediaOrch,145,146588263,mediaOrch_146588263_infrastructure_145,random-search,5,"{""iterations_count"": 1000, ""seed"": 5, ""time_budget_ms"": 300000}",ok,FEASIBLE,True,0.042821470464252706,0.042821470464252706,True,16.800032,44.777,1.0,299970.0,3062796,304.503,,5,1095,
mediaOrch_146588263_infrastructure_145|evolutionary-heuristics#seed6,mediaOrch,145,146588263,mediaOrch_146588263_infrastructure_145,evolutionary-heuristics,6,"{""algorithm"": ""NSGAII"", ""max_evaluations"": 1000, ""operators"": ""UNIFORM"", ""population_size"": 20, ""seed"": 6, ""time_budget_ms"": 300000}",ok,FEASIBLE,True,0.023949165778218127,0.023949165778218127,True,4.24253556,37.0,1.0,300014.0,2746451,305.015,,5,1095,
mediaOrch_146588263_infrastructure_145|random-search#seed6,mediaOrch,145,146588263,mediaOrch_146588263_infrastructure_145,random-search,6,"{""iterations_count"": 1000, ""seed"": 6, ""time_budget_ms"": 300000}",ok,FEASIBLE,True,0.04852374885519057,0.04852374885519057,True,6.450000885,76.73349999999999,1.0,299997.0,2472277,304.782,,5,1095,
mediaOrch_146588263_infrastructure_145|evolutionary-heuristics#seed7,mediaOrch,145,146588263,mediaOrch_146588263_infrastructure_145,evolutionary-heuristics,7,"{""algorithm"": ""NSGAII"", ""max_evaluations"": 1000, ""operators"": ""UNIFORM"", ""population_size"": 20, ""seed"": 7, ""time_budget_ms"": 300000}",ok,FEASIBLE,True,0.021556530801205412,0.021556530801205412,True,1.7017166,38.0,1.0,300009.0,2887417,305.898,,5,1095,
mediaOrch_146588263_infrastructure_145|random-search#seed7,mediaOrch,145,146588263,mediaOrch_146588263_infrastructure_145,random-search,7,"{""iterations_count"": 1000, ""seed"": 7, ""time_budget_ms"": 300000}",ok,FEASIBLE,True,0.05040908174967252,0.05040908174967252,True,15.66239917,60.853,1.0,300008.0,2895592,304.739,,5,1095,
mediaOrch_146588263_infrastructure_145|evolutionary-heuristics#seed8,mediaOrch,145,146588263,mediaOrch_146588263_infrastructure_145,evolutionary-heuristics,8,"{""algorithm"": ""NSGAII"", ""max_evaluations"": 1000, ""operators"": ""UNIFORM"", ""population_size"": 20, ""seed"": 8, ""time_budget_ms"": 300000}",ok,FEASIBLE,True,0.02160809925958261,0.02160809925958261,True,1.26844236,39.0,1.0,300046.0,3115078,305.54,,5,1095,
mediaOrch_146588263_infrastructure_145|random-search#seed8,mediaOrch,145,146588263,mediaOrch_146588263_infrastructure_145,random-search,8,"{""iterations_count"": 1000, ""seed"": 8, ""time_budget_ms"": 300000}",ok,FEASIBLE,True,0.04582912778288618,0.04582912778288618,True,7.638156725000001,69.383,1.0,300047.0,2945564,304.782,,5,1095,
mediaOrch_146588263_infrastructure_145|evolutionary-heuristics#seed9,mediaOrch,145,146588263,mediaOrch_146588263_infrastructure_145,evolutionary-heuristics,9,"{""algorithm"": ""NSGAII"", ""max_evaluations"": 1000, ""operators"": ""UNIFORM"", ""population_size"": 20, ""seed"": 9, ""time_budget_ms"": 300000}",ok,FEASIBLE,True,0.02496166271664327,0.02496166271664327,True,5.1155736,37.0,1.0,300008.0,3031610,304.816,,5,1095,
mediaOrch_146588263_infrastructure_145|random-search#seed9,mediaOrch,145,146588263,mediaOrch_146588263_infrastructure_145,random-search,9,"{""iterations_count"": 1000, ""seed"": 9, ""time_budget_ms"": 300000}",ok,FEASIBLE,True,0.048306004188315065,0.048306004188315065,True,7.74825744,73.62299999999999,1.0,300010.0,2923198,305.391,,5,1095,
mediaOrch_146588263_infrastructure_145|evolutionary-heuristics#seed10,mediaOrch,145,146588263,mediaOrch_146588263_infrastructure_145,evolutionary-heuristics,10,"{""algorithm"": ""NSGAII"", ""max_evaluations"": 1000, ""operators"": ""UNIFORM"", ""population_size"": 20, ""seed"": 10, ""time_budget_ms"": 300000}",ok,FEASIBLE,True,0.02496166271664327,0.02496166271664327,True,5.1155736,37.0,1.0,300009.0,3012431,304.58,,5,1095,
mediaOrch_146588263_infrastructure_145|random-search#seed10,mediaOrch,145,146588263,mediaOrch_146588263_infrastructure_145,random-search,10,"{""iterations_count"": 1000, ""seed"": 10, ""time_budget_ms"": 300000}",ok,FEASIBLE,True,0.049640726113052855,0.049640726113052855,True,8.89913797,73.62299999999999,1.0,300004.0,3022980,304.549,,5,1095,
mediaOrch_146588263_infrastructure_150|evolutionary-heuristics#seed1,mediaOrch,150,146588263,mediaOrch_146588263_infrastructure_150,evolutionary-heuristics,1,"{""algorithm"": ""NSGAII"", ""max_evaluations"": 1000, ""operators"": ""UNIFORM"", ""population_size"": 20, ""seed"": 1, ""time_budget_ms"": 300000}",ok,FEASIBLE,True,0.024137979235895432,0.024137979235895432,True,4.24253556,37.0,1.0,299988.0,3037854,304.241,,5,913,
mediaOrch_146588263_infrastructure_150|random-search#seed1,mediaOrch,150,146588263,mediaOrch_146588263_infrastructure_150,random-search,1,"{""iterations_count"": 1000, ""seed"": 1, ""time_budget_ms"": 300000}",ok,FEASIBLE,True,0.04936099326714715,0.04936099326714715,True,10.737725585,68.4365,1.0,299994.0,2848401,304.655,,5,913,
mediaOrch_146588263_infrastructure_150|evolutionary-heuristics#seed2,mediaOrch,150,146588263,mediaOrch_146588263_infrastructure_150,evolutionary-heuristics,2,"{""algorithm"": ""NSGAII"", ""max_evaluations"": 1000, ""operators"": ""UNIFORM"", ""population_size"": 20, ""seed"": 2, ""time_budget_ms"": 300000}",ok,FEASIBLE,True,0.0747512275266619,0.0747512275266619,True,21.16057747,91.794,1.0,300009.0,3217614,304.16,,5,913,
mediaOrch_146588263_infrastructure_150|random-search#seed2,mediaOrch,150,146588263,mediaOrch_146588263_infrastructure_150,random-search,2,"{""iterations_count"": 1000, ""seed"": 2, ""time_budget_ms"": 300000}",ok,FEASIBLE,True,0.05183201884709161,0.05183201884709161,True,5.762224405000001,83.4885,1.0,300010.0,2977901,304.156,,5,913,
mediaOrch_146588263_infrastructure_150|evolutionary-heuristics#seed3,mediaOrch,150,146588263,mediaOrch_146588263_infrastructure_150,evolutionary-heuristics,3,"{""algorithm"": ""NSGAII"", ""max_evaluations"": 1000, ""operators"": ""UNIFORM"", ""population_size"": 20, ""seed"": 3, ""time_budget_ms"": 300000}",ok,FEASIBLE,True,0.021119356209095733,0.021119356209095733,True,1.7017166,37.0,1.0,300008.0,3143550,304.235,,5,913,
mediaOrch_146588263_infrastructure_150|random-search#seed3,mediaOrch,150,146588263,mediaOrch_146588263_infrastructure_150,random-search,3,"{""iterations_count"": 1000, ""seed"": 3, ""time_budget_ms"": 300000}",ok,FEASIBLE,True,0.04630802806984411,0.04630802806984411,True,14.934893314999998,54.0,1.0,299871.0,2993060,303.882,,5,913,
mediaOrch_146588263_infrastructure_150|evolutionary-heuristics#seed4,mediaOrch,150,146588263,mediaOrch_146588263_infrastructure_150,evolutionary-heuristics,4,"{""algorithm"": ""NSGAII"", ""max_evaluations"": 1000, ""operators"": ""UNIFORM"", ""population_size"": 20, ""seed"": 4, ""time_budget_ms"": 300000}",ok,FEASIBLE,True,0.021119356209095733,0.021119356209095733,True,1.7017166,37.0,1.0,299865.0,3155851,304.003,,5,913,
mediaOrch_146588263_infrastructure_150|random-search#seed4,mediaOrch,150,146588263,mediaOrch_146588263_infrastructure_150,random-search,4,"{""iterations_count"": 1000, ""seed"": 4, ""time_budget_ms"": 300000}",ok,FEASIBLE,True,0.047428946393301474,0.047428946393301474,True,7.14913447,72.62299999999999,1.0,299993.0,3006160,304.098,,5,913,
mediaOrch_146588263_infrastructure_150|evolutionary-heuristics#seed5,mediaOrch,150,146588263,mediaOrch_146588263_infrastructure_150,evolutionary-heuristics,5,"{""algorithm"": ""NSGAII"", ""max_evaluations"": 1000, ""operators"": ""UNIFORM"", ""population_size"": 20, ""seed"": 5, ""time_budget_ms"": 300000}",ok,FEASIBLE,True,0.020604604226222015,0.020604604226222015,True,1.26844236,37.0,1.0,299991.0,3233161,304.056,,5,913,
mediaOrch_146588263_infrastructure_150|random-search#seed5,mediaOrch,150,146588263,mediaOrch_146588263_infrastructure_150,random-search,5,"{""iterations_count"": 1000, ""seed"": 5, ""time_budget_ms"": 300000}",ok,FEASIBLE,True,0.04613520654155474,0.04613520654155474,True,18.911951345,45.205,1.0,299993.0,3009620,304.217,,5,913,
mediaOrch_146588263_infrastructure_150|evolutionary-heuristics#seed6,mediaOrch,150,146588263,mediaOrch_146588263_infrastructure_150,evolutionary-heuristics,6,"{""algorithm"": ""NSGAII"", ""max_evaluations"": 1000, ""operators"": ""UNIFORM"", ""population_size"": 20, ""seed"": 6, ""time_budget_ms"": 300000}",ok,FEASIBLE,True,0.02517519313121998,0.02517519313121998,True,5.1155736,37.0,1.0,299993.0,3132244,304.09,,5,913,
mediaOrch_146588263_infrastructure_150|random-search#seed6,mediaOrch,150,146588263,mediaOrch_146588263_infrastructure_150,random-search,6,"{""iterations_count"": 1000, ""seed"": 6, ""time_budget_ms"": 300000}",ok,FEASIBLE,True,0.049156591033431014,0.049156591033431014,True,25.883703060000002,35.757000000000005,1.0,300053.0,2995456,304.318,,5,913,
mediaOrch_146588263_infrastructure_150|evolutionary-heuristics#seed7,mediaOrch,150,146588263,mediaOrch_146588263_infrastructure_150,evolutionary-heuristics,7,"{""algorithm"": ""NSGAII"", ""max_evaluations"": 1000, ""operators"": ""UNIFORM"", ""population_size"": 20, ""seed"": 7, ""time_budget_ms"": 300000}",ok,FEASIBLE,True,0.025629803158302034,0.025629803158302034,True,5.49822548,37.0,1.0,300059.0,3128897,304.194,,5,913,
mediaOrch_146588263_infrastructure_150|random-search#seed7,mediaOrch,150,146588263,mediaOrch_146588263_infrastructure_150,random-search,7,"{""iterations_count"": 1000, ""seed"": 7, ""time_budget_ms"": 300000}",ok,FEASIBLE,True,0.053006336815136244,0.053006336815136244,True,8.7877873,79.14250000000001,1.0,300004.0,2989868,304.169,,5,913,
mediaOrch_146588263_infrastructure_150|evolutionary-heuristics#seed8,mediaOrch,150,146588263,mediaOrch_146588263_infrastructure_150,evolutionary-heuristics,8,"{""algorithm"": ""NSGAII"", ""max_evaluations"": 1000, ""operators"": ""UNIFORM"", ""population_size"": 20, ""seed"": 8, ""time_budget_ms"": 300000}",ok,FEASIBLE,True,0.021119356209095733,0.021119356209095733,True,1.7017166,37.0,1.0,300004.0,3170116,304.042,,5,913,
mediaOrch_146588263_infrastructure_150|random-search#seed8,mediaOrch,150,146588263,mediaOrch_146588263_infrastructure_150,random-search,8,"{""iterations_count"": 1000, ""seed"": 8, ""time_budget_ms"": 300000}",ok,FEASIBLE,True,0.047407262307656135,0.047407262307656135,True,6.854563370000001,73.2125,1.0,300004.0,2997630,304.144,,5,913,
mediaOrch_146588263_infrastructure_150|evolutionary-heuristics#seed9,mediaOrch,150,146588263,mediaOrch_146588263_infrastructure_150,evolutionary-heuristics,9,"{""algorithm"": ""NSGAII"", ""max_evaluations"": 1000, ""operators"": ""UNIFORM"", ""population_size"": 20, ""seed"": 9, ""time_budget_ms"": 300000}",ok,FEASIBLE,True,0.021119356209095733,0.021119356209095733,True,1.7017166,37.0,1.0,300004.0,3127659,304.089,,5,913,
mediaOrch_146588263_infrastructure_150|random-search#seed9,mediaOrch,150,146588263,mediaOrch_146588263_infrastructure_150,random-search,9,"{""iterations_count"": 1000, ""seed"": 9, ""time_budget_ms"": 300000}",ok,FEASIBLE,True,0.04975419726896706,0.04975419726896706,True,6.551726180000001,78.07300000000001,1.0,299880.0,2998835,303.958,,5,913,
mediaOrch_146588263_infrastructure_150|evolutionary-heuristics#seed10,mediaOrch,150,146588263,mediaOrch_146588263_infrastructure_150,evolutionary-heuristics,10,"{""algorithm"": ""NSGAII"", ""max_evaluations"": 1000, ""operators"": ""UNIFORM"", ""population_size"": 20, ""seed"": 10, ""time_budget_ms"": 300000}",ok,FEASIBLE,True,0.02517519313121998,0.02517519313121998,True,5.1155736,37.0,1.0,299875.0,3076857,304.136,,5,913,
mediaOrch_146588263_infrastructure_150|random-search#seed10,mediaOrch,150,146588263,mediaOrch_146588263_infrastructure_150,random-search,10,"{""iterations_count"": 1000, ""seed"": 10, ""time_budget_ms"": 300000}",ok,FEASIBLE,True,0.045329024096723326,0.045329024096723326,True,5.15543465,73.1055,1.0,299995.0,2928214,304.132,,5,913,
mediaOrch_146588263_infrastructure_155|evolutionary-heuristics#seed1,mediaOrch,155,146588263,mediaOrch_146588263_infrastructure_155,evolutionary-heuristics,1,"{""algorithm"": ""NSGAII"", ""max_evaluations"": 1000, ""operators"": ""UNIFORM"", ""population_size"": 20, ""seed"": 1, ""time_budget_ms"": 300000}",ok,FEASIBLE,True,0.05005661062583733,0.05005661062583733,True,22.49125,46.129,1.0,299994.0,2897321,305.323,,5,1215,
mediaOrch_146588263_infrastructure_155|random-search#seed1,mediaOrch,155,146588263,mediaOrch_146588263_infrastructure_155,random-search,1,"{""iterations_count"": 1000, ""seed"": 1, ""time_budget_ms"": 300000}",ok,FEASIBLE,True,0.0466325239978197,0.0466325239978197,True,14.130698559999999,57.5,1.0,299995.0,2723749,305.374,,5,1215,
mediaOrch_146588263_infrastructure_155|evolutionary-heuristics#seed2,mediaOrch,155,146588263,mediaOrch_146588263_infrastructure_155,evolutionary-heuristics,2,"{""algorithm"": ""NSGAII"", ""max_evaluations"": 1000, ""operators"": ""UNIFORM"", ""population_size"": 20, ""seed"": 2, ""time_budget_ms"": 300000}",ok,FEASIBLE,True,0.05005661062583733,0.05005661062583733,True,22.49125,46.129,1.0,299994.0,2867008,305.424,,5,1215,
mediaOrch_146588263_infrastructure_155|random-search#seed2,mediaOrch,155,146588263,mediaOrch_146588263_infrastructure_155,random-search,2,"{""iterations_count"": 1000, ""seed"": 2, ""time_budget_ms"": 300000}",ok,FEASIBLE,True,0.04647007190981055,0.04647007190981055,True,4.1513317700000005,78.188,1.0,299995.0,2718245,305.253,,5,1215,
mediaOrch_146588263_infrastructure_155|evolutionary-heuristics#seed3,mediaOrch,155,146588263,mediaOrch_146588263_infrastructure_155,evolutionary-heuristics,3,"{""algorithm"": ""NSGAII"", ""max_evaluations"": 1000, ""operators"": ""UNIFORM"", ""population_size"": 20, ""seed"": 3, ""time_budget_ms"": 300000}",ok,FEASIBLE,True,0.021462395779381856,0.021462395779381856,True,1.7017166,38.0,1.0,299995.0,2750351,305.301,,5,1215,
mediaOrch_146588263_infrastructure_155|random-search#seed3,mediaOrch,155,146588263,mediaOrch_146588263_infrastructure_155,random-search,3,"{""iterations_count"": 1000, ""seed"": 3, ""time_budget_ms"": 300000}",ok,FEASIBLE,True,0.052152138324610534,0.052152138324610534,True,6.004046345000001,84.594,1.0,299962.0,2620028,305.283,,5,1215,
mediaOrch_146588263_infrastructure_155|evolutionary-heuristics#seed4,mediaOrch,155,146588263,mediaOrch_146588263_infrastructure_155,evolutionary-heuristics,4,"{""algorithm"": ""NSGAII"", ""max_evaluations"": 1000, ""operators"": ""UNIFORM"", ""population_size"": 20, ""seed"": 4, ""time_budget_ms"": 300000}",ok,FEASIBLE,True,0.05005661062583733,0.05005661062583733,True,22.49125,46.129,1.0,299950.0,2868522,305.267,,5,1215,
mediaOrch_146588263_infrastructure_155|random-search#seed4,mediaOrch,155,146588263,mediaOrch_146588263_infrastructure_155,random-search,4,"{""iterations_count"": 1000, ""seed"": 4, ""time_budget_ms"": 300000}",ok,FEASIBLE,True,0.04773282263817301,0.04773282263817301,True,26.38216792,33.735,1.0,299998.0,2719969,305.264,,5,1215,
mediaOrch_146588263_infrastructure_155|evolutionary-heuristics#seed5,mediaOrch,155,146588263,mediaOrch_146588263_infrastructure_155,evolutionary-heuristics,5,"{""algorithm"": ""NSGAII"", ""max_evaluations"": 1000, ""operators"": ""UNIFORM"", ""population_size"": 20, ""seed"": 5, ""time_budget_ms"": 300000}",ok,FEASIBLE,True,0.022063063590095026,0.022063063590095026,True,1.26844236,40.0,1.0,299994.0,2888923,305.327,,5,1215,
mediaOrch_146588263_infrastructure_155|random-search#seed5,mediaOrch,155,146588263,mediaOrch_146588263_infrastructure_155,random-search,5,"{""iterations_count"": 1000, ""seed"": 5, ""time_budget_ms"": 300000}",ok,FEASIBLE,True,0.04938610515447512,0.04938610515447512,True,6.748234845000001,78.0145,1.0,299996.0,2719999,305.377,,5,1215,
mediaOrch_146588263_infrastructure_155|evolutionary-heuristics#seed6,mediaOrch,155,146588263,mediaOrch_146588263_infrastructure_155,evolutionary-heuristics,6,"{""algorithm"": ""NSGAII"", ""max_evaluations"": 1000, ""operators"": ""UNIFORM"", ""population_size"": 20, ""seed"": 6, ""time_budget_ms"": 300000}",ok,FEASIBLE,True,0.024409084583563355,0.024409084583563355,True,4.24253556,38.0,1.0,299995.0,2809260,305.399,,5,1215,
mediaOrch_146588263_infrastructure_155|random-search#seed6,mediaOrch,155,146588263,mediaOrch_146588263_infrastructure_155,random-search,6,"{""iterations_count"": 1000, ""seed"": 6, ""time_budget_ms"": 300000}",ok,FEASIBLE,True,0.052453141949192844,0.052453141949192844,True,10.10456637,76.518,1.0,300113.0,2745134,305.499,,5,1215,
mediaOrch_146588263_infrastructure_155|evolutionary-heuristics#seed7,mediaOrch,155,146588263,mediaOrch_146588263_infrastructure_155,evolutionary-heuristics,7,"{""algorithm"": ""NSGAII"", ""max_evaluations"": 1000, ""operators"": ""UNIFORM"", ""population_size"": 20, ""seed"": 7, ""time_budget_ms"": 300000}",ok,FEASIBLE,True,0.026968511305984193,0.026968511305984193,True,5.49822548,40.0,1.0,300120.0,2847343,305.477,,5,1215,
mediaOrch_146588263_infrastructure_155|random-search#seed7,mediaOrch,155,146588263,mediaOrch_146588263_infrastructure_155,random-search,7,"{""iterations_count"": 1000, ""seed"": 7, ""time_budget_ms"": 300000}",ok,FEASIBLE,True,0.05382093295628695,0.05382093295628695,True,8.67456113,82.0045,1.0,300005.0,2734694,305.594,,5,1215,
mediaOrch_146588263_infrastructure_155|evolutionary-heuristics#seed8,mediaOrch,155,146588263,mediaOrch_146588263_infrastructure_155,evolutionary-heuristics,8,"{""algorithm"": ""NSGAII"", ""max_evaluations"": 1000, ""operators"": ""UNIFORM"", ""population_size"": 20, ""seed"": 8, ""time_budget_ms"": 300000}",ok,FEASIBLE,True,0.026524734701493254,0.026524734701493254,True,5.1155736,40.0,1.0,300006.0,2840169,305.472,,5,1215,
mediaOrch_146588263_infrastructure_155|random-search#seed8,mediaOrch,155,146588263,mediaOrch_146588263_infrastructure_155,random-search,8,"{""iterations_count"": 1000, ""seed"": 8, ""time_budget_ms"": 300000}",ok,FEASIBLE,True,0.041433218504293635,0.041433218504293635,True,21.10340055,33.413,1.0,300008.0,2737811,305.428,,5,1215,
mediaOrch_146588263_infrastructure_155|evolutionary-heuristics#seed9,mediaOrch,155,146588263,mediaOrch_146588263_infrastructure_155,evolutionary-heuristics,9,"{""algorithm"": ""NSGAII"", ""max_evaluations"": 1000, ""operators"": ""UNIFORM"", ""population_size"": 20, ""seed"": 9, ""time_budget_ms"": 300000}",ok,FEASIBLE,True,0.021462395779381856,0.021462395779381856,True,1.7017166,38.0,1.0,300007.0,2865184,305.317,,5,1215,
mediaOrch_146588263_infrastructure_155|random-search#seed9,mediaOrch,155,146588263,mediaOrch_146588263_infrastructure_155,random-search,9,"{""iterations_count"": 1000, ""seed"": 9, ""time_budget_ms"": 300000}",ok,FEASIBLE,True,0.052409093950824576,0.052409093950824576,True,14.040016999999999,68.1635,1.0,300061.0,2717376,305.363,,5,1215,
mediaOrch_146588263_infrastructure_155|evolutionary-heuristics#seed10,mediaOrch,155,146588263,mediaOrch_146588263_infrastructure_155,evolutionary-heuristics,10,"{""algorithm"": ""NSGAII"", ""max_evaluations"": 1000, ""operators"": ""UNIFORM"", ""population_size"": 20, ""seed"": 10, ""time_budget_ms"": 300000}",ok,FEASIBLE,True,0.02545884139555135,0.02545884139555135,True,4.19649388,40.0,1.0,300062.0,2819285,305.279,,5,1215,
mediaOrch_146588263_infrastructure_155|random-search#seed10,mediaOrch,155,146588263,mediaOrch_146588263_infrastructure_155,random-search,10,"{""iterations_count"": 1000, ""seed"": 10, ""time_budget_ms"": 300000}",ok,FEASIBLE,True,0.05264978674037482,0.05264978674037482,True,23.40839905,48.901999999999994,1.0,300010.0,2546650,305.253,,5,1215,
mediaOrch_146588263_infrastructure_160|evolutionary-heuristics#seed1,mediaOrch,160,146588263,mediaOrch_146588263_infrastructure_160,evolutionary-heuristics,1,"{""algorithm"": ""NSGAII"", ""max_evaluations"": 1000, ""operators"": ""UNIFORM"", ""population_size"": 20, ""seed"": 1, ""time_budget_ms"": 300000}",ok,FEASIBLE,True,0.02702186892201979,0.02702186892201979,True,5.49822548,38.0,1.0,300008.0,2870743,305.551,,5,1212,
mediaOrch_146588263_infrastructure_160|random-search#seed1,mediaOrch,160,146588263,mediaOrch_146588263_infrastructure_160,random-search,1,"{""iterations_count"": 1000, ""seed"": 1, ""time_budget_ms"": 300000}",ok,FEASIBLE,True,0.054663936040358824,0.054663936040358824,True,10.146953755,76.045,1.0,300009.0,2734133,305.422,,5,1212,
mediaOrch_146588263_infrastructure_160|evolutionary-heuristics#seed2,mediaOrch,160,146588263,mediaOrch_146588263_infrastructure_160,evolutionary-heuristics,2,"{""algorithm"": ""NSGAII"", ""max_evaluations"": 1000, ""operators"": ""UNIFORM"", ""population_size"": 20, ""seed"": 2, ""time_budget_ms"": 300000}",ok,FEASIBLE,True,0.02702186892201979,0.02702186892201979,True,5.49822548,38.0,1.0,300009.0,3009247,305.172,,5,1212,
mediaOrch_146588263_infrastructure_160|random-search#seed2,mediaOrch,160,146588263,mediaOrch_146588263_infrastructure_160,random-search,2,"{""iterations_count"": 1000, ""seed"": 2, ""time_budget_ms"": 300000}",ok,FEASIBLE,True,0.03355326508943684,0.03355326508943684,True,4.9522186150000005,51.2155,1.0,299978.0,2837786,305.356,,5,1212,
mediaOrch_146588263_infrastructure_160|evolutionary-heuristics#seed3,mediaOrch,160,146588263,mediaOrch_146588263_infrastructure_160,evolutionary-heuristics,3,"{""algorithm"": ""NSGAII"", ""max_evaluations"": 1000, ""operators"": ""UNIFORM"", ""population_size"": 20, ""seed"": 3, ""time_budget_ms"": 300000}",ok,FEASIBLE,True,0.02647812497061127,0.026478124970611274,True,5.1155736,38.0,1.0,299976.0,2993667,304.991,,5,1212,
mediaOrch_146588263_infrastructure_160|random-search#seed3,mediaOrch,160,146588263,mediaOrch_146588263_infrastructure_160,random-search,3,"{""iterations_count"": 1000, ""seed"": 3, ""time_budget_ms"": 300000}",ok,FEASIBLE,True,0.05565713916140219,0.05565713916140219,True,15.527183505000002,64.0145,1.0,300009.0,2880206,305.214,,5,1212,
mediaOrch_146588263_infrastructure_160|evolutionary-heuristics#seed4,mediaOrch,160,146588263,mediaOrch_146588263_infrastructure_160,evolutionary-heuristics,4,"{""algorithm"": ""NSGAII"", ""max_evaluations"": 1000, ""operators"": ""UNIFORM"", ""population_size"": 20, ""seed"": 4, ""time_budget_ms"": 300000}",ok,FEASIBLE,True,0.02218000461980797,0.02218000461980797,True,1.7017166,39.0,1.0,300009.0,3053504,305.24,,5,1212,
mediaOrch_146588263_infrastructure_160|random-search#seed4,mediaOrch,160,146588263,mediaOrch_146588263_infrastructure_160,random-search,4,"{""iterations_count"": 1000, ""seed"": 4, ""time_budget_ms"": 300000}",ok,FEASIBLE,True,0.04742799323792761,0.04742799323792761,True,11.92502225,58.389,1.0,300009.0,2763412,305.192,,5,1212,
mediaOrch_146588263_infrastructure_160|evolutionary-heuristics#seed5,mediaOrch,160,146588263,mediaOrch_146588263_infrastructure_160,evolutionary-heuristics,5,"{""algorithm"": ""NSGAII"", ""max_evaluations"": 1000, ""operators"": ""UNIFORM"", ""population_size"": 20, ""seed"": 5, ""time_budget_ms"": 300000}",ok,FEASIBLE,True,0.02717043754097343,0.02717043754097343,True,5.60277848,38.0,1.0,300009.0,2939400,305.646,,5,1212,
mediaOrch_146588263_infrastructure_160|random-search#seed5,mediaOrch,160,146588263,mediaOrch_146588263_infrastructure_160,random-search,5,"{""iterations_count"": 1000, ""seed"": 5, ""time_budget_ms"": 300000}",ok,FEASIBLE,True,0.04468414573461476,0.04468414573461476,True,5.865154259999999,69.0,1.0,300049.0,2856349,305.156,,5,1212,
mediaOrch_146588263_infrastructure_160|evolutionary-heuristics#seed6,mediaOrch,160,146588263,mediaOrch_146588263_infrastructure_160,evolutionary-heuristics,6,"{""algorithm"": ""NSGAII"", ""max_evaluations"": 1000, ""operators"": ""UNIFORM"", ""population_size"": 20, ""seed"": 6, ""time_budget_ms"": 300000}",ok,FEASIBLE,True,0.02218000461980797,0.02218000461980797,True,1.7017166,39.0,1.0,300049.0,3077515,305.47,,5,1212,
mediaOrch_146588263_infrastructure_160|random-search#seed6,mediaOrch,160,146588263,mediaOrch_146588263_infrastructure_160,random-search,6,"{""iterations_count"": 1000, ""seed"": 6, ""time_budget_ms"": 300000}",ok,FEASIBLE,True,0.04204351365383826,0.04204351365383826,True,5.36311681,65.5145,1.0,300009.0,2870347,305.159,,5,1212,
mediaOrch_146588263_infrastructure_160|evolutionary-heuristics#seed7,mediaOrch,160,146588263,mediaOrch_146588263_infrastructure_160,evolutionary-heuristics,7,"{""algorithm"": ""NSGAII"", ""max_evaluations"": 1000, ""operators"": ""UNIFORM"", ""population_size"": 20, ""seed"": 7, ""time_budget_ms"": 300000}",ok,FEASIBLE,True,0.02218000461980797,0.02218000461980797,True,1.7017166,39.0,1.0,300009.0,3061182,305.101,,5,1212,
mediaOrch_146588263_infrastructure_160|random-search#seed7,mediaOrch,160,146588263,mediaOrch_146588263_infrastructure_160,random-search,7,"{""iterations_count"": 1000, ""seed"": 7, ""time_budget_ms"": 300000}",ok,FEASIBLE,True,0.05174928767149177,0.05174928767149177,True,8.64913747,74.62299999999999,1.0,300010.0,2869709,305.174,,5,1212,
mediaOrch_146588263_infrastructure_160|evolutionary-heuristics#seed8,mediaOrch,160,146588263,mediaOrch_146588263_infrastructure_160,evolutionary-heuristics,8,"{""algorithm"": ""NSGAII"", ""max_evaluations"": 1000, ""operators"": ""UNIFORM"", ""population_size"": 20, ""seed"": 8, ""time_budget_ms"": 300000}",ok,FEASIBLE,True,0.02218000461980797,0.02218000461980797,True,1.7017166,39.0,1.0,300008.0,3019970,305.138,,5,1212,
mediaOrch_146588263_infrastructure_160|random-search#seed8,mediaOrch,160,146588263,mediaOrch_146588263_infrastructure_160,random-search,8,"{""iterations_count"": 1000, ""seed"": 8, ""time_budget_ms"": 300000}",ok,FEASIBLE,True,0.05203408963974559,0.05203408963974559,True,8.54293815,75.411,1.0,300021.0,2880428,305.217,,5,1212,
mediaOrch_146588263_infrastructure_160|evolutionary-heuristics#seed9,mediaOrch,160,146588263,mediaOrch_146588263_infrastructure_160,evolutionary-heuristics,9,"{""algorithm"": ""NSGAII"", ""max_evaluations"": 1000, ""operators"": ""UNIFORM"", ""population_size"": 20, ""seed"": 9, ""time_budget_ms"": 300000}",ok,FEASIBLE,True,0.022117258331252863,0.022117258331252863,True,1.26844236,40.0,1.0,300022.0,3042676,305.161,,5,1212,
mediaOrch_146588263_infrastructure_160|random-search#seed9,mediaOrch,160,146588263,mediaOrch_146588263_infrastructure_160,random-search,9,"{""iterations_count"": 1000, ""seed"": 9, ""time_budget_ms"": 300000}",ok,FEASIBLE,True,0.05920324146171755,0.05920324146171755,True,17.860633890000003,64.431,1.0,300011.0,2866314,305.195,,5,1212,
mediaOrch_146588263_infrastructure_160|evolutionary-heuristics#seed10,mediaOrch,160,146588263,mediaOrch_146588263_infrastructure_160,evolutionary-heuristics,10,"{""algorithm"": ""NSGAII"", ""max_evaluations"": 1000, ""operators"": ""UNIFORM"", ""population_size"": 20, ""seed"": 10, ""time_budget_ms"": 300000}",ok,FEASIBLE,True,0.02702186892201979,0.02702186892201979,True,5.49822548,38.0,1.0,300009.0,3042508,305.141,,5,1212,
mediaOrch_146588263_infrastructure_160|random-search#seed10,mediaOrch,160,146588263,mediaOrch_146588263_infrastructure_160,random-search,10,"{""iterations_count"": 1000, ""seed"": 10, ""time_budget_ms"": 300000}",ok,FEASIBLE,True,0.05602819868635914,0.05602819868635914,True,10.450008884999999,77.73349999999999,1.0,300009.0,2844782,305.208,,5,1212,
mediaOrch_146588263_infrastructure_165|evolutionary-heuristics#seed1,mediaOrch,165,146588263,mediaOrch_146588263_infrastructure_165,evolutionary-heuristics,1,"{""algorithm"": ""NSGAII"", ""max_evaluations"": 1000, ""operators"": ""UNIFORM"", ""population_size"": 20, ""seed"": 1, ""time_budget_ms"": 300000}",ok,FEASIBLE,True,0.02219808543577889,0.02219808543577889,True,1.7017166,39.0,1.0,300009.0,2958584,304.764,,5,1042,
mediaOrch_146588263_infrastructure_165|random-search#seed1,mediaOrch,165,146588263,mediaOrch_146588263_infrastructure_165,random-search,1,"{""iterations_count"": 1000, ""seed"": 1, ""time_budget_ms"": 300000}",ok,FEASIBLE,True,0.06019096288394327,0.06019096288394327,True,6.0309615149999996,97.689,1.0,299858.0,2688859,304.716,,5,1042,
mediaOrch_146588263_infrastructure_165|evolutionary-heuristics#seed2,mediaOrch,165,146588263,mediaOrch_146588263_infrastructure_165,evolutionary-heuristics,2,"{""algorithm"": ""NSGAII"", ""max_evaluations"": 1000, ""operators"": ""UNIFORM"", ""population_size"": 20, ""seed"": 2, ""time_budget_ms"": 300000}",ok,FEASIBLE,True,0.02762085503739172,0.02762085503739172,True,5.60277848,40.0,1.0,299847.0,2831838,304.84,,5,1042,
mediaOrch_146588263_infrastructure_165|random-search#seed2,mediaOrch,165,146588263,mediaOrch_146588263_infrastructure_165,random-search,2,"{""iterations_count"": 1000, ""seed"": 2, ""time_budget_ms"": 300000}",ok,FEASIBLE,True,0.05630342741113391,0.05630342741113391,True,12.830446649999999,75.411,1.0,299991.0,2688286,305.078,,5,1042,
mediaOrch_146588263_infrastructure_165|evolutionary-heuristics#seed3,mediaOrch,165,146588263,mediaOrch_146588263_infrastructure_165,evolutionary-heuristics,3,"{""algorithm"": ""NSGAII"", ""max_evaluations"": 1000, ""operators"": ""UNIFORM"", ""population_size"": 20, ""seed"": 3, ""time_budget_ms"": 300000}",ok,FEASIBLE,True,0.02701295767792154,0.027012957677921542,True,5.1155736,40.0,1.0,299991.0,2862395,304.847,,5,1042,
mediaOrch_146588263_infrastructure_165|random-search#seed3,mediaOrch,165,146588263,mediaOrch_146588263_infrastructure_165,random-search,3,"{""iterations_count"": 1000, ""seed"": 3, ""time_budget_ms"": 300000}",ok,FEASIBLE,True,0.03811954243582626,0.03811954243582626,True,5.1504374,59.922,1.0,299968.0,2599927,304.851,,5,1042,
mediaOrch_146588263_infrastructure_165|evolutionary-heuristics#seed4,mediaOrch,165,146588263,mediaOrch_146588263_infrastructure_165,evolutionary-heuristics,4,"{""algorithm"": ""NSGAII"", ""max_evaluations"": 1000, ""operators"": ""UNIFORM"", ""population_size"": 20, ""seed"": 4, ""time_budget_ms"": 300000}",ok,FEASIBLE,True,0.02762085503739172,0.02762085503739172,True,5.60277848,40.0,1.0,299969.0,2769518,304.918,,5,1042,
mediaOrch_146588263_infrastructure_165|random-search#seed4,mediaOrch,165,146588263,mediaOrch_146588263_infrastructure_165,random-search,4,"{""iterations_count"": 1000, ""seed"": 4, ""time_budget_ms"": 300000}",ok,FEASIBLE,True,0.051503711081805896,0.051503711081805896,True,7.950003885,77.73349999999999,1.0,299991.0,2636926,304.836,,5,1042,
mediaOrch_146588263_infrastructure_165|evolutionary-heuristics#seed5,mediaOrch,165,146588263,mediaOrch_146588263_infrastructure_165,evolutionary-heuristics,5,"{""algorithm"": ""NSGAII"", ""max_evaluations"": 1000, ""operators"": ""UNIFORM"", ""population_size"": 20, ""seed"": 5, ""time_budget_ms"": 300000}",ok,FEASIBLE,True,0.02219808543577889,0.02219808543577889,True,1.7017166,39.0,1.0,300097.0,2788279,304.975,,5,1042,
mediaOrch_146588263_infrastructure_165|random-search#seed5,mediaOrch,165,146588263,mediaOrch_146588263_infrastructure_165,random-search,5,"{""iterations_count"": 1000, ""seed"": 5, ""time_budget_ms"": 300000}",ok,FEASIBLE,True,0.06468334322551958,0.06468334322551958,True,6.8733451500000005,103.886,1.0,300103.0,2586928,305.217,,5,1042,
mediaOrch_146588263_infrastructure_165|evolutionary-heuristics#seed6,mediaOrch,165,146588263,mediaOrch_146588263_infrastructure_165,evolutionary-heuristics,6,"{""algorithm"": ""NSGAII"", ""max_evaluations"": 1000, ""operators"": ""UNIFORM"", ""population_size"": 20, ""seed"": 6, ""time_budget_ms"": 300000}",ok,FEASIBLE,True,0.020546838714888636,0.020546838714888636,True,1.26844236,37.0,1.0,300007.0,2793297,305.388,,5,1042,
mediaOrch_146588263_infrastructure_165|random-search#seed6,mediaOrch,165,146588263,mediaOrch_146588263_infrastructure_165,random-search,6,"{""iterations_count"": 1000, ""seed"": 6, ""time_budget_ms"": 300000}",ok,FEASIBLE,True,0.06035479114409786,0.06035479114409786,True,15.175744825,77.437,1.0,300006.0,2680293,304.908,,5,1042,
mediaOrch_146588263_infrastructure_165|evolutionary-heuristics#seed7,mediaOrch,165,146588263,mediaOrch_146588263_infrastructure_165,evolutionary-heuristics,7,"{""algorithm"": ""NSGAII"", ""max_evaluations"": 1000, ""operators"": ""UNIFORM"", ""population_size"": 20, ""seed"": 7, ""time_budget_ms"": 300000}",ok,FEASIBLE,True,0.02701295767792154,0.027012957677921542,True,5.1155736,40.0,1.0,300007.0,2842915,304.867,,5,1042,
mediaOrch_146588263_infrastructure_165|random-search#seed7,mediaOrch,165,146588263,mediaOrch_146588263_infrastructure_165,random-search,7,"{""iterations_count"": 1000, ""seed"": 7, ""time_budget_ms"": 300000}",ok,FEASIBLE,True,0.05456347839291107,0.05456347839291107,True,5.91912997,87.8065,1.0,300007.0,2669656,304.92,,5,1042,
mediaOrch_146588263_infrastructure_165|evolutionary-heuristics#seed8,mediaOrch,165,146588263,mediaOrch_146588263_infrastructure_165,evolutionary-heuristics,8,"{""algorithm"": ""NSGAII"", ""max_evaluations"": 1000, ""operators"": ""UNIFORM"", ""population_size"": 20, ""seed"": 8, ""time_budget_ms"": 300000}",ok,FEASIBLE,True,0.02219808543577889,0.02219808543577889,True,1.7017166,39.0,1.0,300071.0,2782341,305.321,,5,1042,
mediaOrch_146588263_infrastructure_165|random-search#seed8,mediaOrch,165,146588263,mediaOrch_146588263_infrastructure_165,random-search,8,"{""iterations_count"": 1000, ""seed"": 8, ""time_budget_ms"": 300000}",ok,FEASIBLE,True,0.05522132282063299,0.05522132282063299,True,4.796059735000002,91.5145,1.0,300071.0,2557461,305.259,,5,1042,
mediaOrch_146588263_infrastructure_165|evolutionary-heuristics#seed9,mediaOrch,165,146588263,mediaOrch_146588263_infrastructure_165,evolutionary-heuristics,9,"{""algorithm"": ""NSGAII"", ""max_evaluations"": 1000, ""operators"": ""UNIFORM"", ""population_size"": 20, ""seed"": 9, ""time_budget_ms"": 300000}",ok,FEASIBLE,True,0.028045721685720358,0.028045721685720358,True,5.49822548,41.0,1.0,300009.0,2789064,304.861,,5,1042,
mediaOrch_146588263_infrastructure_165|random-search#seed9,mediaOrch,165,146588263,mediaOrch_146588263_infrastructure_165,random-search,9,"{""iterations_count"": 1000, ""seed"": 9, ""time_budget_ms"": 300000}",ok,FEASIBLE,True,0.05106477814439779,0.05106477814439779,True,7.447117090000001,78.07300000000001,1.0,300009.0,2637909,305.339,,5,1042,
mediaOrch_146588263_infrastructure_165|evolutionary-heuristics#seed10,mediaOrch,165,146588263,mediaOrch_146588263_infrastructure_165,evolutionary-heuristics,10,"{""algorithm"": ""NSGAII"", ""max_evaluations"": 1000, ""operators"": ""UNIFORM"", ""population_size"": 20, ""seed"": 10, ""time_budget_ms"": 300000}",ok,FEASIBLE,True,0.02219808543577889,0.02219808543577889,True,1.7017166,39.0,1.0,300009.0,2856236,304.877,,5,1042,
mediaOrch_146588263_infrastructure_165|random-search#seed10,mediaOrch,165,146588263,mediaOrch_146588263_infrastructure_165,random-search,10,"{""iterations_count"": 1000, ""seed"": 10, ""time_budget_ms"": 300000}",ok,FEASIBLE,True,0.056991393615348954,0.056991393615348954,True,4.0258633,96.43249999999999,1.0,300010.0,2659078,304.863,,5,1042,
mediaOrch_146588263_infrastructure_170|evolutionary-heuristics#seed1,mediaOrch,170,146588263,mediaOrch_146588263_infrastructure_170,evolutionary-heuristics,1,"{""algorithm"": ""NSGAII"", ""max_evaluations"": 1000, ""operators"": ""UNIFORM"", ""population_size"": 20, ""seed"": 1, ""time_budget_ms"": 300000}",ok,FEASIBLE,True,0.02307260340436271,0.02307260340436271,True,1.7017166,41.0,1.0,300034.0,3027772,305.88,,5,1330,
mediaOrch_146588263_infrastructure_170|random-search#seed1,mediaOrch,170,146588263,mediaOrch_146588263_infrastructure_170,random-search,1,"{""iterations_count"": 1000, ""seed"": 1, ""time_budget_ms"": 300000}",ok,FEASIBLE,True,0.047526512758699936,0.047526512758699936,True,14.959999999999999,57.501,1.0,300039.0,2217852,306.129,,5,1330,
mediaOrch_146588263_infrastructure_170|evolutionary-heuristics#seed2,mediaOrch,170,146588263,mediaOrch_146588263_infrastructure_170,evolutionary-heuristics,2,"{""algorithm"": ""NSGAII"", ""max_evaluations"": 1000, ""operators"": ""UNIFORM"", ""population_size"": 20, ""seed"": 2, ""time_budget_ms"": 300000}",ok,FEASIBLE,True,0.02527187314695455,0.02527187314695455,True,5.49822548,37.0,1.0,300009.0,1841940,306.688,,5,1330,
mediaOrch_146588263_infrastructure_170|random-search#seed2,mediaOrch,170,146588263,mediaOrch_146588263_infrastructure_170,random-search,2,"{""iterations_count"": 1000, ""seed"": 2, ""time_budget_ms"": 300000}",ok,FEASIBLE,True,0.05269340392998796,0.05269340392998796,True,2.649543755,92.8115,1.0,300011.0,2053530,311.836,,5,1330,
mediaOrch_146588263_infrastructure_170|evolutionary-heuristics#seed3,mediaOrch,170,146588263,mediaOrch_146588263_infrastructure_170,evolutionary-heuristics,3,"{""algorithm"": ""NSGAII"", ""max_evaluations"": 1000, ""operators"": ""UNIFORM"", ""population_size"": 20, ""seed"": 3, ""time_budget_ms"": 300000}",ok,FEASIBLE,True,0.025943575750632473,0.025943575750632473,True,5.60277848,38.0,1.0,300009.0,2547260,308.837,,5,1330,
mediaOrch_146588263_infrastructure_170|random-search#seed3,mediaOrch,170,146588263,mediaOrch_146588263_infrastructure_170,random-search,3,"{""iterations_count"": 1000, ""seed"": 3, ""time_budget_ms"": 300000}",ok,FEASIBLE,True,0.04527794788670794,0.04527794788670794,True,19.966112625,42.873999999999995,1.0,300010.0,2386234,306.605,,5,1330,
mediaOrch_146588263_infrastructure_170|evolutionary-heuristics#seed4,mediaOrch,170,146588263,mediaOrch_146588263_infrastructure_170,evolutionary-heuristics,4,"{""algorithm"": ""NSGAII"", ""max_evaluations"": 1000, ""operators"": ""UNIFORM"", ""population_size"": 20, ""seed"": 4, ""time_budget_ms"": 300000}",ok,FEASIBLE,True,0.02527187314695455,0.02527187314695455,True,5.49822548,37.0,1.0,299971.0,2302244,308.101,,5,1330,
mediaOrch_146588263_infrastructure_170|random-search#seed4,mediaOrch,170,146588263,mediaOrch_146588263_infrastructure_170,random-search,4,"{""iterations_count"": 1000, ""seed"": 4, ""time_budget_ms"": 300000}",ok,FEASIBLE,True,0.05858810149317919,0.05858810149317919,True,5.681018065,97.13550000000001,1.0,299972.0,1919561,306.011,,5,1330,
mediaOrch_146588263_infrastructure_170|evolutionary-heuristics#seed5,mediaOrch,170,146588263,mediaOrch_146588263_infrastructure_170,evolutionary-heuristics,5,"{""algorithm"": ""NSGAII"", ""max_evaluations"": 1000, ""operators"": ""UNIFORM"", ""population_size"": 20, ""seed"": 5, ""time_budget_ms"": 300000}",ok,FEASIBLE,True,0.02307260340436271,0.02307260340436271,True,1.7017166,41.0,1.0,300009.0,2102381,309.035,,5,1330,
mediaOrch_146588263_infrastructure_170|random-search#seed5,mediaOrch,170,146588263,mediaOrch_146588263_infrastructure_170,random-search,5,"{""iterations_count"": 1000, ""seed"": 5, ""time_budget_ms"": 300000}",ok,FEASIBLE,True,0.059632732987109374,0.059632732987109374,True,7.949225180000001,94.25650000000002,1.0,300009.0,1895715,309.885,,5,1330,
mediaOrch_146588263_infrastructure_170|evolutionary-heuristics#seed6,mediaOrch,170,146588263,mediaOrch_146588263_infrastructure_170,evolutionary-heuristics,6,"{""algorithm"": ""NSGAII"", ""max_evaluations"": 1000, ""operators"": ""UNIFORM"", ""population_size"": 20, ""seed"": 6, ""time_budget_ms"": 300000}",ok,FEASIBLE,True,0.023816165455621482,0.023816165455621482,True,4.24253556,37.0,1.0,300009.0,1715623,307.399,,5,1330,
mediaOrch_146588263_infrastructure_170|random-search#seed6,mediaOrch,170,146588263,mediaOrch_146588263_infrastructure_170,random-search,6,"{""iterations_count"": 1000, ""seed"": 6, ""time_budget_ms"": 300000}",ok,FEASIBLE,True,0.054253883275468956,0.054253883275468956,True,13.03876778,73.7675,1.0,300010.0,1721839,313.712,,5,1330,
mediaOrch_146588263_infrastructure_170|evolutionary-heuristics#seed7,mediaOrch,170,146588263,mediaOrch_146588263_infrastructure_170,evolutionary-heuristics,7,"{""algorithm"": ""NSGAII"", ""max_evaluations"": 1000, ""operators"": ""UNIFORM"", ""population_size"": 20, ""seed"": 7, ""time_budget_ms"": 300000}",ok,FEASIBLE,True,0.02527187314695455,0.02527187314695455,True,5.49822548,37.0,1.0,299985.0,2403893,310.2,,5,1330,
mediaOrch_146588263_infrastructure_170|random-search#seed7,mediaOrch,170,146588263,mediaOrch_146588263_infrastructure_170,random-search,7,"{""iterations_count"": 1000, ""seed"": 7, ""time_budget_ms"": 300000}",ok,FEASIBLE,True,0.05719530326447457,0.05719530326447457,True,15.83957462,73.2125,1.0,299984.0,2259966,306.977,,5,1330,
mediaOrch_146588263_infrastructure_170|evolutionary-heuristics#seed8,mediaOrch,170,146588263,mediaOrch_146588263_infrastructure_170,evolutionary-heuristics,8,"{""algorithm"": ""NSGAII"", ""max_evaluations"": 1000, ""operators"": ""UNIFORM"", ""population_size"": 20, ""seed"": 8, ""time_budget_ms"": 300000}",ok,FEASIBLE,True,0.02307260340436271,0.02307260340436271,True,1.7017166,41.0,1.0,300010.0,2504513,314.24,,5,1330,
mediaOrch_146588263_infrastructure_170|random-search#seed8,mediaOrch,170,146588263,mediaOrch_146588263_infrastructure_170,random-search,8,"{""iterations_count"": 1000, ""seed"": 8, ""time_budget_ms"": 300000}",ok,FEASIBLE,True,0.05099904046422355,0.05099904046422355,True,3.0135739699999995,88.967,1.0,300009.0,2181356,307.582,,5,1330,
mediaOrch_146588263_infrastructure_170|evolutionary-heuristics#seed9,mediaOrch,170,146588263,mediaOrch_146588263_infrastructure_170,evolutionary-heuristics,9,"{""algorithm"": ""NSGAII"", ""max_evaluations"": 1000, ""operators"": ""UNIFORM"", ""population_size"": 20, ""seed"": 9, ""time_budget_ms"": 300000}",ok,FEASIBLE,True,0.023816165455621482,0.023816165455621482,True,4.24253556,37.0,1.0,300008.0,2015717,307.289,,5,1330,
mediaOrch_146588263_infrastructure_170|random-search#seed9,mediaOrch,170,146588263,mediaOrch_146588263_infrastructure_170,random-search,9,"{""iterations_count"": 1000, ""seed"": 9, ""time_budget_ms"": 300000}",ok,FEASIBLE,True,0.06582764795599563,0.06582764795599563,True,20.720641889999996,78.61449999999999,1.0,299987.0,1672690,308.096,,5,1330,
mediaOrch_146588263_infrastructure_170|evolutionary-heuristics#seed10,mediaOrch,170,146588263,mediaOrch_146588263_infrastructure_170,evolutionary-heuristics,10,"{""algorithm"": ""NSGAII"", ""max_evaluations"": 1000, ""operators"": ""UNIFORM"", ""population_size"": 20, ""seed"": 10, ""time_budget_ms"": 300000}",ok,FEASIBLE,True,0.02307260340436271,0.02307260340436271,True,1.7017166,41.0,1.0,299984.0,1699084,311.126,,5,1330,
mediaOrch_146588263_infrastructure_170|random-search#seed10,mediaOrch,170,146588263,mediaOrch_146588263_infrastructure_170,random-search,10,"{""iterations_count"": 1000, ""seed"": 10, ""time_budget_ms"": 300000}",ok,FEASIBLE,True,0.06589137391488727,0.06589137391488727,True,13.56563514,93.798,1.0,300006.0,1675641,312.008,,5,1330,
mediaOrch_146588263_infrastructure_175|evolutionary-heuristics#seed1,mediaOrch,175,146588263,mediaOrch_146588263_infrastructure_175,evolutionary-heuristics,1,"{""algorithm"": ""NSGAII"", ""max_evaluations"": 1000, ""operators"": ""UNIFORM"", ""population_size"": 20, ""seed"": 1, ""time_budget_ms"": 300000}",ok,FEASIBLE,True,0.020444618420352476,0.020444618420352476,True,1.7017166,36.0,1.0,300009.0,1841312,309.678,,5,1296,
mediaOrch_146588263_infrastructure_175|random-search#seed1,mediaOrch,175,146588263,mediaOrch_146588263_infrastructure_175,random-search,1,"{""iterations_count"": 1000, ""seed"": 1, ""time_budget_ms"": 300000}",ok,FEASIBLE,True,0.06001379044808561,0.06001379044808561,True,23.500003999999997,51.7205,1.0,300011.0,1996921,311.448,,5,1296,
mediaOrch_146588263_infrastructure_175|evolutionary-heuristics#seed2,mediaOrch,175,146588263,mediaOrch_146588263_infrastructure_175,evolutionary-heuristics,2,"{""algorithm"": ""NSGAII"", ""max_evaluations"": 1000, ""operators"": ""UNIFORM"", ""population_size"": 20, ""seed"": 2, ""time_budget_ms"": 300000}",ok,FEASIBLE,True,0.022584441272941236,0.022584441272941236,True,1.26844236,41.0,1.0,300010.0,2594715,309.318,,5,1296,
mediaOrch_146588263_infrastructure_175|random-search#seed2,mediaOrch,175,146588263,mediaOrch_146588263_infrastructure_175,random-search,2,"{""iterations_count"": 1000, ""seed"": 2, ""time_budget_ms"": 300000}",ok,FEASIBLE,True,0.06283808427962727,0.06283808427962727,True,4.40601734,106.0,1.0,299905.0,2434287,306.032,,5,1296,
mediaOrch_146588263_infrastructure_175|evolutionary-heuristics#seed3,mediaOrch,175,146588263,mediaOrch_146588263_infrastructure_175,evolutionary-heuristics,3,"{""algorithm"": ""NSGAII"", ""max_evaluations"": 1000, ""operators"": ""UNIFORM"", ""population_size"": 20, ""seed"": 3, ""time_budget_ms"": 300000}",ok,FEASIBLE,True,0.036307484254123196,0.036307484254123196,True,12.68,36.537,1.0,299897.0,2696787,306.335,,5,1296,
mediaOrch_146588263_infrastructure_175|random-search#seed3,mediaOrch,175,146588263,mediaOrch_146588263_infrastructure_175,random-search,3,"{""iterations_count"": 1000, ""seed"": 3, ""time_budget_ms"": 300000}",ok,FEASIBLE,True,0.05481926477150769,0.05481926477150769,True,5.9008593000000005,87.59450000000001,1.0,299998.0,2560535,306.4,,5,1296,
mediaOrch_146588263_infrastructure_175|evolutionary-heuristics#seed4,mediaOrch,175,146588263,mediaOrch_146588263_infrastructure_175,evolutionary-heuristics,4,"{""algorithm"": ""NSGAII"", ""max_evaluations"": 1000, ""operators"": ""UNIFORM"", ""population_size"": 20, ""seed"": 4, ""time_budget_ms"": 300000}",ok,FEASIBLE,True,0.026185540657613384,0.026185540657613384,True,4.19649388,40.0,1.0,299998.0,2779182,305.659,,5,1296,
mediaOrch_146588263_infrastructure_175|random-search#seed4,mediaOrch,175,146588263,mediaOrch_146588263_infrastructure_175,random-search,4,"{""iterations_count"": 1000, ""seed"": 4, ""time_budget_ms"": 300000}",ok,FEASIBLE,True,0.05302134864105649,0.05302134864105649,True,8.904886315,76.5975,1.0,299999.0,2622024,305.937,,5,1296,
mediaOrch_146588263_infrastructure_175|evolutionary-heuristics#seed5,mediaOrch,175,146588263,mediaOrch_146588263_infrastructure_175,evolutionary-heuristics,5,"{""algorithm"": ""NSGAII"", ""max_evaluations"": 1000, ""operators"": ""UNIFORM"", ""population_size"": 20, ""seed"": 5, ""time_budget_ms"": 300000}",ok,FEASIBLE,True,0.020444618420352476,0.020444618420352476,True,1.7017166,36.0,1.0,299998.0,2773251,305.852,,5,1296,
mediaOrch_146588263_infrastructure_175|random-search#seed5,mediaOrch,175,146588263,mediaOrch_146588263_infrastructure_175,random-search,5,"{""iterations_count"": 1000, ""seed"": 5, ""time_budget_ms"": 300000}",ok,FEASIBLE,True,0.05680967874696351,0.05680967874696351,True,7.647370409999999,86.71199999999999,1.0,300061.0,2598717,307.297,,5,1296,
mediaOrch_146588263_infrastructure_175|evolutionary-heuristics#seed6,mediaOrch,175,146588263,mediaOrch_146588263_infrastructure_175,evolutionary-heuristics,6,"{""algorithm"": ""NSGAII"", ""max_evaluations"": 1000, ""operators"": ""UNIFORM"", ""population_size"": 20, ""seed"": 6, ""time_budget_ms"": 300000}",ok,FEASIBLE,True,0.020444618420352476,0.020444618420352476,True,1.7017166,36.0,1.0,300067.0,2868319,307.302,,5,1296,
mediaOrch_146588263_infrastructure_175|random-search#seed6,mediaOrch,175,146588263,mediaOrch_146588263_infrastructure_175,random-search,6,"{""iterations_count"": 1000, ""seed"": 6, ""time_budget_ms"": 300000}",ok,FEASIBLE,True,0.0439926618878254,0.0439926618878254,True,8.037728825,62.43900000000001,1.0,300009.0,2615499,306.021,,5,1296,
mediaOrch_146588263_infrastructure_175|evolutionary-heuristics#seed7,mediaOrch,175,146588263,mediaOrch_146588263_infrastructure_175,evolutionary-heuristics,7,"{""algorithm"": ""NSGAII"", ""max_evaluations"": 1000, ""operators"": ""UNIFORM"", ""population_size"": 20, ""seed"": 7, ""time_budget_ms"": 300000}",ok,FEASIBLE,True,0.020444618420352476,0.020444618420352476,True,1.7017166,36.0,1.0,300009.0,2709161,305.788,,5,1296,
mediaOrch_146588263_infrastructure_175|random-search#seed7,mediaOrch,175,146588263,mediaOrch_146588263_infrastructure_175,random-search,7,"{""iterations_count"": 1000, ""seed"": 7, ""time_budget_ms"": 300000}",ok,FEASIBLE,True,0.040081527671344305,0.040081527671344305,True,3.3381394849999997,67.4365,1.0,300009.0,2499618,306.517,,5,1296,
mediaOrch_146588263_infrastructure_175|evolutionary-heuristics#seed8,mediaOrch,175,146588263,mediaOrch_146588263_infrastructure_175,evolutionary-heuristics,8,"{""algorithm"": ""NSGAII"", ""max_evaluations"": 1000, ""operators"": ""UNIFORM"", ""population_size"": 20, ""seed"": 8, ""time_budget_ms"": 300000}",ok,FEASIBLE,True,0.036307484254123196,0.036307484254123196,True,12.68,36.537,1.0,300009.0,2728731,306.201,,5,1296,
mediaOrch_146588263_infrastructure_175|random-search#seed8,mediaOrch,175,146588263,mediaOrch_146588263_infrastructure_175,random-search,8,"{""iterations_count"": 1000, ""seed"": 8, ""time_budget_ms"": 300000}",ok,FEASIBLE,True,0.05340808294482621,0.05340808294482621,True,11.033129665,71.821,1.0,299983.0,2605753,305.934,,5,1296,
mediaOrch_146588263_infrastructure_175|evolutionary-heuristics#seed9,mediaOrch,175,146588263,mediaOrch_146588263_infrastructure_175,evolutionary-heuristics,9,"{""algorithm"": ""NSGAII"", ""max_evaluations"": 1000, ""operators"": ""UNIFORM"", ""population_size"": 20, ""seed"": 9, ""time_budget_ms"": 300000}",ok,FEASIBLE,True,0.026185540657613384,0.026185540657613384,True,4.19649388,40.0,1.0,299982.0,2876781,306.045,,5,1296,
mediaOrch_146588263_infrastructure_175|random-search#seed9,mediaOrch,175,146588263,mediaOrch_146588263_infrastructure_175,random-search,9,"{""iterations_count"": 1000, ""seed"": 9, ""time_budget_ms"": 300000}",ok,FEASIBLE,True,0.040906476466881184,0.040906476466881184,True,9.92501825,51.978,1.0,300009.0,2650168,306.406,,5,1296,
mediaOrch_146588263_infrastructure_175|evolutionary-heuristics#seed10,mediaOrch,175,146588263,mediaOrch_146588263_infrastructure_175,evolutionary-heuristics,10,"{""algorithm"": ""NSGAII"", ""max_evaluations"": 1000, ""operators"": ""UNIFORM"", ""population_size"": 20, ""seed"": 10, ""time_budget_ms"": 300000}",ok,FEASIBLE,True,0.036307484254123196,0.036307484254123196,True,12.68,36.537,1.0,299992.0,2859859,306.805,,5,1296,
mediaOrch_146588263_infrastructure_175|random-search#seed10,mediaOrch,175,146588263,mediaOrch_146588263_infrastructure_175,random-search,10,"{""iterations_count"": 1000, ""seed"": 10, ""time_budget_ms"": 300000}",ok,FEASIBLE,True,0.061181980651167346,0.061181980651167346,True,7.835200260000001,94.166,1.0,299993.0,2696227,305.997,,5,1296,
mediaOrch_146588263_infrastructure_180|evolutionary-heuristics#seed1,mediaOrch,180,146588263,mediaOrch_146588263_infrastructure_180,evolutionary-heuristics,1,"{""algorithm"": ""NSGAII"", ""max_evaluations"": 1000, ""operators"": ""UNIFORM"", ""population_size"": 20, ""seed"": 1, ""time_budget_ms"": 300000}",ok,FEASIBLE,True,0.02094832391154915,0.02094832391154915,True,1.7017166,37.0,1.0,300009.0,3074047,305.182,,5,1094,
mediaOrch_146588263_infrastructure_180|random-search#seed1,mediaOrch,180,146588263,mediaOrch_146588263_infrastructure_180,random-search,1,"{""iterations_count"": 1000, ""seed"": 1, ""time_budget_ms"": 300000}",ok,FEASIBLE,True,0.045683234192493476,0.045683234192493476,True,4.6999973850000005,75.73349999999999,1.0,300316.0,2876288,305.729,,5,1094,
mediaOrch_146588263_infrastructure_180|evolutionary-heuristics#seed2,mediaOrch,180,146588263,mediaOrch_146588263_infrastructure_180,evolutionary-heuristics,2,"{""algorithm"": ""NSGAII"", ""max_evaluations"": 1000, ""operators"": ""UNIFORM"", ""population_size"": 20, ""seed"": 2, ""time_budget_ms"": 300000}",ok,FEASIBLE,True,0.024855691800487505,0.024855691800487505,True,4.24253556,39.0,1.0,300026.0,2637584,305.14,,5,1094,
mediaOrch_146588263_infrastructure_180|random-search#seed2,mediaOrch,180,146588263,mediaOrch_146588263_infrastructure_180,random-search,2,"{""iterations_count"": 1000, ""seed"": 2, ""time_budget_ms"": 300000}",ok,FEASIBLE,True,0.054755288561262855,0.054755288561262855,True,18.100633889999997,65.431,1.0,300008.0,1845354,305.299,,5,1094,
mediaOrch_146588263_infrastructure_180|evolutionary-heuristics#seed3,mediaOrch,180,146588263,mediaOrch_146588263_infrastructure_180,evolutionary-heuristics,3,"{""algorithm"": ""NSGAII"", ""max_evaluations"": 1000, ""operators"": ""UNIFORM"", ""population_size"": 20, ""seed"": 3, ""time_budget_ms"": 300000}",ok,FEASIBLE,True,0.02094832391154915,0.02094832391154915,True,1.7017166,37.0,1.0,300009.0,1761201,306.556,,5,1094,
mediaOrch_146588263_infrastructure_180|random-search#seed3,mediaOrch,180,146588263,mediaOrch_146588263_infrastructure_180,random-search,3,"{""iterations_count"": 1000, ""seed"": 3, ""time_budget_ms"": 300000}",ok,FEASIBLE,True,0.06644369198365291,0.06644369198365291,True,18.11711059,86.5245,1.0,300010.0,1697796,315.096,,5,1094,
mediaOrch_146588263_infrastructure_180|evolutionary-heuristics#seed4,mediaOrch,180,146588263,mediaOrch_146588263_infrastructure_180,evolutionary-heuristics,4,"{""algorithm"": ""NSGAII"", ""max_evaluations"": 1000, ""operators"": ""UNIFORM"", ""population_size"": 20, ""seed"": 4, ""time_budget_ms"": 300000}",ok,FEASIBLE,True,0.02094832391154915,0.02094832391154915,True,1.7017166,37.0,1.0,300009.0,1987918,309.847,,5,1094,
mediaOrch_146588263_infrastructure_180|random-search#seed4,mediaOrch,180,146588263,mediaOrch_146588263_infrastructure_180,random-search,4,"{""iterations_count"": 1000, ""seed"": 4, ""time_budget_ms"": 300000}",ok,FEASIBLE,True,0.060442748737233334,0.060442748737233334,True,13.774949464999999,84.3295,1.0,299913.0,1870859,308.869,,5,1094,
mediaOrch_146588263_infrastructure_180|evolutionary-heuristics#seed5,mediaOrch,180,146588263,mediaOrch_146588263_infrastructure_180,evolutionary-heuristics,5,"{""algorithm"": ""NSGAII"", ""max_evaluations"": 1000, ""operators"": ""UNIFORM"", ""population_size"": 20, ""seed"": 5, ""time_budget_ms"": 300000}",ok,FEASIBLE,True,0.02094832391154915,0.02094832391154915,True,1.7017166,37.0,1.0,299909.0,1879015,310.344,,5,1094,
mediaOrch_146588263_infrastructure_180|random-search#seed5,mediaOrch,180,146588263,mediaOrch_146588263_infrastructure_180,random-search,5,"{""iterations_count"": 1000, ""seed"": 5, ""time_budget_ms"": 300000}",ok,FEASIBLE,True,0.04503594768540077,0.04503594768540077,True,25.35340905,33.413,1.0,299999.0,1890108,308.441,,5,1094,
mediaOrch_146588263_infrastructure_180|evolutionary-heuristics#seed6,mediaOrch,180,146588263,mediaOrch_146588263_infrastructure_180,evolutionary-heuristics,6,"{""algorithm"": ""NSGAII"", ""max_evaluations"": 1000, ""operators"": ""UNIFORM"", ""population_size"": 20, ""seed"": 6, ""time_budget_ms"": 300000}",ok,FEASIBLE,True,0.021023971351066793,0.021023971351066793,True,1.26844236,38.0,1.0,299901.0,1828972,309.725,,5,1094,
mediaOrch_146588263_infrastructure_180|random-search#seed6,mediaOrch,180,146588263,mediaOrch_146588263_infrastructure_180,random-search,6,"{""iterations_count"": 1000, ""seed"": 6, ""time_budget_ms"": 300000}",ok,FEASIBLE,True,0.05314881413456699,0.05314881413456699,True,3.3475015699999995,91.922,1.0,300001.0,1578222,323.637,,5,1094,
mediaOrch_146588263_infrastructure_180|evolutionary-heuristics#seed7,mediaOrch,180,146588263,mediaOrch_146588263_infrastructure_180,evolutionary-heuristics,7,"{""algorithm"": ""NSGAII"", ""max_evaluations"": 1000, ""operators"": ""UNIFORM"", ""population_size"": 20, ""seed"": 7, ""time_budget_ms"": 300000}",ok,FEASIBLE,True,0.02734641220822945,0.02734641220822945,True,5.49822548,41.0,1.0,300032.0,2349348,308.987,,5,1094,
mediaOrch_146588263_infrastructure_180|random-search#seed7,mediaOrch,180,146588263,mediaOrch_146588263_infrastructure_180,random-search,7,"{""iterations_count"": 1000, ""seed"": 7, ""time_budget_ms"": 300000}",ok,FEASIBLE,True,0.05383250888119316,0.05383250888119316,True,5.044045440000001,89.7775,1.0,300043.0,2248114,309.513,,5,1094,
mediaOrch_146588263_infrastructure_180|evolutionary-heuristics#seed8,mediaOrch,180,146588263,mediaOrch_146588263_infrastructure_180,evolutionary-heuristics,8,"{""algorithm"": ""NSGAII"", ""max_evaluations"": 1000, ""operators"": ""UNIFORM"", ""population_size"": 20, ""seed"": 8, ""time_budget_ms"": 300000}",ok,FEASIBLE,True,0.025264813018591483,0.025264813018591483,True,5.1155736,38.0,1.0,300016.0,2445612,306.642,,5,1094,
mediaOrch_146588263_infrastructure_180|random-search#seed8,mediaOrch,180,146588263,mediaOrch_146588263_infrastructure_180,random-search,8,"{""iterations_count"": 1000, ""seed"": 8, ""time_budget_ms"": 300000}",ok,FEASIBLE,True,0.05924080763326216,0.05924080763326216,True,21.88414684,66.0,1.0,300009.0,2520195,307.784,,5,1094,
mediaOrch_146588263_infrastructure_180|evolutionary-heuristics#seed9,mediaOrch,180,146588263,mediaOrch_146588263_infrastructure_180,evolutionary-heuristics,9,"{""algorithm"": ""NSGAII"", ""max_evaluations"": 1000, ""operators"": ""UNIFORM"", ""population_size"": 20, ""seed"": 9, ""time_budget_ms"": 300000}",ok,FEASIBLE,True,0.021023971351066793,0.021023971351066793,True,1.26844236,38.0,1.0,300009.0,2667172,307.719,,5,1094,
mediaOrch_146588263_infrastructure_180|random-search#seed9,mediaOrch,180,146588263,mediaOrch_146588263_infrastructure_180,random-search,9,"{""iterations_count"": 1000, ""seed"": 9, ""time_budget_ms"": 300000}",ok,FEASIBLE,True,0.05589197762952373,0.05589197762952373,True,7.72413884,88.16,1.0,300010.0,2519642,308.405,,5,1094,
mediaOrch_146588263_infrastructure_180|evolutionary-heuristics#seed10,mediaOrch,180,146588263,mediaOrch_146588263_infrastructure_180,evolutionary-heuristics,10,"{""algorithm"": ""NSGAII"", ""max_evaluations"": 1000, ""operators"": ""UNIFORM"", ""population_size"": 20, ""seed"": 10, ""time_budget_ms"": 300000}",ok,FEASIBLE,True,0.021023971351066793,0.021023971351066793,True,1.26844236,38.0,1.0,300028.0,2782745,305.697,,5,1094,
mediaOrch_146588263_infrastructure_180|random-search#seed10,mediaOrch,180,146588263,mediaOrch_146588263_infrastructure_180,random-search,10,"{""iterations_count"": 1000, ""seed"": 10, ""time_budget_ms"": 300000}",ok,FEASIBLE,True,0.05025762149827194,0.05025762149827194,True,4.9517120750000005,83.5,1.0,300031.0,2494255,306.449,,5,1094,
mediaOrch_146588263_infrastructure_185|evolutionary-heuristics#seed1,mediaOrch,185,146588263,mediaOrch_146588263_infrastructure_185,evolutionary-heuristics,1,"{""algorithm"": ""NSGAII"", ""max_evaluations"": 1000, ""operators"": ""UNIFORM"", ""population_size"": 20, ""seed"": 1, ""time_budget_ms"": 300000}",ok,FEASIBLE,True,0.03297457270843839,0.03297457270843839,True,5.675009749999999,51.205,1.0,300013.0,2249221,308.27,,5,1383,
mediaOrch_146588263_infrastructure_185|random-search#seed1,mediaOrch,185,146588263,mediaOrch_146588263_infrastructure_185,random-search,1,"{""iterations_count"": 1000, ""seed"": 1, ""time_budget_ms"": 300000}",ok,FEASIBLE,True,0.04884266083728377,0.04884266083728377,True,2.349207015,86.461,1.0,300010.0,1863841,309.158,,5,1383,
mediaOrch_146588263_infrastructure_185|evolutionary-heuristics#seed2,mediaOrch,185,146588263,mediaOrch_146588263_infrastructure_185,evolutionary-heuristics,2,"{""algorithm"": ""NSGAII"", ""max_evaluations"": 1000, ""operators"": ""UNIFORM"", ""population_size"": 20, ""seed"": 2, ""time_budget_ms"": 300000}",ok,FEASIBLE,True,0.024654668710153083,0.024654668710153083,True,4.19649388,39.0,1.0,300009.0,2272075,310.192,,5,1383,
mediaOrch_146588263_infrastructure_185|random-search#seed2,mediaOrch,185,146588263,mediaOrch_146588263_infrastructure_185,random-search,2,"{""iterations_count"": 1000, ""seed"": 2, ""time_budget_ms"": 300000}",ok,FEASIBLE,True,0.05229088574830992,0.05229088574830992,True,6.236409654999999,85.13749999999999,1.0,300010.0,2174686,308.753,,5,1383,
mediaOrch_146588263_infrastructure_185|evolutionary-heuristics#seed3,mediaOrch,185,146588263,mediaOrch_146588263_infrastructure_185,evolutionary-heuristics,3,"{""algorithm"": ""NSGAII"", ""max_evaluations"": 1000, ""operators"": ""UNIFORM"", ""population_size"": 20, ""seed"": 3, ""time_budget_ms"": 300000}",ok,FEASIBLE,True,0.0225246692627081,0.0225246692627081,True,1.7017166,40.0,1.0,299942.0,2244583,306.69,,5,1383,
mediaOrch_146588263_infrastructure_185|random-search#seed3,mediaOrch,185,146588263,mediaOrch_146588263_infrastructure_185,random-search,3,"{""iterations_count"": 1000, ""seed"": 3, ""time_budget_ms"": 300000}",ok,FEASIBLE,True,0.04674693313695234,0.04674693313695234,True,8.56015745,70.5555,1.0,299940.0,2151075,307.49,,5,1383,
mediaOrch_146588263_infrastructure_185|evolutionary-heuristics#seed4,mediaOrch,185,146588263,mediaOrch_146588263_infrastructure_185,evolutionary-heuristics,4,"{""algorithm"": ""NSGAII"", ""max_evaluations"": 1000, ""operators"": ""UNIFORM"", ""population_size"": 20, ""seed"": 4, ""time_budget_ms"": 300000}",ok,FEASIBLE,True,0.03297457270843839,0.03297457270843839,True,5.675009749999999,51.205,1.0,300005.0,2581545,307.103,,5,1383,
mediaOrch_146588263_infrastructure_185|random-search#seed4,mediaOrch,185,146588263,mediaOrch_146588263_infrastructure_185,random-search,4,"{""iterations_count"": 1000, ""seed"": 4, ""time_budget_ms"": 300000}",ok,FEASIBLE,True,0.05606300288114523,0.05606300288114523,True,5.71181807,93.0,1.0,300004.0,2361185,306.376,,5,1383,
mediaOrch_146588263_infrastructure_185|evolutionary-heuristics#seed5,mediaOrch,185,146588263,mediaOrch_146588263_infrastructure_185,evolutionary-heuristics,5,"{""algorithm"": ""NSGAII"", ""max_evaluations"": 1000, ""operators"": ""UNIFORM"", ""population_size"": 20, ""seed"": 5, ""time_budget_ms"": 300000}",ok,FEASIBLE,True,0.03297457270843839,0.03297457270843839,True,5.675009749999999,51.205,1.0,300005.0,2565267,307.067,,5,1383,
mediaOrch_146588263_infrastructure_185|random-search#seed5,mediaOrch,185,146588263,mediaOrch_146588263_infrastructure_185,random-search,5,"{""iterations_count"": 1000, ""seed"": 5, ""time_budget_ms"": 300000}",ok,FEASIBLE,True,0.049946755239046646,0.049946755239046646,True,5.363580875,82.588,1.0,300006.0,2188784,306.293,,5,1383,
mediaOrch_146588263_infrastructure_185|evolutionary-heuristics#seed6,mediaOrch,185,146588263,mediaOrch_146588263_infrastructure_185,evolutionary-heuristics,6,"{""algorithm"": ""NSGAII"", ""max_evaluations"": 1000, ""operators"": ""UNIFORM"", ""population_size"": 20, ""seed"": 6, ""time_budget_ms"": 300000}",ok,FEASIBLE,True,0.03297457270843839,0.03297457270843839,True,5.675009749999999,51.205,1.0,299985.0,2256572,308.282,,5,1383,
mediaOrch_146588263_infrastructure_185|random-search#seed6,mediaOrch,185,146588263,mediaOrch_146588263_infrastructure_185,random-search,6,"{""iterations_count"": 1000, ""seed"": 6, ""time_budget_ms"": 300000}",ok,FEASIBLE,True,0.05891329375986241,0.05891329375986241,True,11.07502,87.71549999999999,1.0,299987.0,2106881,308.916,,5,1383,
mediaOrch_146588263_infrastructure_185|evolutionary-heuristics#seed7,mediaOrch,185,146588263,mediaOrch_146588263_infrastructure_185,evolutionary-heuristics,7,"{""algorithm"": ""NSGAII"", ""max_evaluations"": 1000, ""operators"": ""UNIFORM"", ""population_size"": 20, ""seed"": 7, ""time_budget_ms"": 300000}",ok,FEASIBLE,True,0.0225246692627081,0.0225246692627081,True,1.7017166,40.0,1.0,300006.0,2656737,307.417,,5,1383,
mediaOrch_146588263_infrastructure_185|random-search#seed7,mediaOrch,185,146588263,mediaOrch_146588263_infrastructure_185,random-search,7,"{""iterations_count"": 1000, ""seed"": 7, ""time_budget_ms"": 300000}",ok,FEASIBLE,True,0.04728481276541096,0.04728481276541096,True,14.97458237,59.028999999999996,1.0,300006.0,2401091,306.288,,5,1383,
mediaOrch_146588263_infrastructure_185|evolutionary-heuristics#seed8,mediaOrch,185,146588263,mediaOrch_146588263_infrastructure_185,evolutionary-heuristics,8,"{""algorithm"": ""NSGAII"", ""max_evaluations"": 1000, ""operators"": ""UNIFORM"", ""population_size"": 20, ""seed"": 8, ""time_budget_ms"": 300000}",ok,FEASIBLE,True,0.025255630189854952,0.025255630189854952,True,4.24253556,40.0,1.0,300006.0,2740476,307.554,,5,1383,
mediaOrch_146588263_infrastructure_185|random-search#seed8,mediaOrch,185,146588263,mediaOrch_146588263_infrastructure_185,random-search,8,"{""iterations_count"": 1000, ""seed"": 8, ""time_budget_ms"": 300000}",ok,FEASIBLE,True,0.05524273541936431,0.05524273541936431,True,18.58063389,66.431,1.0,300006.0,2436923,306.795,,5,1383,
mediaOrch_146588263_infrastructure_185|evolutionary-heuristics#seed9,mediaOrch,185,146588263,mediaOrch_146588263_infrastructure_185,evolutionary-heuristics,9,"{""algorithm"": ""NSGAII"", ""max_evaluations"": 1000, ""operators"": ""UNIFORM"", ""population_size"": 20, ""seed"": 9, ""time_budget_ms"": 300000}",ok,FEASIBLE,True,0.02616619249658151,0.02616619249658151,True,5.60277848,39.0,1.0,300007.0,2656404,306.255,,5,1383,
mediaOrch_146588263_infrastructure_185|random-search#seed9,mediaOrch,185,146588263,mediaOrch_146588263_infrastructure_185,random-search,9,"{""iterations_count"": 1000, ""seed"": 9, ""time_budget_ms"": 300000}",ok,FEASIBLE,True,0.054271800668742716,0.054271800668742716,True,7.560169180000001,86.14949999999999,1.0,300006.0,2455995,306.397,,5,1383,
mediaOrch_146588263_infrastructure_185|evolutionary-heuristics#seed10,mediaOrch,185,146588263,mediaOrch_146588263_infrastructure_185,evolutionary-heuristics,10,"{""algorithm"": ""NSGAII"", ""max_evaluations"": 1000, ""operators"": ""UNIFORM"", ""population_size"": 20, ""seed"": 10, ""time_budget_ms"": 300000}",ok,FEASIBLE,True,0.025255630189854952,0.025255630189854952,True,4.24253556,40.0,1.0,300046.0,2678633,307.004,,5,1383,
mediaOrch_146588263_infrastructure_185|random-search#seed10,mediaOrch,185,146588263,mediaOrch_146588263_infrastructure_185,random-search,10,"{""iterations_count"": 1000, ""seed"": 10, ""time_budget_ms"": 300000}",ok,FEASIBLE,True,0.03926992143259533,0.03926992143259533,True,6.1372876849999995,61.7195,1.0,300042.0,2295995,306.543,,5,1383,
mediaOrch_146588263_infrastructure_190|evolutionary-heuristics#seed1,mediaOrch,190,146588263,mediaOrch_146588263_infrastructure_190,evolutionary-heuristics,1,"{""algorithm"": ""NSGAII"", ""max_evaluations"": 1000, ""operators"": ""UNIFORM"", ""population_size"": 20, ""seed"": 1, ""time_budget_ms"": 300000}",ok,FEASIBLE,True,0.02193289718069622,0.02193289718069622,True,1.7017166,39.0,1.0,300005.0,2483124,308.777,,5,1350,
mediaOrch_146588263_infrastructure_190|random-search#seed1,mediaOrch,190,146588263,mediaOrch_146588263_infrastructure_190,random-search,1,"{""iterations_count"": 1000, ""seed"": 1, ""time_budget_ms"": 300000}",ok,FEASIBLE,True,0.05865965861506803,0.05865965861506803,True,16.42957342,76.481,1.0,300009.0,2411452,306.793,,5,1350,
mediaOrch_146588263_infrastructure_190|evolutionary-heuristics#seed2,mediaOrch,190,146588263,mediaOrch_146588263_infrastructure_190,evolutionary-heuristics,2,"{""algorithm"": ""NSGAII"", ""max_evaluations"": 1000, ""operators"": ""UNIFORM"", ""population_size"": 20, ""seed"": 2, ""time_budget_ms"": 300000}",ok,FEASIBLE,True,0.024660682168358525,0.024660682168358525,True,4.19649388,39.0,1.0,300009.0,2503857,307.303,,5,1350,
mediaOrch_146588263_infrastructure_190|random-search#seed2,mediaOrch,190,146588263,mediaOrch_146588263_infrastructure_190,random-search,2,"{""iterations_count"": 1000, ""seed"": 2, ""time_budget_ms"": 300000}",ok,FEASIBLE,True,0.056319446670947806,0.056319446670947806,True,10.432731575000002,84.1445,1.0,299993.0,2277850,307.898,,5,1350,
mediaOrch_146588263_infrastructure_190|evolutionary-heuristics#seed3,mediaOrch,190,146588263,mediaOrch_146588263_infrastructure_190,evolutionary-heuristics,3,"{""algorithm"": ""NSGAII"", ""max_evaluations"": 1000, ""operators"": ""UNIFORM"", ""population_size"": 20, ""seed"": 3, ""time_budget_ms"": 300000}",ok,FEASIBLE,True,0.02399212400322041,0.02399212400322041,True,4.08827768,38.0,1.0,299974.0,2239563,306.603,,5,1350,
mediaOrch_146588263_infrastructure_190|random-search#seed3,mediaOrch,190,146588263,mediaOrch_146588263_infrastructure_190,random-search,3,"{""iterations_count"": 1000, ""seed"": 3, ""time_budget_ms"": 300000}",ok,FEASIBLE,True,0.04128464414544784,0.04128464414544784,True,2.4344158449999997,72.714,1.0,299979.0,1877950,308.093,,5,1350,
mediaOrch_146588263_infrastructure_190|evolutionary-heuristics#seed4,mediaOrch,190,146588263,mediaOrch_146588263_infrastructure_190,evolutionary-heuristics,4,"{""algorithm"": ""NSGAII"", ""max_evaluations"": 1000, ""operators"": ""UNIFORM"", ""population_size"": 20, ""seed"": 4, ""time_budget_ms"": 300000}",ok,FEASIBLE,True,0.02193289718069622,0.02193289718069622,True,1.7017166,39.0,1.0,299997.0,2049260,306.696,,5,1350,
mediaOrch_146588263_infrastructure_190|random-search#seed4,mediaOrch,190,146588263,mediaOrch_146588263_infrastructure_190,random-search,4,"{""iterations_count"": 1000, ""seed"": 4, ""time_budget_ms"": 300000}",ok,FEASIBLE,True,0.05338006111364651,0.05338006111364651,True,12.855018000000001,73.989,1.0,300007.0,2234500,308.975,,5,1350,
mediaOrch_146588263_infrastructure_190|evolutionary-heuristics#seed5,mediaOrch,190,146588263,mediaOrch_146588263_infrastructure_190,evolutionary-heuristics,5,"{""algorithm"": ""NSGAII"", ""max_evaluations"": 1000, ""operators"": ""UNIFORM"", ""population_size"": 20, ""seed"": 5, ""time_budget_ms"": 300000}",ok,FEASIBLE,True,0.022009390673353963,0.022009390673353963,True,1.26844236,40.0,1.0,300013.0,2507272,309.006,,5,1350,
mediaOrch_146588263_infrastructure_190|random-search#seed5,mediaOrch,190,146588263,mediaOrch_146588263_infrastructure_190,random-search,5,"{""iterations_count"": 1000, ""seed"": 5, ""time_budget_ms"": 300000}",ok,FEASIBLE,True,0.05623600176596405,0.05623600176596405,True,17.461067210000003,70.0265,1.0,300005.0,2335167,306.775,,5,1350,
mediaOrch_146588263_infrastructure_190|evolutionary-heuristics#seed6,mediaOrch,190,146588263,mediaOrch_146588263_infrastructure_190,evolutionary-heuristics,6,"{""algorithm"": ""NSGAII"", ""max_evaluations"": 1000, ""operators"": ""UNIFORM"", ""population_size"": 20, ""seed"": 6, ""time_budget_ms"": 300000}",ok,FEASIBLE,True,0.02193289718069622,0.02193289718069622,True,1.7017166,39.0,1.0,299965.0,2441970,307.087,,5,1350,
mediaOrch_146588263_infrastructure_190|random-search#seed6,mediaOrch,190,146588263,mediaOrch_146588263_infrastructure_190,random-search,6,"{""iterations_count"": 1000, ""seed"": 6, ""time_budget_ms"": 300000}",ok,FEASIBLE,True,0.051848275868854383,0.051848275868854383,True,12.195592809999999,72.5155,1.0,299967.0,2331454,306.836,,5,1350,
mediaOrch_146588263_infrastructure_190|evolutionary-heuristics#seed7,mediaOrch,190,146588263,mediaOrch_146588263_infrastructure_190,evolutionary-heuristics,7,"{""algorithm"": ""NSGAII"", ""max_evaluations"": 1000, ""operators"": ""UNIFORM"", ""population_size"": 20, ""seed"": 7, ""time_budget_ms"": 300000}",ok,FEASIBLE,True,0.024160789291567356,0.024160789291567356,True,4.24253556,38.0,1.0,300006.0,2666402,306.944,,5,1350,
mediaOrch_146588263_infrastructure_190|random-search#seed7,mediaOrch,190,146588263,mediaOrch_146588263_infrastructure_190,random-search,7,"{""iterations_count"": 1000, ""seed"": 7, ""time_budget_ms"": 300000}",ok,FEASIBLE,True,0.051731993912166416,0.051731993912166416,True,23.87875,49.088,1.0,300006.0,2411937,307.065,,5,1350,
mediaOrch_146588263_infrastructure_190|evolutionary-heuristics#seed8,mediaOrch,190,146588263,mediaOrch_146588263_infrastructure_190,evolutionary-heuristics,8,"{""algorithm"": ""NSGAII"", ""max_evaluations"": 1000, ""operators"": ""UNIFORM"", ""population_size"": 20, ""seed"": 8, ""time_budget_ms"": 300000}",ok,FEASIBLE,True,0.02193289718069622,0.02193289718069622,True,1.7017166,39.0,1.0,299983.0,2561784,308.675,,5,1350,
mediaOrch_146588263_infrastructure_190|random-search#seed8,mediaOrch,190,146588263,mediaOrch_146588263_infrastructure_190,random-search,8,"{""iterations_count"": 1000, ""seed"": 8, ""time_budget_ms"": 300000}",ok,FEASIBLE,True,0.056784917021531864,0.056784917021531864,True,8.009132469999999,89.8065,1.0,299979.0,2392958,306.614,,5,1350,
mediaOrch_146588263_infrastructure_190|evolutionary-heuristics#seed9,mediaOrch,190,146588263,mediaOrch_146588263_infrastructure_190,evolutionary-heuristics,9,"{""algorithm"": ""NSGAII"", ""max_evaluations"": 1000, ""operators"": ""UNIFORM"", ""population_size"": 20, ""seed"": 9, ""time_budget_ms"": 300000}",ok,FEASIBLE,True,0.025533758390009233,0.025533758390009233,True,5.49822548,38.0,1.0,300081.0,2535928,306.711,,5,1350,
mediaOrch_146588263_infrastructure_190|random-search#seed9,mediaOrch,190,146588263,mediaOrch_146588263_infrastructure_190,random-search,9,"{""iterations_count"": 1000, ""seed"": 9, ""time_budget_ms"": 300000}",ok,FEASIBLE,True,0.0492542033272866,0.0492542033272866,True,8.96911874,74.2125,1.0,300086.0,2344626,308.84,,5,1350,
mediaOrch_146588263_infrastructure_190|evolutionary-heuristics#seed10,mediaOrch,190,146588263,mediaOrch_146588263_infrastructure_190,evolutionary-heuristics,10,"{""algorithm"": ""NSGAII"", ""max_evaluations"": 1000, ""operators"": ""UNIFORM"", ""population_size"": 20, ""seed"": 10, ""time_budget_ms"": 300000}",ok,FEASIBLE,True,0.02193289718069622,0.02193289718069622,True,1.7017166,39.0,1.0,300009.0,2577423,306.916,,5,1350,
mediaOrch_146588263_infrastructure_190|random-search#seed10,mediaOrch,190,146588263,mediaOrch_146588263_infrastructure_190,random-search,10,"{""iterations_count"": 1000, ""seed"": 10, ""time_budget_ms"": 300000}",ok,FEASIBLE,True,0.04702363311773503,0.04702363311773503,True,15.842610114999998,56.5,1.0,300009.0,2378656,306.889,,5,1350,
mediaOrch_146588263_infrastructure_195|evolutionary-heuristics#seed1,mediaOrch,195,146588263,mediaOrch_146588263_infrastructure_195,evolutionary-heuristics,1,"{""algorithm"": ""NSGAII"", ""max_evaluations"": 1000, ""operators"": ""UNIFORM"", ""population_size"": 20, ""seed"": 1, ""time_budget_ms"": 300000}",ok,FEASIBLE,True,0.020362522951615246,0.020362522951615246,True,1.26844236,37.0,1.0,300009.0,2694294,306.305,,5,1142,
mediaOrch_146588263_infrastructure_195|random-search#seed1,mediaOrch,195,146588263,mediaOrch_146588263_infrastructure_195,random-search,1,"{""iterations_count"": 1000, ""seed"": 1, ""time_budget_ms"": 300000}",ok,FEASIBLE,True,0.05080729915538091,0.05080729915538091,True,4.51357697,85.967,1.0,300009.0,2598652,307.408,,5,1142,
mediaOrch_146588263_infrastructure_195|evolutionary-heuristics#seed2,mediaOrch,195,146588263,mediaOrch_146588263_infrastructure_195,evolutionary-heuristics,2,"{""algorithm"": ""NSGAII"", ""max_evaluations"": 1000, ""operators"": ""UNIFORM"", ""population_size"": 20, ""seed"": 2, ""time_budget_ms"": 300000}",ok,FEASIBLE,True,0.021379677070051385,0.021379677070051385,True,1.7017166,38.0,1.0,299973.0,2822358,305.993,,5,1142,
mediaOrch_146588263_infrastructure_195|random-search#seed2,mediaOrch,195,146588263,mediaOrch_146588263_infrastructure_195,random-search,2,"{""iterations_count"": 1000, ""seed"": 2, ""time_budget_ms"": 300000}",ok,FEASIBLE,True,0.037960400802374644,0.037960400802374644,True,6.349565119999999,59.028999999999996,1.0,299974.0,2577854,306.53,,5,1142,
mediaOrch_146588263_infrastructure_195|evolutionary-heuristics#seed3,mediaOrch,195,146588263,mediaOrch_146588263_infrastructure_195,evolutionary-heuristics,3,"{""algorithm"": ""NSGAII"", ""max_evaluations"": 1000, ""operators"": ""UNIFORM"", ""population_size"": 20, ""seed"": 3, ""time_budget_ms"": 300000}",ok,FEASIBLE,True,0.02450747537251441,0.02450747537251441,True,5.1155736,37.0,1.0,300009.0,2763944,306.446,,5,1142,
mediaOrch_146588263_infrastructure_195|random-search#seed3,mediaOrch,195,146588263,mediaOrch_146588263_infrastructure_195,random-search,3,"{""iterations_count"": 1000, ""seed"": 3, ""time_budget_ms"": 300000}",ok,FEASIBLE,True,0.05556646542878983,0.05556646542878983,True,17.080026,70.013,1.0,299993.0,2531199,306.013,,5,1142,
mediaOrch_146588263_infrastructure_195|evolutionary-heuristics#seed4,mediaOrch,195,146588263,mediaOrch_146588263_infrastructure_195,evolutionary-heuristics,4,"{""algorithm"": ""NSGAII"", ""max_evaluations"": 1000, ""operators"": ""UNIFORM"", ""population_size"": 20, ""seed"": 4, ""time_budget_ms"": 300000}",ok,FEASIBLE,True,0.025470088259954324,0.025470088259954324,True,5.49822548,38.0,1.0,299993.0,2826821,306.019,,5,1142,
mediaOrch_146588263_infrastructure_195|random-search#seed4,mediaOrch,195,146588263,mediaOrch_146588263_infrastructure_195,random-search,4,"{""iterations_count"": 1000, ""seed"": 4, ""time_budget_ms"": 300000}",ok,FEASIBLE,True,0.04934370246207749,0.04934370246207749,True,8.474569370000001,75.553,1.0,300010.0,2740270,307.39,,5,1142,
mediaOrch_146588263_infrastructure_195|evolutionary-heuristics#seed5,mediaOrch,195,146588263,mediaOrch_146588263_infrastructure_195,evolutionary-heuristics,5,"{""algorithm"": ""NSGAII"", ""max_evaluations"": 1000, ""operators"": ""UNIFORM"", ""population_size"": 20, ""seed"": 5, ""time_budget_ms"": 300000}",ok,FEASIBLE,True,0.024667529026525727,0.024667529026525727,True,4.24253556,39.0,1.0,300008.0,2858919,305.975,,5,1142,
mediaOrch_146588263_infrastructure_195|random-search#seed5,mediaOrch,195,146588263,mediaOrch_146588263_infrastructure_195,random-search,5,"{""iterations_count"": 1000, ""seed"": 5, ""time_budget_ms"": 300000}",ok,FEASIBLE,True,0.051429486036101826,0.051429486036101826,True,13.079138839999999,70.3285,1.0,299876.0,2549896,306.057,,5,1142,
mediaOrch_146588263_infrastructure_195|evolutionary-heuristics#seed6,mediaOrch,195,146588263,mediaOrch_146588263_infrastructure_195,evolutionary-heuristics,6,"{""algorithm"": ""NSGAII"", ""max_evaluations"": 1000, ""operators"": ""UNIFORM"", ""population_size"": 20, ""seed"": 6, ""time_budget_ms"": 300000}",ok,FEASIBLE,True,0.021379677070051385,0.021379677070051385,True,1.7017166,38.0,1.0,299869.0,2856548,306.536,,5,1142,
mediaOrch_146588263_infrastructure_195|random-search#seed6,mediaOrch,195,146588263,mediaOrch_146588263_infrastructure_195,random-search,6,"{""iterations_count"": 1000, ""seed"": 6, ""time_budget_ms"": 300000}",ok,FEASIBLE,True,0.04342900241265063,0.04342900241265063,True,5.531422025,70.5675,1.0,299995.0,2641321,306.035,,5,1142,
mediaOrch_146588263_infrastructure_195|evolutionary-heuristics#seed7,mediaOrch,195,146588263,mediaOrch_146588263_infrastructure_195,evolutionary-heuristics,7,"{""algorithm"": ""NSGAII"", ""max_evaluations"": 1000, ""operators"": ""UNIFORM"", ""population_size"": 20, ""seed"": 7, ""time_budget_ms"": 300000}",ok,FEASIBLE,True,0.025470088259954324,0.025470088259954324,True,5.49822548,38.0,1.0,299995.0,2947681,306.744,,5,1142,
mediaOrch_146588263_infrastructure_195|random-search#seed7,mediaOrch,195,146588263,mediaOrch_146588263_infrastructure_195,random-search,7,"{""iterations_count"": 1000, ""seed"": 7, ""time_budget_ms"": 300000}",ok,FEASIBLE,True,0.05506030100463066,0.05506030100463066,True,13.94208842,75.2365,1.0,299994.0,2686812,306.388,,5,1142,
mediaOrch_146588263_infrastructure_195|evolutionary-heuristics#seed8,mediaOrch,195,146588263,mediaOrch_146588263_infrastructure_195,evolutionary-heuristics,8,"{""algorithm"": ""NSGAII"", ""max_evaluations"": 1000, ""operators"": ""UNIFORM"", ""population_size"": 20, ""seed"": 8, ""time_budget_ms"": 300000}",ok,FEASIBLE,True,0.021379677070051385,0.021379677070051385,True,1.7017166,38.0,1.0,299995.0,2935060,306.588,,5,1142,
mediaOrch_146588263_infrastructure_195|random-search#seed8,mediaOrch,195,146588263,mediaOrch_146588263_infrastructure_195,random-search,8,"{""iterations_count"": 1000, ""seed"": 8, ""time_budget_ms"": 300000}",ok,FEASIBLE,True,0.04312722201751418,0.04312722201751418,True,10.62208742,60.053,1.0,300028.0,2659018,306.198,,5,1142,
mediaOrch_146588263_infrastructure_195|evolutionary-heuristics#seed9,mediaOrch,195,146588263,mediaOrch_146588263_infrastructure_195,evolutionary-heuristics,9,"{""algorithm"": ""NSGAII"", ""max_evaluations"": 1000, ""operators"": ""UNIFORM"", ""population_size"": 20, ""seed"": 9, ""time_budget_ms"": 300000}",ok,FEASIBLE,True,0.034754350760664215,0.034754350760664215,True,5.675009749999999,54.524,1.0,300036.0,2927101,306.207,,5,1142,
mediaOrch_146588263_infrastructure_195|random-search#seed9,mediaOrch,195,146588263,mediaOrch_146588263_infrastructure_195,random-search,9,"{""iterations_count"": 1000, ""seed"": 9, ""time_budget_ms"": 300000}",ok,FEASIBLE,True,0.049015388861186254,0.049015388861186254,True,8.854567370000002,74.2125,1.0,300004.0,2705547,306.296,,5,1142,
mediaOrch_146588263_infrastructure_195|evolutionary-heuristics#seed10,mediaOrch,195,146588263,mediaOrch_146588263_infrastructure_195,evolutionary-heuristics,10,"{""algorithm"": ""NSGAII"", ""max_evaluations"": 1000, ""operators"": ""UNIFORM"", ""population_size"": 20, ""seed"": 10, ""time_budget_ms"": 300000}",ok,FEASIBLE,True,0.02450747537251441,0.02450747537251441,True,5.1155736,37.0,1.0,300003.0,2869521,306.08,,5,1142,
mediaOrch_146588263_infrastructure_195|random-search#seed10,mediaOrch,195,146588263,mediaOrch_146588263_infrastructure_195,random-search,10,"{""iterations_count"": 1000, ""seed"": 10, ""time_budget_ms"": 300000}",ok,FEASIBLE,True,0.054586241072302796,0.054586241072302796,True,13.50209042,75.2365,1.0,300003.0,2613551,306.931,,5,1142,
mediaOrch_146588263_infrastructure_200|evolutionary-heuristics#seed1,mediaOrch,200,146588263,mediaOrch_146588263_infrastructure_200,evolutionary-heuristics,1,"{""algorithm"": ""NSGAII"", ""max_evaluations"": 1000, ""operators"": ""UNIFORM"", ""population_size"": 20, ""seed"": 1, ""time_budget_ms"": 300000}",ok,FEASIBLE,True,0.024339822151186553,0.024339822151186553,True,4.19649388,38.0,1.0,299978.0,2600035,307.486,,5,1520,
mediaOrch_146588263_infrastructure_200|random-search#seed1,mediaOrch,200,146588263,mediaOrch_146588263_infrastructure_200,random-search,1,"{""iterations_count"": 1000, ""seed"": 1, ""time_budget_ms"": 300000}",ok,FEASIBLE,True,0.05987866029767719,0.05987866029767719,True,8.0258713,94.43249999999999,1.0,299974.0,2414510,308.519,,5,1520,
mediaOrch_146588263_infrastructure_200|evolutionary-heuristics#seed2,mediaOrch,200,146588263,mediaOrch_146588263_infrastructure_200,evolutionary-heuristics,2,"{""algorithm"": ""NSGAII"", ""max_evaluations"": 1000, ""operators"": ""UNIFORM"", ""population_size"": 20, ""seed"": 2, ""time_budget_ms"": 300000}",ok,FEASIBLE,True,0.023662828589307103,0.023662828589307103,True,4.08827768,37.0,1.0,299997.0,2620488,307.75,,5,1520,
mediaOrch_146588263_infrastructure_200|random-search#seed2,mediaOrch,200,146588263,mediaOrch_146588263_infrastructure_200,random-search,2,"{""iterations_count"": 1000, ""seed"": 2, ""time_budget_ms"": 300000}",ok,FEASIBLE,True,0.059756737235810126,0.059756737235810126,True,14.483358299999999,80.47800000000001,1.0,300002.0,2425984,308.17,,5,1520,
mediaOrch_146588263_infrastructure_200|evolutionary-heuristics#seed3,mediaOrch,200,146588263,mediaOrch_146588263_infrastructure_200,evolutionary-heuristics,3,"{""algorithm"": ""NSGAII"", ""max_evaluations"": 1000, ""operators"": ""UNIFORM"", ""population_size"": 20, ""seed"": 3, ""time_budget_ms"": 300000}",ok,FEASIBLE,True,0.023662828589307103,0.023662828589307103,True,4.08827768,37.0,1.0,300002.0,2478141,307.686,,5,1520,
mediaOrch_146588263_infrastructure_200|random-search#seed3,mediaOrch,200,146588263,mediaOrch_146588263_infrastructure_200,random-search,3,"{""iterations_count"": 1000, ""seed"": 3, ""time_budget_ms"": 300000}",ok,FEASIBLE,True,0.04750805885962742,0.04750805885962742,True,13.62209342,60.053,1.0,300084.0,2306106,309.271,,5,1520,
mediaOrch_146588263_infrastructure_200|evolutionary-heuristics#seed4,mediaOrch,200,146588263,mediaOrch_146588263_infrastructure_200,evolutionary-heuristics,4,"{""algorithm"": ""NSGAII"", ""max_evaluations"": 1000, ""operators"": ""UNIFORM"", ""population_size"": 20, ""seed"": 4, ""time_budget_ms"": 300000}",ok,FEASIBLE,True,0.02357571848166629,0.02357571848166629,True,3.54363116,38.0,1.0,300087.0,2582226,309.146,,5,1520,
mediaOrch_146588263_infrastructure_200|random-search#seed4,mediaOrch,200,146588263,mediaOrch_146588263_infrastructure_200,random-search,4,"{""iterations_count"": 1000, ""seed"": 4, ""time_budget_ms"": 300000}",ok,FEASIBLE,True,0.06572754411583631,0.06572754411583631,True,15.843857615000001,88.434,1.0,300010.0,2330261,310.168,,5,1520,
mediaOrch_146588263_infrastructure_200|evolutionary-heuristics#seed5,mediaOrch,200,146588263,mediaOrch_146588263_infrastructure_200,evolutionary-heuristics,5,"{""algorithm"": ""NSGAII"", ""max_evaluations"": 1000, ""operators"": ""UNIFORM"", ""population_size"": 20, ""seed"": 5, ""time_budget_ms"": 300000}",ok,FEASIBLE,True,0.025313016683692426,0.025313016683692426,True,5.49822548,37.0,1.0,300010.0,2625091,307.849,,5,1520,
mediaOrch_146588263_infrastructure_200|random-search#seed5,mediaOrch,200,146588263,mediaOrch_146588263_infrastructure_200,random-search,5,"{""iterations_count"": 1000, ""seed"": 5, ""time_budget_ms"": 300000}",ok,FEASIBLE,True,0.05354360093621158,0.05354360093621158,True,4.932443915,89.5,1.0,300010.0,2433048,307.562,,5,1520,
mediaOrch_146588263_infrastructure_200|evolutionary-heuristics#seed6,mediaOrch,200,146588263,mediaOrch_146588263_infrastructure_200,evolutionary-heuristics,6,"{""algorithm"": ""NSGAII"", ""max_evaluations"": 1000, ""operators"": ""UNIFORM"", ""population_size"": 20, ""seed"": 6, ""time_budget_ms"": 300000}",ok,FEASIBLE,True,0.020362522951615246,0.020362522951615246,True,1.26844236,37.0,1.0,300009.0,2622065,307.842,,5,1520,
mediaOrch_146588263_infrastructure_200|random-search#seed6,mediaOrch,200,146588263,mediaOrch_146588263_infrastructure_200,random-search,6,"{""iterations_count"": 1000, ""seed"": 6, ""time_budget_ms"": 300000}",ok,FEASIBLE,True,0.0510965102376003,0.0510965102376003,True,27.44013487,37.187,1.0,300011.0,2460820,307.927,,5,1520,
mediaOrch_146588263_infrastructure_200|evolutionary-heuristics#seed7,mediaOrch,200,146588263,mediaOrch_146588263_infrastructure_200,evolutionary-heuristics,7,"{""algorithm"": ""NSGAII"", ""max_evaluations"": 1000, ""operators"": ""UNIFORM"", ""population_size"": 20, ""seed"": 7, ""time_budget_ms"": 300000}",ok,FEASIBLE,True,0.02086962257080104,0.02086962257080104,True,1.7017166,37.0,1.0,300011.0,2652692,307.56,,5,1520,
mediaOrch_146588263_infrastructure_200|random-search#seed7,mediaOrch,200,146588263,mediaOrch_146588263_infrastructure_200,random-search,7,"{""iterations_count"": 1000, ""seed"": 7, ""time_budget_ms"": 300000}",ok,FEASIBLE,True,0.053050451399543994,0.053050451399543994,True,11.401901669999999,74.84549999999999,1.0,300009.0,2329919,309.399,,5,1520,
mediaOrch_146588263_infrastructure_200|evolutionary-heuristics#seed8,mediaOrch,200,146588263,mediaOrch_146588263_infrastructure_200,evolutionary-heuristics,8,"{""algorithm"": ""NSGAII"", ""max_evaluations"": 1000, ""operators"": ""UNIFORM"", ""population_size"": 20, ""seed"": 8, ""time_budget_ms"": 300000}",ok,FEASIBLE,True,0.026955639474009713,0.026955639474009713,True,6.90170936,37.0,1.0,300009.0,2542403,307.358,,5,1520,
mediaOrch_146588263_infrastructure_200|random-search#seed8,mediaOrch,200,146588263,mediaOrch_146588263_infrastructure_200,random-search,8,"{""iterations_count"": 1000, ""seed"": 8, ""time_budget_ms"": 300000}",ok,FEASIBLE,True,0.05238102838580641,0.05238102838580641,True,22.259999999999998,50.537499999999994,1.0,300009.0,2443730,308.806,,5,1520,
mediaOrch_146588263_infrastructure_200|evolutionary-heuristics#seed9,mediaOrch,200,146588263,mediaOrch_146588263_infrastructure_200,evolutionary-heuristics,9,"{""algorithm"": ""NSGAII"", ""max_evaluations"": 1000, ""operators"": ""UNIFORM"", ""population_size"": 20, ""seed"": 9, ""time_budget_ms"": 300000}",ok,FEASIBLE,True,0.02086962257080104,0.02086962257080104,True,1.7017166,37.0,1.0,300035.0,2611816,308.154,,5,1520,
mediaOrch_146588263_infrastructure_200|random-search#seed9,mediaOrch,200,146588263,mediaOrch_146588263_infrastructure_200,random-search,9,"{""iterations_count"": 1000, ""seed"": 9, ""time_budget_ms"": 300000}",ok,FEASIBLE,True,0.042414029613141675,0.042414029613141675,True,2.00621045,75.5,1.0,300043.0,2346228,307.657,,5,1520,
mediaOrch_146588263_infrastructure_200|evolutionary-heuristics#seed10,mediaOrch,200,146588263,mediaOrch_146588263_infrastructure_200,evolutionary-heuristics,10,"{""algorithm"": ""NSGAII"", ""max_evaluations"": 1000, ""operators"": ""UNIFORM"", ""population_size"": 20, ""seed"": 10, ""time_budget_ms"": 300000}",ok,FEASIBLE,True,0.046963107483965254,0.046963107483965254,True,22.49125,40.201,1.0,300018.0,2536626,308.31,,5,1520,
mediaOrch_146588263_infrastructure_200|random-search#seed10,mediaOrch,200,146588263,mediaOrch_146588263_infrastructure_200,random-search,10,"{""iterations_count"": 1000, ""seed"": 10, ""time_budget_ms"": 300000}",ok,FEASIBLE,True,0.0529877813704374,0.0529877813704374,True,5.84304052,86.5535,1.0,300010.0,2335015,307.409,,5,1520,
mediaOrch_146588263_infrastructure_205|evolutionary-heuristics#seed1,mediaOrch,205,146588263,mediaOrch_146588263_infrastructure_205,evolutionary-heuristics,1,"{""algorithm"": ""NSGAII"", ""max_evaluations"": 1000, ""operators"": ""UNIFORM"", ""population_size"": 20, ""seed"": 1, ""time_budget_ms"": 300000}",ok,FEASIBLE,True,0.02510462802662158,0.02510462802662158,True,3.54363116,40.0,1.0,300009.0,2283917,308.765,,5,1613,
mediaOrch_146588263_infrastructure_205|random-search#seed1,mediaOrch,205,146588263,mediaOrch_146588263_infrastructure_205,random-search,1,"{""iterations_count"": 1000, ""seed"": 1, ""time_budget_ms"": 300000}",ok,FEASIBLE,True,0.06914311840899025,0.06914311840899025,True,9.036345855,106.461,1.0,300010.0,2180041,308.809,,5,1613,
mediaOrch_146588263_infrastructure_205|evolutionary-heuristics#seed2,mediaOrch,205,146588263,mediaOrch_146588263_infrastructure_205,evolutionary-heuristics,2,"{""algorithm"": ""NSGAII"", ""max_evaluations"": 1000, ""operators"": ""UNIFORM"", ""population_size"": 20, ""seed"": 2, ""time_budget_ms"": 300000}",ok,FEASIBLE,True,0.024340597165128795,0.024340597165128795,True,4.19649388,37.0,1.0,299971.0,2419793,309.093,,5,1613,
mediaOrch_146588263_infrastructure_205|random-search#seed2,mediaOrch,205,146588263,mediaOrch_146588263_infrastructure_205,random-search,2,"{""iterations_count"": 1000, ""seed"": 2, ""time_budget_ms"": 300000}",ok,FEASIBLE,True,0.06086582726406123,0.06086582726406123,True,7.751299450000001,94.593,1.0,299969.0,2207996,308.509,,5,1613,
mediaOrch_146588263_infrastructure_205|evolutionary-heuristics#seed3,mediaOrch,205,146588263,mediaOrch_146588263_infrastructure_205,evolutionary-heuristics,3,"{""algorithm"": ""NSGAII"", ""max_evaluations"": 1000, ""operators"": ""UNIFORM"", ""population_size"": 20, ""seed"": 3, ""time_budget_ms"": 300000}",ok,FEASIBLE,True,0.026109140128087224,0.026109140128087224,True,5.49822548,37.0,1.0,300007.0,2367055,309.404,,5,1613,
mediaOrch_146588263_infrastructure_205|random-search#seed3,mediaOrch,205,146588263,mediaOrch_146588263_infrastructure_205,random-search,3,"{""iterations_count"": 1000, ""seed"": 3, ""time_budget_ms"": 300000}",ok,FEASIBLE,True,0.06501102189764062,0.06501102189764062,True,16.682431689999998,80.077,1.0,300009.0,2232033,308.473,,5,1613,
mediaOrch_146588263_infrastructure_205|evolutionary-heuristics#seed4,mediaOrch,205,146588263,mediaOrch_146588263_infrastructure_205,evolutionary-heuristics,4,"{""algorithm"": ""NSGAII"", ""max_evaluations"": 1000, ""operators"": ""UNIFORM"", ""population_size"": 20, ""seed"": 4, ""time_budget_ms"": 300000}",ok,FEASIBLE,True,0.020951172799389673,0.020951172799389673,True,1.7017166,37.0,1.0,300008.0,2393783,308.625,,5,1613,
mediaOrch_146588263_infrastructure_205|random-search#seed4,mediaOrch,205,146588263,mediaOrch_146588263_infrastructure_205,random-search,4,"{""iterations_count"": 1000, ""seed"": 4, ""time_budget_ms"": 300000}",ok,FEASIBLE,True,0.061129335497145686,0.061129335497145686,True,14.99984183,77.17750000000001,1.0,300009.0,2212992,308.608,,5,1613,
mediaOrch_146588263_infrastructure_205|evolutionary-heuristics#seed5,mediaOrch,205,146588263,mediaOrch_146588263_infrastructure_205,evolutionary-heuristics,5,"{""algorithm"": ""NSGAII"", ""max_evaluations"": 1000, ""operators"": ""UNIFORM"", ""population_size"": 20, ""seed"": 5, ""time_budget_ms"": 300000}",ok,FEASIBLE,True,0.020951172799389673,0.020951172799389673,True,1.7017166,37.0,1.0,300003.0,2379612,308.309,,5,1613,
mediaOrch_146588263_infrastructure_205|random-search#seed5,mediaOrch,205,146588263,mediaOrch_146588263_infrastructure_205,random-search,5,"{""iterations_count"": 1000, ""seed"": 5, ""time_budget_ms"": 300000}",ok,FEASIBLE,True,0.05708183968435785,0.05708183968435785,True,2.9941986500000004,99.461,1.0,300003.0,2198048,308.839,,5,1613,
mediaOrch_146588263_infrastructure_205|evolutionary-heuristics#seed6,mediaOrch,205,146588263,mediaOrch_146588263_infrastructure_205,evolutionary-heuristics,6,"{""algorithm"": ""NSGAII"", ""max_evaluations"": 1000, ""operators"": ""UNIFORM"", ""population_size"": 20, ""seed"": 6, ""time_budget_ms"": 300000}",ok,FEASIBLE,True,0.024743912228451622,0.024743912228451626,True,4.08827768,38.0,1.0,300010.0,2279636,308.512,,5,1613,
mediaOrch_146588263_infrastructure_205|random-search#seed6,mediaOrch,205,146588263,mediaOrch_146588263_infrastructure_205,random-search,6,"{""iterations_count"": 1000, ""seed"": 6, ""time_budget_ms"": 300000}",ok,FEASIBLE,True,0.06367884501442085,0.06367884501442085,True,12.084564369999999,89.007,1.0,300009.0,2136668,309.137,,5,1613,
mediaOrch_146588263_infrastructure_205|evolutionary-heuristics#seed7,mediaOrch,205,146588263,mediaOrch_146588263_infrastructure_205,evolutionary-heuristics,7,"{""algorithm"": ""NSGAII"", ""max_evaluations"": 1000, ""operators"": ""UNIFORM"", ""population_size"": 20, ""seed"": 7, ""time_budget_ms"": 300000}",ok,FEASIBLE,True,0.020951172799389673,0.020951172799389673,True,1.7017166,37.0,1.0,300009.0,2015242,310.294,,5,1613,
mediaOrch_146588263_infrastructure_205|random-search#seed7,mediaOrch,205,146588263,mediaOrch_146588263_infrastructure_205,random-search,7,"{""iterations_count"": 1000, ""seed"": 7, ""time_budget_ms"": 300000}",ok,FEASIBLE,True,0.0661036815543934,0.0661036815543934,True,5.365614735,110.0,1.0,300009.0,1538879,308.273,,5,1613,
mediaOrch_146588263_infrastructure_205|evolutionary-heuristics#seed8,mediaOrch,205,146588263,mediaOrch_146588263_infrastructure_205,evolutionary-heuristics,8,"{""algorithm"": ""NSGAII"", ""max_evaluations"": 1000, ""operators"": ""UNIFORM"", ""population_size"": 20, ""seed"": 8, ""time_budget_ms"": 300000}",ok,FEASIBLE,True,0.020951172799389673,0.020951172799389673,True,1.7017166,37.0,1.0,299965.0,1545918,312.814,,5,1613,
mediaOrch_146588263_infrastructure_205|random-search#seed8,mediaOrch,205,146588263,mediaOrch_146588263_infrastructure_205,random-search,8,"{""iterations_count"": 1000, ""seed"": 8, ""time_budget_ms"": 300000}",ok,FEASIBLE,True,0.06348470866308434,0.06348470866308434,True,18.180032,73.60650000000001,1.0,299965.0,1433914,316.676,,5,1613,
mediaOrch_146588263_infrastructure_205|evolutionary-heuristics#seed9,mediaOrch,205,146588263,mediaOrch_146588263_infrastructure_205,evolutionary-heuristics,9,"{""algorithm"": ""NSGAII"", ""max_evaluations"": 1000, ""operators"": ""UNIFORM"", ""population_size"": 20, ""seed"": 9, ""time_budget_ms"": 300000}",ok,FEASIBLE,True,0.020951172799389673,0.020951172799389673,True,1.7017166,37.0,1.0,300008.0,1469326,317.068,,5,1613,
mediaOrch_146588263_infrastructure_205|random-search#seed9,mediaOrch,205,146588263,mediaOrch_146588263_infrastructure_205,random-search,9,"{""iterations_count"": 1000, ""seed"": 9, ""time_budget_ms"": 300000}",ok,FEASIBLE,True,0.06740932938430738,0.06740932938430738,True,21.104588370000002,73.518,1.0,300008.0,1270572,312.212,,5,1613,
mediaOrch_146588263_infrastructure_205|evolutionary-heuristics#seed10,mediaOrch,205,146588263,mediaOrch_146588263_infrastructure_205,evolutionary-heuristics,10,"{""algorithm"": ""NSGAII"", ""max_evaluations"": 1000, ""operators"": ""UNIFORM"", ""population_size"": 20, ""seed"": 10, ""time_budget_ms"": 300000}",ok,FEASIBLE,True,0.024743912228451622,0.024743912228451626,True,4.08827768,38.0,1.0,300008.0,1244916,317.956,,5,1613,
mediaOrch_146588263_infrastructure_205|random-search#seed10,mediaOrch,205,146588263,mediaOrch_146588263_infrastructure_205,random-search,10,"{""iterations_count"": 1000, ""seed"": 10, ""time_budget_ms"": 300000}",ok,FEASIBLE,True,0.04892378051284589,0.04892378051284589,True,7.665440150000001,73.1055,1.0,300007.0,1014792,318.766,,5,1613,
mediaOrch_146588263_infrastructure_210|evolutionary-heuristics#seed1,mediaOrch,210,146588263,mediaOrch_146588263_infrastructure_210,evolutionary-heuristics,1,"{""algorithm"": ""NSGAII"", ""max_evaluations"": 1000, ""operators"": ""UNIFORM"", ""population_size"": 20, ""seed"": 1, ""time_budget_ms"": 300000}",ok,FEASIBLE,True,0.029423168777057956,0.029423168777057956,True,5.675009749999999,44.777,1.0,300013.0,1524873,315.875,,5,1387,
mediaOrch_146588263_infrastructure_210|random-search#seed1,mediaOrch,210,146588263,mediaOrch_146588263_infrastructure_210,random-search,1,"{""iterations_count"": 1000, ""seed"": 1, ""time_budget_ms"": 300000}",ok,FEASIBLE,True,0.058682969877909996,0.058682969877909996,True,15.029916729999998,79.572,1.0,299993.0,1403785,316.448,,5,1387,
mediaOrch_146588263_infrastructure_210|evolutionary-heuristics#seed2,mediaOrch,210,146588263,mediaOrch_146588263_infrastructure_210,evolutionary-heuristics,2,"{""algorithm"": ""NSGAII"", ""max_evaluations"": 1000, ""operators"": ""UNIFORM"", ""population_size"": 20, ""seed"": 2, ""time_budget_ms"": 300000}",ok,FEASIBLE,True,0.026461156212103664,0.026461156212103664,True,6.90170936,37.0,1.0,300015.0,1248267,317.366,,5,1387,
mediaOrch_146588263_infrastructure_210|random-search#seed2,mediaOrch,210,146588263,mediaOrch_146588263_infrastructure_210,random-search,2,"{""iterations_count"": 1000, ""seed"": 2, ""time_budget_ms"": 300000}",ok,FEASIBLE,True,0.061633383294032354,0.061633383294032354,True,9.36242873,96.02000000000001,1.0,300006.0,1032953,325.593,,5,1387,
mediaOrch_146588263_infrastructure_210|evolutionary-heuristics#seed3,mediaOrch,210,146588263,mediaOrch_146588263_infrastructure_210,evolutionary-heuristics,3,"{""algorithm"": ""NSGAII"", ""max_evaluations"": 1000, ""operators"": ""UNIFORM"", ""population_size"": 20, ""seed"": 3, ""time_budget_ms"": 300000}",ok,FEASIBLE,True,0.023543759756620618,0.023543759756620618,True,4.19649388,37.0,1.0,300009.0,1427165,321.076,,5,1387,
mediaOrch_146588263_infrastructure_210|random-search#seed3,mediaOrch,210,146588263,mediaOrch_146588263_infrastructure_210,random-search,3,"{""iterations_count"": 1000, ""seed"": 3, ""time_budget_ms"": 300000}",ok,FEASIBLE,True,0.05451573815211054,0.05451573815211054,True,23.53394149,55.3635,1.0,299926.0,2126256,326.81,,5,1387,
mediaOrch_146588263_infrastructure_210|evolutionary-heuristics#seed4,mediaOrch,210,146588263,mediaOrch_146588263_infrastructure_210,evolutionary-heuristics,4,"{""algorithm"": ""NSGAII"", ""max_evaluations"": 1000, ""operators"": ""UNIFORM"", ""population_size"": 20, ""seed"": 4, ""time_budget_ms"": 300000}",ok,FEASIBLE,True,0.029423168777057956,0.029423168777057956,True,5.675009749999999,44.777,1.0,299921.0,2624973,308.053,,5,1387,
mediaOrch_146588263_infrastructure_210|random-search#seed4,mediaOrch,210,146588263,mediaOrch_146588263_infrastructure_210,random-search,4,"{""iterations_count"": 1000, ""seed"": 4, ""time_budget_ms"": 300000}",ok,FEASIBLE,True,0.05065532547641471,0.05065532547641471,True,10.67912124,73.518,1.0,300004.0,2475770,309.804,,5,1387,
mediaOrch_146588263_infrastructure_210|evolutionary-heuristics#seed5,mediaOrch,210,146588263,mediaOrch_146588263_infrastructure_210,evolutionary-heuristics,5,"{""algorithm"": ""NSGAII"", ""max_evaluations"": 1000, ""operators"": ""UNIFORM"", ""population_size"": 20, ""seed"": 5, ""time_budget_ms"": 300000}",ok,FEASIBLE,True,0.029423168777057956,0.029423168777057956,True,5.675009749999999,44.777,1.0,300002.0,2740019,308.688,,5,1387,
mediaOrch_146588263_infrastructure_210|random-search#seed5,mediaOrch,210,146588263,mediaOrch_146588263_infrastructure_210,random-search,5,"{""iterations_count"": 1000, ""seed"": 5, ""time_budget_ms"": 300000}",ok,FEASIBLE,True,0.05892971246489978,0.05892971246489978,True,11.067527765000001,87.7755,1.0,300002.0,2477770,308.397,,5,1387,
mediaOrch_146588263_infrastructure_210|evolutionary-heuristics#seed6,mediaOrch,210,146588263,mediaOrch_146588263_infrastructure_210,evolutionary-heuristics,6,"{""algorithm"": ""NSGAII"", ""max_evaluations"": 1000, ""operators"": ""UNIFORM"", ""population_size"": 20, ""seed"": 6, ""time_budget_ms"": 300000}",ok,FEASIBLE,True,0.024947591423231615,0.024947591423231615,True,5.49822548,37.0,1.0,300002.0,2764538,307.68,,5,1387,
mediaOrch_146588263_infrastructure_210|random-search#seed6,mediaOrch,210,146588263,mediaOrch_146588263_infrastructure_210,random-search,6,"{""iterations_count"": 1000, ""seed"": 6, ""time_budget_ms"": 300000}",ok,FEASIBLE,True,0.04838792363416827,0.04838792363416827,True,8.771280280000001,73.137,1.0,300013.0,2504775,307.214,,5,1387,
mediaOrch_146588263_infrastructure_210|evolutionary-heuristics#seed7,mediaOrch,210,146588263,mediaOrch_146588263_infrastructure_210,evolutionary-heuristics,7,"{""algorithm"": ""NSGAII"", ""max_evaluations"": 1000, ""operators"": ""UNIFORM"", ""population_size"": 20, ""seed"": 7, ""time_budget_ms"": 300000}",ok,FEASIBLE,True,0.023543759756620618,0.023543759756620618,True,4.19649388,37.0,1.0,300015.0,2717998,309.416,,5,1387,
mediaOrch_146588263_infrastructure_210|random-search#seed7,mediaOrch,210,146588263,mediaOrch_146588263_infrastructure_210,random-search,7,"{""iterations_count"": 1000, ""seed"": 7, ""time_budget_ms"": 300000}",ok,FEASIBLE,True,0.04592321508788291,0.04592321508788291,True,26.616396789999996,33.735,1.0,300008.0,2566090,307.165,,5,1387,
mediaOrch_146588263_infrastructure_210|evolutionary-heuristics#seed8,mediaOrch,210,146588263,mediaOrch_146588263_infrastructure_210,evolutionary-heuristics,8,"{""algorithm"": ""NSGAII"", ""max_evaluations"": 1000, ""operators"": ""UNIFORM"", ""population_size"": 20, ""seed"": 8, ""time_budget_ms"": 300000}",ok,FEASIBLE,True,0.024144386977760224,0.024144386977760224,True,4.24253556,38.0,1.0,300008.0,2874423,307.461,,5,1387,
mediaOrch_146588263_infrastructure_210|random-search#seed8,mediaOrch,210,146588263,mediaOrch_146588263_infrastructure_210,random-search,8,"{""iterations_count"": 1000, ""seed"": 8, ""time_budget_ms"": 300000}",ok,FEASIBLE,True,0.06252409575770065,0.06252409575770065,True,11.260999199999999,93.9205,1.0,300004.0,2321945,308.896,,5,1387,
mediaOrch_146588263_infrastructure_210|evolutionary-heuristics#seed9,mediaOrch,210,146588263,mediaOrch_146588263_infrastructure_210,evolutionary-heuristics,9,"{""algorithm"": ""NSGAII"", ""max_evaluations"": 1000, ""operators"": ""UNIFORM"", ""population_size"": 20, ""seed"": 9, ""time_budget_ms"": 300000}",ok,FEASIBLE,True,0.029423168777057956,0.029423168777057956,True,5.675009749999999,44.777,1.0,300008.0,2338928,307.267,,5,1387,
mediaOrch_146588263_infrastructure_210|random-search#seed9,mediaOrch,210,146588263,mediaOrch_146588263_infrastructure_210,random-search,9,"{""iterations_count"": 1000, ""seed"": 9, ""time_budget_ms"": 300000}",ok,FEASIBLE,True,0.045659933824332304,0.045659933824332304,True,12.817518,60.266,1.0,300020.0,2237785,312.484,,5,1387,
mediaOrch_146588263_infrastructure_210|evolutionary-heuristics#seed10,mediaOrch,210,146588263,mediaOrch_146588263_infrastructure_210,evolutionary-heuristics,10,"{""algorithm"": ""NSGAII"", ""max_evaluations"": 1000, ""operators"": ""UNIFORM"", ""population_size"": 20, ""seed"": 10, ""time_budget_ms"": 300000}",ok,FEASIBLE,True,0.024144386977760224,0.024144386977760224,True,4.24253556,38.0,1.0,300017.0,2622481,309.323,,5,1387,
mediaOrch_146588263_infrastructure_210|random-search#seed10,mediaOrch,210,146588263,mediaOrch_146588263_infrastructure_210,random-search,10,"{""iterations_count"": 1000, ""seed"": 10, ""time_budget_ms"": 300000}",ok,FEASIBLE,True,0.043092128979094556,0.043092128979094556,True,4.12325019,72.62299999999999,1.0,300009.0,2679945,309.456,,5,1387,
mediaOrch_146588263_infrastructure_215|evolutionary-heuristics#seed1,mediaOrch,215,146588263,mediaOrch_146588263_infrastructure_215,evolutionary-heuristics,1,"{""algorithm"": ""NSGAII"", ""max_evaluations"": 1000, ""operators"": ""UNIFORM"", ""population_size"": 20, ""seed"": 1, ""time_budget_ms"": 300000}",ok,FEASIBLE,True,0.02562626349718375,0.02562626349718375,True,5.1155736,37.0,1.0,299994.0,2292182,309.589,,5,1376,
mediaOrch_146588263_infrastructure_215|random-search#seed1,mediaOrch,215,146588263,mediaOrch_146588263_infrastructure_215,random-search,1,"{""iterations_count"": 1000, ""seed"": 1, ""time_budget_ms"": 300000}",ok,FEASIBLE,True,0.045472335839467165,0.045472335839467165,True,3.8562894499999993,76.038,1.0,299994.0,2142995,308.448,,5,1376,
mediaOrch_146588263_infrastructure_215|evolutionary-heuristics#seed2,mediaOrch,215,146588263,mediaOrch_146588263_infrastructure_215,evolutionary-heuristics,2,"{""algorithm"": ""NSGAII"", ""max_evaluations"": 1000, ""operators"": ""UNIFORM"", ""population_size"": 20, ""seed"": 2, ""time_budget_ms"": 300000}",ok,FEASIBLE,True,0.02266586266078919,0.02266586266078919,True,1.7017166,40.0,1.0,300009.0,2371517,309.448,,5,1376,
mediaOrch_146588263_infrastructure_215|random-search#seed2,mediaOrch,215,146588263,mediaOrch_146588263_infrastructure_215,random-search,2,"{""iterations_count"": 1000, ""seed"": 2, ""time_budget_ms"": 300000}",ok,FEASIBLE,True,0.05391170153320744,0.05391170153320744,True,16.23913884,60.992000000000004,1.0,299974.0,2176768,308.24,,5,1376,
mediaOrch_146588263_infrastructure_215|evolutionary-heuristics#seed3,mediaOrch,215,146588263,mediaOrch_146588263_infrastructure_215,evolutionary-heuristics,3,"{""algorithm"": ""NSGAII"", ""max_evaluations"": 1000, ""operators"": ""UNIFORM"", ""population_size"": 20, ""seed"": 3, ""time_budget_ms"": 300000}",ok,FEASIBLE,True,0.02499769436143177,0.02499769436143177,True,4.24253556,38.0,1.0,299973.0,2340052,307.934,,5,1376,
mediaOrch_146588263_infrastructure_215|random-search#seed3,mediaOrch,215,146588263,mediaOrch_146588263_infrastructure_215,random-search,3,"{""iterations_count"": 1000, ""seed"": 3, ""time_budget_ms"": 300000}",ok,FEASIBLE,True,0.05532899026156943,0.05532899026156943,True,3.43676909,94.922,1.0,300007.0,1942850,309.391,,5,1376,
mediaOrch_146588263_infrastructure_215|evolutionary-heuristics#seed4,mediaOrch,215,146588263,mediaOrch_146588263_infrastructure_215,evolutionary-heuristics,4,"{""algorithm"": ""NSGAII"", ""max_evaluations"": 1000, ""operators"": ""UNIFORM"", ""population_size"": 20, ""seed"": 4, ""time_budget_ms"": 300000}",ok,FEASIBLE,True,0.026695704799800976,0.026695704799800976,True,5.49822548,38.0,1.0,300006.0,1864479,308.117,,5,1376,
mediaOrch_146588263_infrastructure_215|random-search#seed4,mediaOrch,215,146588263,mediaOrch_146588263_infrastructure_215,random-search,4,"{""iterations_count"": 1000, ""seed"": 4, ""time_budget_ms"": 300000}",ok,FEASIBLE,True,0.07111156674181779,0.07111156674181779,True,17.678159889999996,88.626,1.0,300007.0,1761546,311.575,,5,1376,
mediaOrch_146588263_infrastructure_215|evolutionary-heuristics#seed5,mediaOrch,215,146588263,mediaOrch_146588263_infrastructure_215,evolutionary-heuristics,5,"{""algorithm"": ""NSGAII"", ""max_evaluations"": 1000, ""operators"": ""UNIFORM"", ""population_size"": 20, ""seed"": 5, ""time_budget_ms"": 300000}",ok,FEASIBLE,True,0.024789098683256138,0.024789098683256138,True,4.08827768,38.0,1.0,300007.0,2012779,315.166,,5,1376,
mediaOrch_146588263_infrastructure_215|random-search#seed5,mediaOrch,215,146588263,mediaOrch_146588263_infrastructure_215,random-search,5,"{""iterations_count"": 1000, ""seed"": 5, ""time_budget_ms"": 300000}",ok,FEASIBLE,True,0.05164149625758368,0.05164149625758368,True,8.3908703,76.1055,1.0,300013.0,2136089,310.271,,5,1376,
mediaOrch_146588263_infrastructure_215|evolutionary-heuristics#seed6,mediaOrch,215,146588263,mediaOrch_146588263_infrastructure_215,evolutionary-heuristics,6,"{""algorithm"": ""NSGAII"", ""max_evaluations"": 1000, ""operators"": ""UNIFORM"", ""population_size"": 20, ""seed"": 6, ""time_budget_ms"": 300000}",ok,FEASIBLE,True,0.02499769436143177,0.02499769436143177,True,4.24253556,38.0,1.0,300012.0,2303308,308.077,,5,1376,
mediaOrch_146588263_infrastructure_215|random-search#seed6,mediaOrch,215,146588263,mediaOrch_146588263_infrastructure_215,random-search,6,"{""iterations_count"": 1000, ""seed"": 6, ""time_budget_ms"": 300000}",ok,FEASIBLE,True,0.0609319270593936,0.0609319270593936,True,10.415175549999999,87.977,1.0,300007.0,2154276,309.89,,5,1376,
mediaOrch_146588263_infrastructure_215|evolutionary-heuristics#seed7,mediaOrch,215,146588263,mediaOrch_146588263_infrastructure_215,evolutionary-heuristics,7,"{""algorithm"": ""NSGAII"", ""max_evaluations"": 1000, ""operators"": ""UNIFORM"", ""population_size"": 20, ""seed"": 7, ""time_budget_ms"": 300000}",ok,FEASIBLE,True,0.02266586266078919,0.02266586266078919,True,1.7017166,40.0,1.0,300009.0,2291621,307.953,,5,1376,
mediaOrch_146588263_infrastructure_215|random-search#seed7,mediaOrch,215,146588263,mediaOrch_146588263_infrastructure_215,random-search,7,"{""iterations_count"": 1000, ""seed"": 7, ""time_budget_ms"": 300000}",ok,FEASIBLE,True,0.06234155041211269,0.06234155041211269,True,9.683329515,92.3235,1.0,300010.0,2221797,308.861,,5,1376,
mediaOrch_146588263_infrastructure_215|evolutionary-heuristics#seed8,mediaOrch,215,146588263,mediaOrch_146588263_infrastructure_215,evolutionary-heuristics,8,"{""algorithm"": ""NSGAII"", ""max_evaluations"": 1000, ""operators"": ""UNIFORM"", ""population_size"": 20, ""seed"": 8, ""time_budget_ms"": 300000}",ok,FEASIBLE,True,0.02266586266078919,0.02266586266078919,True,1.7017166,40.0,1.0,300010.0,2383386,308.141,,5,1376,
mediaOrch_146588263_infrastructure_215|random-search#seed8,mediaOrch,215,146588263,mediaOrch_146588263_infrastructure_215,random-search,8,"{""iterations_count"": 1000, ""seed"": 8, ""time_budget_ms"": 300000}",ok,FEASIBLE,True,0.0589324561134581,0.0589324561134581,True,5.84867161,95.5415,1.0,300012.0,2110836,309.46,,5,1376,
mediaOrch_146588263_infrastructure_215|evolutionary-heuristics#seed9,mediaOrch,215,146588263,mediaOrch_146588263_infrastructure_215,evolutionary-heuristics,9,"{""algorithm"": ""NSGAII"", ""max_evaluations"": 1000, ""operators"": ""UNIFORM"", ""population_size"": 20, ""seed"": 9, ""time_budget_ms"": 300000}",ok,FEASIBLE,True,0.02562626349718375,0.02562626349718375,True,5.1155736,37.0,1.0,300011.0,2218713,308.675,,5,1376,
mediaOrch_146588263_infrastructure_215|random-search#seed9,mediaOrch,215,146588263,mediaOrch_146588263_infrastructure_215,random-search,9,"{""iterations_count"": 1000, ""seed"": 9, ""time_budget_ms"": 300000}",ok,FEASIBLE,True,0.05875297785632924,0.05875297785632924,True,6.543381880000001,93.5145,1.0,300009.0,2199198,308.584,,5,1376,
mediaOrch_146588263_infrastructure_215|evolutionary-heuristics#seed10,mediaOrch,215,146588263,mediaOrch_146588263_infrastructure_215,evolutionary-heuristics,10,"{""algorithm"": ""NSGAII"", ""max_evaluations"": 1000, ""operators"": ""UNIFORM"", ""population_size"": 20, ""seed"": 10, ""time_budget_ms"": 300000}",ok,FEASIBLE,True,0.02042396880702946,0.02042396880702946,True,1.26844236,37.0,1.0,300008.0,2300700,308.605,,5,1376,
mediaOrch_146588263_infrastructure_215|random-search#seed10,mediaOrch,215,146588263,mediaOrch_146588263_infrastructure_215,random-search,10,"{""iterations_count"": 1000, ""seed"": 10, ""time_budget_ms"": 300000}",ok,FEASIBLE,True,0.06222893779341278,0.06222893779341278,True,16.06707142,76.481,1.0,300010.0,2222065,308.069,,5,1376,
mediaOrch_146588263_infrastructure_220|evolutionary-heuristics#seed1,mediaOrch,220,146588263,mediaOrch_146588263_infrastructure_220,evolutionary-heuristics,1,"{""algorithm"": ""NSGAII"", ""max_evaluations"": 1000, ""operators"": ""UNIFORM"", ""population_size"": 20, ""seed"": 1, ""time_budget_ms"": 300000}",ok,FEASIBLE,True,0.02397919105862365,0.02397919105862365,True,4.08827768,38.0,1.0,300010.0,2625123,308.54,,5,1575,
mediaOrch_146588263_infrastructure_220|random-search#seed1,mediaOrch,220,146588263,mediaOrch_146588263_infrastructure_220,random-search,1,"{""iterations_count"": 1000, ""seed"": 1, ""time_budget_ms"": 300000}",ok,FEASIBLE,True,0.048017552724320296,0.048017552724320296,True,8.410647390000001,73.137,1.0,299972.0,2434014,307.964,,5,1575,
mediaOrch_146588263_infrastructure_220|evolutionary-heuristics#seed2,mediaOrch,220,146588263,mediaOrch_146588263_infrastructure_220,evolutionary-heuristics,2,"{""algorithm"": ""NSGAII"", ""max_evaluations"": 1000, ""operators"": ""UNIFORM"", ""population_size"": 20, ""seed"": 2, ""time_budget_ms"": 300000}",ok,FEASIBLE,True,0.024096924465940382,0.024096924465940382,True,4.19649388,38.0,1.0,299971.0,2640741,308.541,,5,1575,
mediaOrch_146588263_infrastructure_220|random-search#seed2,mediaOrch,220,146588263,mediaOrch_146588263_infrastructure_220,random-search,2,"{""iterations_count"": 1000, ""seed"": 2, ""time_budget_ms"": 300000}",ok,FEASIBLE,True,0.04893769075524968,0.04893769075524968,True,6.9142301800000014,77.76750000000001,1.0,300009.0,2427932,308.706,,5,1575,
mediaOrch_146588263_infrastructure_220|evolutionary-heuristics#seed3,mediaOrch,220,146588263,mediaOrch_146588263_infrastructure_220,evolutionary-heuristics,3,"{""algorithm"": ""NSGAII"", ""max_evaluations"": 1000, ""operators"": ""UNIFORM"", ""population_size"": 20, ""seed"": 3, ""time_budget_ms"": 300000}",ok,FEASIBLE,True,0.024096924465940382,0.024096924465940382,True,4.19649388,38.0,1.0,300009.0,2737433,310.027,,5,1575,
mediaOrch_146588263_infrastructure_220|random-search#seed3,mediaOrch,220,146588263,mediaOrch_146588263_infrastructure_220,random-search,3,"{""iterations_count"": 1000, ""seed"": 3, ""time_budget_ms"": 300000}",ok,FEASIBLE,True,0.05904584218819123,0.05904584218819123,True,7.7758708,94.43249999999999,1.0,300009.0,2518380,308.892,,5,1575,
mediaOrch_146588263_infrastructure_220|evolutionary-heuristics#seed4,mediaOrch,220,146588263,mediaOrch_146588263_infrastructure_220,evolutionary-heuristics,4,"{""algorithm"": ""NSGAII"", ""max_evaluations"": 1000, ""operators"": ""UNIFORM"", ""population_size"": 20, ""seed"": 4, ""time_budget_ms"": 300000}",ok,FEASIBLE,True,0.024096924465940382,0.024096924465940382,True,4.19649388,38.0,1.0,300008.0,2723891,308.473,,5,1575,
mediaOrch_146588263_infrastructure_220|random-search#seed4,mediaOrch,220,146588263,mediaOrch_146588263_infrastructure_220,random-search,4,"{""iterations_count"": 1000, ""seed"": 4, ""time_budget_ms"": 300000}",ok,FEASIBLE,True,0.056052318106538865,0.056052318106538865,True,8.286584725,87.983,1.0,299952.0,2506336,308.049,,5,1575,
mediaOrch_146588263_infrastructure_220|evolutionary-heuristics#seed5,mediaOrch,220,146588263,mediaOrch_146588263_infrastructure_220,evolutionary-heuristics,5,"{""algorithm"": ""NSGAII"", ""max_evaluations"": 1000, ""operators"": ""UNIFORM"", ""population_size"": 20, ""seed"": 5, ""time_budget_ms"": 300000}",ok,FEASIBLE,True,0.020832441922118555,0.020832441922118555,True,1.7017166,37.0,1.0,299950.0,2722605,308.089,,5,1575,
mediaOrch_146588263_infrastructure_220|random-search#seed5,mediaOrch,220,146588263,mediaOrch_146588263_infrastructure_220,random-search,5,"{""iterations_count"": 1000, ""seed"": 5, ""time_budget_ms"": 300000}",ok,FEASIBLE,True,0.05699086634766978,0.05699086634766978,True,16.11458237,74.2125,1.0,300006.0,2490964,308.143,,5,1575,
mediaOrch_146588263_infrastructure_220|evolutionary-heuristics#seed6,mediaOrch,220,146588263,mediaOrch_146588263_infrastructure_220,evolutionary-heuristics,6,"{""algorithm"": ""NSGAII"", ""max_evaluations"": 1000, ""operators"": ""UNIFORM"", ""population_size"": 20, ""seed"": 6, ""time_budget_ms"": 300000}",ok,FEASIBLE,True,0.02551313845866847,0.02551313845866847,True,5.49822548,38.0,1.0,300006.0,2762430,308.795,,5,1575,
mediaOrch_146588263_infrastructure_220|random-search#seed6,mediaOrch,220,146588263,mediaOrch_146588263_infrastructure_220,random-search,6,"{""iterations_count"": 1000, ""seed"": 6, ""time_budget_ms"": 300000}",ok,FEASIBLE,True,0.050993449449417555,0.050993449449417555,True,7.597440035000001,80.1525,1.0,300006.0,2487073,308.14,,5,1575,
mediaOrch_146588263_infrastructure_220|evolutionary-heuristics#seed7,mediaOrch,220,146588263,mediaOrch_146588263_infrastructure_220,evolutionary-heuristics,7,"{""algorithm"": ""NSGAII"", ""max_evaluations"": 1000, ""operators"": ""UNIFORM"", ""population_size"": 20, ""seed"": 7, ""time_budget_ms"": 300000}",ok,FEASIBLE,True,0.025647132782433385,0.025647132782433385,True,5.1155736,39.0,1.0,300006.0,2749742,310.009,,5,1575,
mediaOrch_146588263_infrastructure_220|random-search#seed7,mediaOrch,220,146588263,mediaOrch_146588263_infrastructure_220,random-search,7,"{""iterations_count"": 1000, ""seed"": 7, ""time_budget_ms"": 300000}",ok,FEASIBLE,True,0.05509271475802868,0.05509271475802868,True,15.734811995,71.514,1.0,300006.0,2554361,307.952,,5,1575,
mediaOrch_146588263_infrastructure_220|evolutionary-heuristics#seed8,mediaOrch,220,146588263,mediaOrch_146588263_infrastructure_220,evolutionary-heuristics,8,"{""algorithm"": ""NSGAII"", ""max_evaluations"": 1000, ""operators"": ""UNIFORM"", ""population_size"": 20, ""seed"": 8, ""time_budget_ms"": 300000}",ok,FEASIBLE,True,0.020832441922118555,0.020832441922118555,True,1.7017166,37.0,1.0,300028.0,2813992,309.113,,5,1575,
mediaOrch_146588263_infrastructure_220|random-search#seed8,mediaOrch,220,146588263,mediaOrch_146588263_infrastructure_220,random-search,8,"{""iterations_count"": 1000, ""seed"": 8, ""time_budget_ms"": 300000}",ok,FEASIBLE,True,0.04721293929547062,0.04721293929547062,True,22.43959571,43.939499999999995,1.0,300031.0,2493720,308.194,,5,1575,
mediaOrch_146588263_infrastructure_220|evolutionary-heuristics#seed9,mediaOrch,220,146588263,mediaOrch_146588263_infrastructure_220,evolutionary-heuristics,9,"{""algorithm"": ""NSGAII"", ""max_evaluations"": 1000, ""operators"": ""UNIFORM"", ""population_size"": 20, ""seed"": 9, ""time_budget_ms"": 300000}",ok,FEASIBLE,True,0.023386644927981468,0.023386644927981468,True,3.54363116,38.0,1.0,300009.0,2709493,307.817,,5,1575,
mediaOrch_146588263_infrastructure_220|random-search#seed9,mediaOrch,220,146588263,mediaOrch_146588263_infrastructure_220,random-search,9,"{""iterations_count"": 1000, ""seed"": 9, ""time_budget_ms"": 300000}",ok,FEASIBLE,True,0.051614090564396295,0.051614090564396295,True,17.85956942,60.992000000000004,1.0,300009.0,2589928,307.937,,5,1575,
mediaOrch_146588263_infrastructure_220|evolutionary-heuristics#seed10,mediaOrch,220,146588263,mediaOrch_146588263_infrastructure_220,evolutionary-heuristics,10,"{""algorithm"": ""NSGAII"", ""max_evaluations"": 1000, ""operators"": ""UNIFORM"", ""population_size"": 20, ""seed"": 10, ""time_budget_ms"": 300000}",ok,FEASIBLE,True,0.020832441922118555,0.020832441922118555,True,1.7017166,37.0,1.0,299986.0,2828624,308.341,,5,1575,
mediaOrch_146588263_infrastructure_220|random-search#seed10,mediaOrch,220,146588263,mediaOrch_146588263_infrastructure_220,random-search,10,"{""iterations_count"": 1000, ""seed"": 10, ""time_budget_ms"": 300000}",ok,FEASIBLE,True,0.053230744879892516,0.053230744879892516,True,14.65006223,70.275,1.0,299987.0,2525790,309.044,,5,1575,
mediaOrch_146588263_infrastructure_50|evolutionary-heuristics#seed1,mediaOrch,50,146588263,mediaOrch_146588263_infrastructure_50,evolutionary-heuristics,1,"{""algorithm"": ""NSGAII"", ""max_evaluations"": 1000, ""operators"": ""UNIFORM"", ""population_size"": 20, ""seed"": 1, ""time_budget_ms"": 300000}",ok,FEASIBLE,True,0.039403854359332524,0.039403854359332524,True,12.68,40.076,1.0,299880.0,2767417,301.989,,5,540,
mediaOrch_146588263_infrastructure_50|random-search#seed1,mediaOrch,50,146588263,mediaOrch_146588263_infrastructure_50,random-search,1,"{""iterations_count"": 1000, ""seed"": 1, ""time_budget_ms"": 300000}",ok,FEASIBLE,True,0.03261931496130624,0.03261931496130624,True,10.300018999999999,34.321,1.0,299869.0,2786566,301.846,,5,540,
mediaOrch_146588263_infrastructure_50|evolutionary-heuristics#seed2,mediaOrch,50,146588263,mediaOrch_146588263_infrastructure_50,evolutionary-heuristics,2,"{""algorithm"": ""NSGAII"", ""max_evaluations"": 1000, ""operators"": ""UNIFORM"", ""population_size"": 20, ""seed"": 2, ""time_budget_ms"": 300000}",ok,FEASIBLE,True,0.039403854359332524,0.039403854359332524,True,12.68,40.076,1.0,299990.0,2845031,302.089,,5,540,
mediaOrch_146588263_infrastructure_50|random-search#seed2,mediaOrch,50,146588263,mediaOrch_146588263_infrastructure_50,random-search,2,"{""iterations_count"": 1000, ""seed"": 2, ""time_budget_ms"": 300000}",ok,FEASIBLE,True,0.029581060651239693,0.029581060651239693,True,8.300015,34.321,1.0,299991.0,2743580,302.007,,5,540,
mediaOrch_146588263_infrastructure_50|evolutionary-heuristics#seed3,mediaOrch,50,146588263,mediaOrch_146588263_infrastructure_50,evolutionary-heuristics,3,"{""algorithm"": ""NSGAII"", ""max_evaluations"": 1000, ""operators"": ""UNIFORM"", ""population_size"": 20, ""seed"": 3, ""time_budget_ms"": 300000}",ok,FEASIBLE,True,0.025593351869277362,0.025593351869277362,True,5.675009749999999,34.321,1.0,299990.0,2817215,302.178,,5,540,
mediaOrch_146588263_infrastructure_50|random-search#seed3,mediaOrch,50,146588263,mediaOrch_146588263_infrastructure_50,random-search,3,"{""iterations_count"": 1000, ""seed"": 3, ""time_budget_ms"": 300000}",ok,FEASIBLE,True,0.028441715284964742,0.028441715284964742,True,7.5500134999999995,34.321,1.0,299990.0,2789495,301.966,,5,540,
mediaOrch_146588263_infrastructure_50|evolutionary-heuristics#seed4,mediaOrch,50,146588263,mediaOrch_146588263_infrastructure_50,evolutionary-heuristics,4,"{""algorithm"": ""NSGAII"", ""max_evaluations"": 1000, ""operators"": ""UNIFORM"", ""population_size"": 20, ""seed"": 4, ""time_budget_ms"": 300000}",ok,FEASIBLE,True,0.025593351869277362,0.025593351869277362,True,5.675009749999999,34.321,1.0,300011.0,2857577,301.989,,5,540,
mediaOrch_146588263_infrastructure_50|random-search#seed4,mediaOrch,50,146588263,mediaOrch_146588263_infrastructure_50,random-search,4,"{""iterations_count"": 1000, ""seed"": 4, ""time_budget_ms"": 300000}",ok,FEASIBLE,True,0.03223953317254792,0.03223953317254792,True,10.0500185,34.321,1.0,300040.0,2838368,301.984,,5,540,
mediaOrch_146588263_infrastructure_50|evolutionary-heuristics#seed5,mediaOrch,50,146588263,mediaOrch_146588263_infrastructure_50,evolutionary-heuristics,5,"{""algorithm"": ""NSGAII"", ""max_evaluations"": 1000, ""operators"": ""UNIFORM"", ""population_size"": 20, ""seed"": 5, ""time_budget_ms"": 300000}",ok,FEASIBLE,True,0.025593351869277362,0.025593351869277362,True,5.675009749999999,34.321,1.0,300025.0,2852871,301.969,,5,540,
mediaOrch_146588263_infrastructure_50|random-search#seed5,mediaOrch,50,146588263,mediaOrch_146588263_infrastructure_50,random-search,5,"{""iterations_count"": 1000, ""seed"": 5, ""time_budget_ms"": 300000}",ok,FEASIBLE,True,0.028848676596876486,0.028848676596876486,True,2.209889065,49.792,1.0,300000.0,2811285,302.169,,5,540,
mediaOrch_146588263_infrastructure_50|evolutionary-heuristics#seed6,mediaOrch,50,146588263,mediaOrch_146588263_infrastructure_50,evolutionary-heuristics,6,"{""algorithm"": ""NSGAII"", ""max_evaluations"": 1000, ""operators"": ""UNIFORM"", ""population_size"": 20, ""seed"": 6, ""time_budget_ms"": 300000}",ok,FEASIBLE,True,0.025593351869277362,0.025593351869277362,True,5.675009749999999,34.321,1.0,300000.0,2797569,301.985,,5,540,
mediaOrch_146588263_infrastructure_50|random-search#seed6,mediaOrch,50,146588263,mediaOrch_146588263_infrastructure_50,random-search,6,"{""iterations_count"": 1000, ""seed"": 6, ""time_budget_ms"": 300000}",ok,FEASIBLE,True,0.033758660327581194,0.033758660327581194,True,11.0500205,34.321,1.0,300000.0,2779991,302.057,,5,540,
mediaOrch_146588263_infrastructure_50|evolutionary-heuristics#seed7,mediaOrch,50,146588263,mediaOrch_146588263_infrastructure_50,evolutionary-heuristics,7,"{""algorithm"": ""NSGAII"", ""max_evaluations"": 1000, ""operators"": ""UNIFORM"", ""population_size"": 20, ""seed"": 7, ""time_budget_ms"": 300000}",ok,FEASIBLE,True,0.025593351869277362,0.025593351869277362,True,5.675009749999999,34.321,1.0,300063.0,2885344,302.234,,5,540,
mediaOrch_146588263_infrastructure_50|random-search#seed7,mediaOrch,50,146588263,mediaOrch_146588263_infrastructure_50,random-search,7,"{""iterations_count"": 1000, ""seed"": 7, ""time_budget_ms"": 300000}",ok,FEASIBLE,True,0.031100187806272966,0.031100187806272966,True,9.300017,34.321,1.0,300068.0,2806582,302.107,,5,540,
mediaOrch_146588263_infrastructure_50|evolutionary-heuristics#seed8,mediaOrch,50,146588263,mediaOrch_146588263_infrastructure_50,evolutionary-heuristics,8,"{""algorithm"": ""NSGAII"", ""max_evaluations"": 1000, ""operators"": ""UNIFORM"", ""population_size"": 20, ""seed"": 8, ""time_budget_ms"": 300000}",ok,FEASIBLE,True,0.025593351869277362,0.025593351869277362,True,5.675009749999999,34.321,1.0,300009.0,2892380,301.94,,5,540,
mediaOrch_146588263_infrastructure_50|random-search#seed8,mediaOrch,50,146588263,mediaOrch_146588263_infrastructure_50,random-search,8,"{""iterations_count"": 1000, ""seed"": 8, ""time_budget_ms"": 300000}",ok,FEASIBLE,True,0.03519493912044251,0.03519493912044251,True,7.3585682949999995,47.113,1.0,300009.0,2813503,302.045,,5,540,
mediaOrch_146588263_infrastructure_50|evolutionary-heuristics#seed9,mediaOrch,50,146588263,mediaOrch_146588263_infrastructure_50,evolutionary-heuristics,9,"{""algorithm"": ""NSGAII"", ""max_evaluations"": 1000, ""operators"": ""UNIFORM"", ""population_size"": 20, ""seed"": 9, ""time_budget_ms"": 300000}",ok,FEASIBLE,True,0.025593351869277362,0.025593351869277362,True,5.675009749999999,34.321,1.0,300009.0,2869197,301.935,,5,540,
mediaOrch_146588263_infrastructure_50|random-search#seed9,mediaOrch,50,146588263,mediaOrch_146588263_infrastructure_50,random-search,9,"{""iterations_count"": 1000, ""seed"": 9, ""time_budget_ms"": 300000}",ok,FEASIBLE,True,0.02730236991868979,0.02730236991868979,True,6.800012,34.321,1.0,300009.0,2835334,301.983,,5,540,
mediaOrch_146588263_infrastructure_50|evolutionary-heuristics#seed10,mediaOrch,50,146588263,mediaOrch_146588263_infrastructure_50,evolutionary-heuristics,10,"{""algorithm"": ""NSGAII"", ""max_evaluations"": 1000, ""operators"": ""UNIFORM"", ""population_size"": 20, ""seed"": 10, ""time_budget_ms"": 300000}",ok,FEASIBLE,True,0.025593351869277362,0.025593351869277362,True,5.675009749999999,34.321,1.0,299893.0,2878181,301.766,,5,540,
mediaOrch_146588263_infrastructure_50|random-search#seed10,mediaOrch,50,146588263,mediaOrch_146588263_infrastructure_50,random-search,10,"{""iterations_count"": 1000, ""seed"": 10, ""time_budget_ms"": 300000}",ok,FEASIBLE,True,0.029201278862481375,0.029201278862481375,True,8.0500145,34.321,1.0,299886.0,2871033,301.764,,5,540,
mediaOrch_146588263_infrastructure_55|evolutionary-heuristics#seed1,mediaOrch,55,146588263,mediaOrch_146588263_infrastructure_55,evolutionary-heuristics,1,"{""algorithm"": ""NSGAII"", ""max_evaluations"": 1000, ""operators"": ""UNIFORM"", ""population_size"": 20, ""seed"": 1, ""time_budget_ms"": 300000}",ok,FEASIBLE,True,0.023952331396560927,0.023952331396560927,True,4.24253556,36.0,1.0,300000.0,3137486,301.721,,5,499,
mediaOrch_146588263_infrastructure_55|random-search#seed1,mediaOrch,55,146588263,mediaOrch_146588263_infrastructure_55,random-search,1,"{""iterations_count"": 1000, ""seed"": 1, ""time_budget_ms"": 300000}",ok,FEASIBLE,True,0.03127174769693833,0.03127174769693833,True,6.358566294999999,43.962,1.0,299998.0,3139856,301.929,,5,499,
mediaOrch_146588263_infrastructure_55|evolutionary-heuristics#seed2,mediaOrch,55,146588263,mediaOrch_146588263_infrastructure_55,evolutionary-heuristics,2,"{""algorithm"": ""NSGAII"", ""max_evaluations"": 1000, ""operators"": ""UNIFORM"", ""population_size"": 20, ""seed"": 2, ""time_budget_ms"": 300000}",ok,FEASIBLE,True,0.027345797303863904,0.027345797303863904,True,5.49822548,39.0,1.0,299978.0,3197280,301.645,,5,499,
mediaOrch_146588263_infrastructure_55|random-search#seed2,mediaOrch,55,146588263,mediaOrch_146588263_infrastructure_55,random-search,2,"{""iterations_count"": 1000, ""seed"": 2, ""time_budget_ms"": 300000}",ok,FEASIBLE,True,0.03738846370585379,0.03738846370585379,True,9.820016,46.353500000000004,1.0,299978.0,3006418,301.846,,5,499,
mediaOrch_146588263_infrastructure_55|evolutionary-heuristics#seed3,mediaOrch,55,146588263,mediaOrch_146588263_infrastructure_55,evolutionary-heuristics,3,"{""algorithm"": ""NSGAII"", ""max_evaluations"": 1000, ""operators"": ""UNIFORM"", ""population_size"": 20, ""seed"": 3, ""time_budget_ms"": 300000}",ok,FEASIBLE,True,0.023278200998785248,0.023278200998785248,True,5.675009749999999,31.17,1.0,299997.0,3123172,301.968,,5,499,
mediaOrch_146588263_infrastructure_55|random-search#seed3,mediaOrch,55,146588263,mediaOrch_146588263_infrastructure_55,random-search,3,"{""iterations_count"": 1000, ""seed"": 3, ""time_budget_ms"": 300000}",ok,FEASIBLE,True,0.03454398669680369,0.03454398669680369,True,13.800025999999999,31.17,1.0,300139.0,3047406,301.898,,5,499,
mediaOrch_146588263_infrastructure_55|evolutionary-heuristics#seed4,mediaOrch,55,146588263,mediaOrch_146588263_infrastructure_55,evolutionary-heuristics,4,"{""algorithm"": ""NSGAII"", ""max_evaluations"": 1000, ""operators"": ""UNIFORM"", ""population_size"": 20, ""seed"": 4, ""time_budget_ms"": 300000}",ok,FEASIBLE,True,0.023278200998785248,0.023278200998785248,True,5.675009749999999,31.17,1.0,300144.0,3087561,301.784,,5,499,
mediaOrch_146588263_infrastructure_55|random-search#seed4,mediaOrch,55,146588263,mediaOrch_146588263_infrastructure_55,random-search,4,"{""iterations_count"": 1000, ""seed"": 4, ""time_budget_ms"": 300000}",ok,FEASIBLE,True,0.03352353431499415,0.03352353431499415,True,8.887293185,41.6845,1.0,300009.0,2988491,301.737,,5,499,
mediaOrch_146588263_infrastructure_55|evolutionary-heuristics#seed5,mediaOrch,55,146588263,mediaOrch_146588263_infrastructure_55,evolutionary-heuristics,5,"{""algorithm"": ""NSGAII"", ""max_evaluations"": 1000, ""operators"": ""UNIFORM"", ""population_size"": 20, ""seed"": 5, ""time_budget_ms"": 300000}",ok,FEASIBLE,True,0.023278200998785248,0.023278200998785248,True,5.675009749999999,31.17,1.0,299990.0,3081259,301.65,,5,499,
mediaOrch_146588263_infrastructure_55|random-search#seed5,mediaOrch,55,146588263,mediaOrch_146588263_infrastructure_55,random-search,5,"{""iterations_count"": 1000, ""seed"": 5, ""time_budget_ms"": 300000}",ok,FEASIBLE,True,0.03322878898658544,0.03322878898658544,True,6.82001,46.353500000000004,1.0,299989.0,3005034,301.799,,5,499,
mediaOrch_146588263_infrastructure_55|evolutionary-heuristics#seed6,mediaOrch,55,146588263,mediaOrch_146588263_infrastructure_55,evolutionary-heuristics,6,"{""algorithm"": ""NSGAII"", ""max_evaluations"": 1000, ""operators"": ""UNIFORM"", ""population_size"": 20, ""seed"": 6, ""time_budget_ms"": 300000}",ok,FEASIBLE,True,0.023952331396560927,0.023952331396560927,True,4.24253556,36.0,1.0,300009.0,3087710,301.957,,5,499,
mediaOrch_146588263_infrastructure_55|random-search#seed6,mediaOrch,55,146588263,mediaOrch_146588263_infrastructure_55,random-search,6,"{""iterations_count"": 1000, ""seed"": 6, ""time_budget_ms"": 300000}",ok,FEASIBLE,True,0.02761119549802311,0.02761119549802311,True,8.800016,31.17,1.0,300059.0,2927289,301.836,,5,499,
mediaOrch_146588263_infrastructure_55|evolutionary-heuristics#seed7,mediaOrch,55,146588263,mediaOrch_146588263_infrastructure_55,evolutionary-heuristics,7,"{""algorithm"": ""NSGAII"", ""max_evaluations"": 1000, ""operators"": ""UNIFORM"", ""population_size"": 20, ""seed"": 7, ""time_budget_ms"": 300000}",ok,FEASIBLE,True,0.021480968396104385,0.021480968396104385,True,1.26844236,39.0,1.0,300059.0,3048902,302.176,,5,499,
mediaOrch_146588263_infrastructure_55|random-search#seed7,mediaOrch,55,146588263,mediaOrch_146588263_infrastructure_55,random-search,7,"{""iterations_count"": 1000, ""seed"": 7, ""time_budget_ms"": 300000}",ok,FEASIBLE,True,0.031218652345155584,0.031218652345155584,True,3.2098910650000003,51.792,1.0,300009.0,3146372,302.031,,5,499,
mediaOrch_146588263_infrastructure_55|evolutionary-heuristics#seed8,mediaOrch,55,146588263,mediaOrch_146588263_infrastructure_55,evolutionary-heuristics,8,"{""algorithm"": ""NSGAII"", ""max_evaluations"": 1000, ""operators"": ""UNIFORM"", ""population_size"": 20, ""seed"": 8, ""time_budget_ms"": 300000}",ok,FEASIBLE,True,0.023278200998785248,0.023278200998785248,True,5.675009749999999,31.17,1.0,300009.0,3196155,301.679,,5,499,
mediaOrch_146588263_infrastructure_55|random-search#seed8,mediaOrch,55,146588263,mediaOrch_146588263_infrastructure_55,random-search,8,"{""iterations_count"": 1000, ""seed"": 8, ""time_budget_ms"": 300000}",ok,FEASIBLE,True,0.029864352637626802,0.029864352637626802,True,10.42501925,31.17,1.0,300008.0,3103083,302.387,,5,499,
mediaOrch_146588263_infrastructure_55|evolutionary-heuristics#seed9,mediaOrch,55,146588263,mediaOrch_146588263_infrastructure_55,evolutionary-heuristics,9,"{""algorithm"": ""NSGAII"", ""max_evaluations"": 1000, ""operators"": ""UNIFORM"", ""population_size"": 20, ""seed"": 9, ""time_budget_ms"": 300000}",ok,FEASIBLE,True,0.023278200998785248,0.023278200998785248,True,5.675009749999999,31.17,1.0,300009.0,3183378,301.724,,5,499,
mediaOrch_146588263_infrastructure_55|random-search#seed9,mediaOrch,55,146588263,mediaOrch_146588263_infrastructure_55,random-search,9,"{""iterations_count"": 1000, ""seed"": 9, ""time_budget_ms"": 300000}",ok,FEASIBLE,True,0.029691032857657285,0.029691032857657285,True,10.300018999999999,31.17,1.0,300012.0,3137332,301.818,,5,499,
mediaOrch_146588263_infrastructure_55|evolutionary-heuristics#seed10,mediaOrch,55,146588263,mediaOrch_146588263_infrastructure_55,evolutionary-heuristics,10,"{""algorithm"": ""NSGAII"", ""max_evaluations"": 1000, ""operators"": ""UNIFORM"", ""population_size"": 20, ""seed"": 10, ""time_budget_ms"": 300000}",ok,FEASIBLE,True,0.023278200998785248,0.023278200998785248,True,5.675009749999999,31.17,1.0,300012.0,3246280,301.714,,5,499,
mediaOrch_146588263_infrastructure_55|random-search#seed10,mediaOrch,55,146588263,mediaOrch_146588263_infrastructure_55,random-search,10,"{""iterations_count"": 1000, ""seed"": 10, ""time_budget_ms"": 300000}",ok,FEASIBLE,True,0.023451520778754762,0.023451520778754762,True,5.800009999999999,31.17,1.0,300009.0,3156548,301.806,,5,499,
mediaOrch_146588263_infrastructure_60|evolutionary-heuristics#seed1,mediaOrch,60,146588263,mediaOrch_146588263_infrastructure_60,evolutionary-heuristics,1,"{""algorithm"": ""NSGAII"", ""max_evaluations"": 1000, ""operators"": ""UNIFORM"", ""population_size"": 20, ""seed"": 1, ""time_budget_ms"": 300000}",ok,FEASIBLE,True,0.03308228806135821,0.03308228806135821,True,5.675009749999999,47.559,1.0,300009.0,3116626,302.066,,5,527,
mediaOrch_146588263_infrastructure_60|random-search#seed1,mediaOrch,60,146588263,mediaOrch_146588263_infrastructure_60,random-search,1,"{""iterations_count"": 1000, ""seed"": 1, ""time_budget_ms"": 300000}",ok,FEASIBLE,True,0.042216485924996536,0.042216485924996536,True,11.675021749999999,47.559,1.0,300008.0,2984701,301.843,,5,527,
mediaOrch_146588263_infrastructure_60|evolutionary-heuristics#seed2,mediaOrch,60,146588263,mediaOrch_146588263_infrastructure_60,evolutionary-heuristics,2,"{""algorithm"": ""NSGAII"", ""max_evaluations"": 1000, ""operators"": ""UNIFORM"", ""population_size"": 20, ""seed"": 2, ""time_budget_ms"": 300000}",ok,FEASIBLE,True,0.03308228806135821,0.03308228806135821,True,5.675009749999999,47.559,1.0,300011.0,2491457,301.993,,5,527,
mediaOrch_146588263_infrastructure_60|random-search#seed2,mediaOrch,60,146588263,mediaOrch_146588263_infrastructure_60,random-search,2,"{""iterations_count"": 1000, ""seed"": 2, ""time_budget_ms"": 300000}",ok,FEASIBLE,True,0.03722813377065936,0.03722813377065936,True,4.94867036,57.028999999999996,1.0,299933.0,2204185,302.333,,5,527,
mediaOrch_146588263_infrastructure_60|evolutionary-heuristics#seed3,mediaOrch,60,146588263,mediaOrch_146588263_infrastructure_60,evolutionary-heuristics,3,"{""algorithm"": ""NSGAII"", ""max_evaluations"": 1000, ""operators"": ""UNIFORM"", ""population_size"": 20, ""seed"": 3, ""time_budget_ms"": 300000}",ok,FEASIBLE,True,0.019963836551969833,0.019963836551969833,True,1.26844236,36.0,1.0,299930.0,2670023,302.352,,5,527,
mediaOrch_146588263_infrastructure_60|random-search#seed3,mediaOrch,60,146588263,mediaOrch_146588263_infrastructure_60,random-search,3,"{""iterations_count"": 1000, ""seed"": 3, ""time_budget_ms"": 300000}",ok,FEASIBLE,True,0.04874116100786991,0.04874116100786991,True,10.4300165,62.7425,1.0,300003.0,2874130,302.198,,5,527,
mediaOrch_146588263_infrastructure_60|evolutionary-heuristics#seed4,mediaOrch,60,146588263,mediaOrch_146588263_infrastructure_60,evolutionary-heuristics,4,"{""algorithm"": ""NSGAII"", ""max_evaluations"": 1000, ""operators"": ""UNIFORM"", ""population_size"": 20, ""seed"": 4, ""time_budget_ms"": 300000}",ok,FEASIBLE,True,0.026709690850282884,0.026709690850282884,True,4.24253556,40.0,1.0,299982.0,3000997,302.101,,5,527,
mediaOrch_146588263_infrastructure_60|random-search#seed4,mediaOrch,60,146588263,mediaOrch_146588263_infrastructure_60,random-search,4,"{""iterations_count"": 1000, ""seed"": 4, ""time_budget_ms"": 300000}",ok,FEASIBLE,True,0.036317316471396785,0.036317316471396785,True,7.800013999999999,47.559,1.0,299983.0,2857414,302.187,,5,527,
mediaOrch_146588263_infrastructure_60|evolutionary-heuristics#seed5,mediaOrch,60,146588263,mediaOrch_146588263_infrastructure_60,evolutionary-heuristics,5,"{""algorithm"": ""NSGAII"", ""max_evaluations"": 1000, ""operators"": ""UNIFORM"", ""population_size"": 20, ""seed"": 5, ""time_budget_ms"": 300000}",ok,FEASIBLE,True,0.026709690850282884,0.026709690850282884,True,4.24253556,40.0,1.0,300002.0,2826361,304.533,,5,527,
mediaOrch_146588263_infrastructure_60|random-search#seed5,mediaOrch,60,146588263,mediaOrch_146588263_infrastructure_60,random-search,5,"{""iterations_count"": 1000, ""seed"": 5, ""time_budget_ms"": 300000}",ok,FEASIBLE,True,0.04214162135403305,0.04214162135403305,True,4.22133227,67.886,1.0,300021.0,2643080,302.278,,5,527,
mediaOrch_146588263_infrastructure_60|evolutionary-heuristics#seed6,mediaOrch,60,146588263,mediaOrch_146588263_infrastructure_60,evolutionary-heuristics,6,"{""algorithm"": ""NSGAII"", ""max_evaluations"": 1000, ""operators"": ""UNIFORM"", ""population_size"": 20, ""seed"": 6, ""time_budget_ms"": 300000}",ok,FEASIBLE,True,0.026403102996496515,0.026403102996496515,True,5.49822548,36.0,1.0,300023.0,2815045,302.115,,5,527,
mediaOrch_146588263_infrastructure_60|random-search#seed6,mediaOrch,60,146588263,mediaOrch_146588263_infrastructure_60,random-search,6,"{""iterations_count"": 1000, ""seed"": 6, ""time_budget_ms"": 300000}",ok,FEASIBLE,True,0.03598751744222398,0.03598751744222398,True,3.937218865,57.5685,1.0,300006.0,2719633,301.971,,5,527,
mediaOrch_146588263_infrastructure_60|evolutionary-heuristics#seed7,mediaOrch,60,146588263,mediaOrch_146588263_infrastructure_60,evolutionary-heuristics,7,"{""algorithm"": ""NSGAII"", ""max_evaluations"": 1000, ""operators"": ""UNIFORM"", ""population_size"": 20, ""seed"": 7, ""time_budget_ms"": 300000}",ok,FEASIBLE,True,0.03308228806135821,0.03308228806135821,True,5.675009749999999,47.559,1.0,300007.0,2851828,302.344,,5,527,
mediaOrch_146588263_infrastructure_60|random-search#seed7,mediaOrch,60,146588263,mediaOrch_146588263_infrastructure_60,random-search,7,"{""iterations_count"": 1000, ""seed"": 7, ""time_budget_ms"": 300000}",ok,FEASIBLE,True,0.04160903827813537,0.04160903827813537,True,6.16712109,61.584,1.0,300007.0,2896440,302.073,,5,527,
mediaOrch_146588263_infrastructure_60|evolutionary-heuristics#seed8,mediaOrch,60,146588263,mediaOrch_146588263_infrastructure_60,evolutionary-heuristics,8,"{""algorithm"": ""NSGAII"", ""max_evaluations"": 1000, ""operators"": ""UNIFORM"", ""population_size"": 20, ""seed"": 8, ""time_budget_ms"": 300000}",ok,FEASIBLE,True,0.026403102996496515,0.026403102996496515,True,5.49822548,36.0,1.0,300007.0,2886341,302.253,,5,527,
mediaOrch_146588263_infrastructure_60|random-search#seed8,mediaOrch,60,146588263,mediaOrch_146588263_infrastructure_60,random-search,8,"{""iterations_count"": 1000, ""seed"": 8, ""time_budget_ms"": 300000}",ok,FEASIBLE,True,0.040123232247912755,0.040123232247912755,True,10.300019,47.559,1.0,299995.0,2803817,302.153,,5,527,
mediaOrch_146588263_infrastructure_60|evolutionary-heuristics#seed9,mediaOrch,60,146588263,mediaOrch_146588263_infrastructure_60,evolutionary-heuristics,9,"{""algorithm"": ""NSGAII"", ""max_evaluations"": 1000, ""operators"": ""UNIFORM"", ""population_size"": 20, ""seed"": 9, ""time_budget_ms"": 300000}",ok,FEASIBLE,True,0.026403102996496515,0.026403102996496515,True,5.49822548,36.0,1.0,299995.0,2981315,302.082,,5,527,
mediaOrch_146588263_infrastructure_60|random-search#seed9,mediaOrch,60,146588263,mediaOrch_146588263_infrastructure_60,random-search,9,"{""iterations_count"": 1000, ""seed"": 9, ""time_budget_ms"": 300000}",ok,FEASIBLE,True,0.03645904105127454,0.03645904105127454,True,2.78422468,61.584,1.0,300008.0,2865744,302.178,,5,527,
mediaOrch_146588263_infrastructure_60|evolutionary-heuristics#seed10,mediaOrch,60,146588263,mediaOrch_146588263_infrastructure_60,evolutionary-heuristics,10,"{""algorithm"": ""NSGAII"", ""max_evaluations"": 1000, ""operators"": ""UNIFORM"", ""population_size"": 20, ""seed"": 10, ""time_budget_ms"": 300000}",ok,FEASIBLE,True,0.026709690850282884,0.026709690850282884,True,4.24253556,40.0,1.0,300009.0,3031600,302.066,,5,527,
mediaOrch_146588263_infrastructure_60|random-search#seed10,mediaOrch,60,146588263,mediaOrch_146588263_infrastructure_60,random-search,10,"{""iterations_count"": 1000, ""seed"": 10, ""time_budget_ms"": 300000}",ok,FEASIBLE,True,0.019963836551969833,0.019963836551969833,True,1.26844236,36.0,1.0,300009.0,2957778,304.124,,5,527,
mediaOrch_146588263_infrastructure_65|evolutionary-heuristics#seed1,mediaOrch,65,146588263,mediaOrch_146588263_infrastructure_65,evolutionary-heuristics,1,"{""algorithm"": ""NSGAII"", ""max_evaluations"": 1000, ""operators"": ""UNIFORM"", ""population_size"": 20, ""seed"": 1, ""time_budget_ms"": 300000}",ok,FEASIBLE,True,0.022760525417042442,0.022760525417042442,True,5.675009749999999,29.835,1.0,300009.0,2949492,302.077,,5,508,
mediaOrch_146588263_infrastructure_65|random-search#seed1,mediaOrch,65,146588263,mediaOrch_146588263_infrastructure_65,random-search,1,"{""iterations_count"": 1000, ""seed"": 1, ""time_budget_ms"": 300000}",ok,FEASIBLE,True,0.029986091394740247,0.029986091394740247,True,10.80002,29.835,1.0,299997.0,2805326,302.035,,5,508,
mediaOrch_146588263_infrastructure_65|evolutionary-heuristics#seed2,mediaOrch,65,146588263,mediaOrch_146588263_infrastructure_65,evolutionary-heuristics,2,"{""algorithm"": ""NSGAII"", ""max_evaluations"": 1000, ""operators"": ""UNIFORM"", ""population_size"": 20, ""seed"": 2, ""time_budget_ms"": 300000}",ok,FEASIBLE,True,0.041402233710246844,0.041402233710246844,True,12.68,45.639,1.0,299996.0,2921197,302.037,,5,508,
mediaOrch_146588263_infrastructure_65|random-search#seed2,mediaOrch,65,146588263,mediaOrch_146588263_infrastructure_65,random-search,2,"{""iterations_count"": 1000, ""seed"": 2, ""time_budget_ms"": 300000}",ok,FEASIBLE,True,0.031395957926973965,0.031395957926973965,True,11.800022,29.835,1.0,300007.0,2820845,302.187,,5,508,
mediaOrch_146588263_infrastructure_65|evolutionary-heuristics#seed3,mediaOrch,65,146588263,mediaOrch_146588263_infrastructure_65,evolutionary-heuristics,3,"{""algorithm"": ""NSGAII"", ""max_evaluations"": 1000, ""operators"": ""UNIFORM"", ""population_size"": 20, ""seed"": 3, ""time_budget_ms"": 300000}",ok,FEASIBLE,True,0.022760525417042442,0.022760525417042442,True,5.675009749999999,29.835,1.0,300010.0,2890100,302.06,,5,508,
mediaOrch_146588263_infrastructure_65|random-search#seed3,mediaOrch,65,146588263,mediaOrch_146588263_infrastructure_65,random-search,3,"{""iterations_count"": 1000, ""seed"": 3, ""time_budget_ms"": 300000}",ok,FEASIBLE,True,0.03364021336317564,0.03364021336317564,True,6.4803274449999995,47.40350000000001,1.0,300010.0,2832269,302.015,,5,508,
mediaOrch_146588263_infrastructure_65|evolutionary-heuristics#seed4,mediaOrch,65,146588263,mediaOrch_146588263_infrastructure_65,evolutionary-heuristics,4,"{""algorithm"": ""NSGAII"", ""max_evaluations"": 1000, ""operators"": ""UNIFORM"", ""population_size"": 20, ""seed"": 4, ""time_budget_ms"": 300000}",ok,FEASIBLE,True,0.022760525417042442,0.022760525417042442,True,5.675009749999999,29.835,1.0,300009.0,3074044,301.914,,5,508,
mediaOrch_146588263_infrastructure_65|random-search#seed4,mediaOrch,65,146588263,mediaOrch_146588263_infrastructure_65,random-search,4,"{""iterations_count"": 1000, ""seed"": 4, ""time_budget_ms"": 300000}",ok,FEASIBLE,True,0.02928115812862339,0.02928115812862339,True,10.300018999999999,29.835,1.0,299927.0,2859281,301.875,,5,508,
mediaOrch_146588263_infrastructure_65|evolutionary-heuristics#seed5,mediaOrch,65,146588263,mediaOrch_146588263_infrastructure_65,evolutionary-heuristics,5,"{""algorithm"": ""NSGAII"", ""max_evaluations"": 1000, ""operators"": ""UNIFORM"", ""population_size"": 20, ""seed"": 5, ""time_budget_ms"": 300000}",ok,FEASIBLE,True,0.022760525417042442,0.022760525417042442,True,5.675009749999999,29.835,1.0,299927.0,3038769,302.247,,5,508,
mediaOrch_146588263_infrastructure_65|random-search#seed5,mediaOrch,65,146588263,mediaOrch_146588263_infrastructure_65,random-search,5,"{""iterations_count"": 1000, ""seed"": 5, ""time_budget_ms"": 300000}",ok,FEASIBLE,True,0.02928115812862339,0.02928115812862339,True,10.300019,29.835,1.0,300005.0,2917057,301.891,,5,508,
mediaOrch_146588263_infrastructure_65|evolutionary-heuristics#seed6,mediaOrch,65,146588263,mediaOrch_146588263_infrastructure_65,evolutionary-heuristics,6,"{""algorithm"": ""NSGAII"", ""max_evaluations"": 1000, ""operators"": ""UNIFORM"", ""population_size"": 20, ""seed"": 6, ""time_budget_ms"": 300000}",ok,FEASIBLE,True,0.02648532289154054,0.02648532289154054,True,5.49822548,37.0,1.0,300004.0,2946780,302.055,,5,508,
mediaOrch_146588263_infrastructure_65|random-search#seed6,mediaOrch,65,146588263,mediaOrch_146588263_infrastructure_65,random-search,6,"{""iterations_count"": 1000, ""seed"": 6, ""time_budget_ms"": 300000}",ok,FEASIBLE,True,0.022760525417042442,0.022760525417042442,True,5.675009749999999,29.835,1.0,300002.0,2899932,302.055,,5,508,
mediaOrch_146588263_infrastructure_65|evolutionary-heuristics#seed7,mediaOrch,65,146588263,mediaOrch_146588263_infrastructure_65,evolutionary-heuristics,7,"{""algorithm"": ""NSGAII"", ""max_evaluations"": 1000, ""operators"": ""UNIFORM"", ""population_size"": 20, ""seed"": 7, ""time_budget_ms"": 300000}",ok,FEASIBLE,True,0.022760525417042442,0.022760525417042442,True,5.675009749999999,29.835,1.0,300001.0,3068865,301.976,,5,508,
mediaOrch_146588263_infrastructure_65|random-search#seed7,mediaOrch,65,146588263,mediaOrch_146588263_infrastructure_65,random-search,7,"{""iterations_count"": 1000, ""seed"": 7, ""time_budget_ms"": 300000}",ok,FEASIBLE,True,0.03469641267304588,0.03469641267304588,True,9.108571795,42.626999999999995,1.0,300039.0,2869230,301.909,,5,508,
mediaOrch_146588263_infrastructure_65|evolutionary-heuristics#seed8,mediaOrch,65,146588263,mediaOrch_146588263_infrastructure_65,evolutionary-heuristics,8,"{""algorithm"": ""NSGAII"", ""max_evaluations"": 1000, ""operators"": ""UNIFORM"", ""population_size"": 20, ""seed"": 8, ""time_budget_ms"": 300000}",ok,FEASIBLE,True,0.02648532289154054,0.02648532289154054,True,5.49822548,37.0,1.0,300045.0,3089169,302.071,,5,508,
mediaOrch_146588263_infrastructure_65|random-search#seed8,mediaOrch,65,146588263,mediaOrch_146588263_infrastructure_65,random-search,8,"{""iterations_count"": 1000, ""seed"": 8, ""time_budget_ms"": 300000}",ok,FEASIBLE,True,0.026461425064155955,0.026461425064155955,True,8.300015,29.835,1.0,300011.0,2908929,301.939,,5,508,
mediaOrch_146588263_infrastructure_65|evolutionary-heuristics#seed9,mediaOrch,65,146588263,mediaOrch_146588263_infrastructure_65,evolutionary-heuristics,9,"{""algorithm"": ""NSGAII"", ""max_evaluations"": 1000, ""operators"": ""UNIFORM"", ""population_size"": 20, ""seed"": 9, ""time_budget_ms"": 300000}",ok,FEASIBLE,True,0.022760525417042442,0.022760525417042442,True,5.675009749999999,29.835,1.0,300010.0,3050575,301.813,,5,508,
mediaOrch_146588263_infrastructure_65|random-search#seed9,mediaOrch,65,146588263,mediaOrch_146588263_infrastructure_65,random-search,9,"{""iterations_count"": 1000, ""seed"": 9, ""time_budget_ms"": 300000}",ok,FEASIBLE,True,0.04006440518835538,0.04006440518835538,True,11.855015999999999,45.324,1.0,300007.0,2804255,302.048,,5,508,
mediaOrch_146588263_infrastructure_65|evolutionary-heuristics#seed10,mediaOrch,65,146588263,mediaOrch_146588263_infrastructure_65,evolutionary-heuristics,10,"{""algorithm"": ""NSGAII"", ""max_evaluations"": 1000, ""operators"": ""UNIFORM"", ""population_size"": 20, ""seed"": 10, ""time_budget_ms"": 300000}",ok,FEASIBLE,True,0.041402233710246844,0.041402233710246844,True,12.68,45.639,1.0,300009.0,2748158,302.006,,5,508,
mediaOrch_146588263_infrastructure_65|random-search#seed10,mediaOrch,65,146588263,mediaOrch_146588263_infrastructure_65,random-search,10,"{""iterations_count"": 1000, ""seed"": 10, ""time_budget_ms"": 300000}",ok,FEASIBLE,True,0.03386322435838297,0.03386322435838297,True,13.5500255,29.835,1.0,300029.0,2704622,302.901,,5,508,
mediaOrch_146588263_infrastructure_70|evolutionary-heuristics#seed1,mediaOrch,70,146588263,mediaOrch_146588263_infrastructure_70,evolutionary-heuristics,1,"{""algorithm"": ""NSGAII"", ""max_evaluations"": 1000, ""operators"": ""UNIFORM"", ""population_size"": 20, ""seed"": 1, ""time_budget_ms"": 300000}",ok,FEASIBLE,True,0.020230522774975272,0.020230522774975272,True,5.675009749999999,21.201,1.0,300028.0,3361974,302.172,,5,496,
mediaOrch_146588263_infrastructure_70|random-search#seed1,mediaOrch,70,146588263,mediaOrch_146588263_infrastructure_70,random-search,1,"{""iterations_count"": 1000, ""seed"": 1, ""time_budget_ms"": 300000}",ok,FEASIBLE,True,0.03656744453380088,0.03656744453380088,True,14.42502725,21.201,1.0,300010.0,3473123,301.884,,5,496,
mediaOrch_146588263_infrastructure_70|evolutionary-heuristics#seed2,mediaOrch,70,146588263,mediaOrch_146588263_infrastructure_70,evolutionary-heuristics,2,"{""algorithm"": ""NSGAII"", ""max_evaluations"": 1000, ""operators"": ""UNIFORM"", ""population_size"": 20, ""seed"": 2, ""time_budget_ms"": 300000}",ok,FEASIBLE,True,0.02094788762599185,0.02094788762599185,True,1.26844236,37.0,1.0,300009.0,3573841,301.731,,5,496,
mediaOrch_146588263_infrastructure_70|random-search#seed2,mediaOrch,70,146588263,mediaOrch_146588263_infrastructure_70,random-search,2,"{""iterations_count"": 1000, ""seed"": 2, ""time_budget_ms"": 300000}",ok,FEASIBLE,True,0.03350382201165343,0.03350382201165343,True,8.180012,36.3845,1.0,300009.0,3520534,301.653,,5,496,
mediaOrch_146588263_infrastructure_70|evolutionary-heuristics#seed3,mediaOrch,70,146588263,mediaOrch_146588263_infrastructure_70,evolutionary-heuristics,3,"{""algorithm"": ""NSGAII"", ""max_evaluations"": 1000, ""operators"": ""UNIFORM"", ""population_size"": 20, ""seed"": 3, ""time_budget_ms"": 300000}",ok,FEASIBLE,True,0.020230522774975272,0.020230522774975272,True,5.675009749999999,21.201,1.0,300011.0,3623579,302.12,,5,496,
mediaOrch_146588263_infrastructure_70|random-search#seed3,mediaOrch,70,146588263,mediaOrch_146588263_infrastructure_70,random-search,3,"{""iterations_count"": 1000, ""seed"": 3, ""time_budget_ms"": 300000}",ok,FEASIBLE,True,0.027046509563705034,0.027046509563705034,True,6.1372876849999995,31.715500000000002,1.0,299920.0,3555241,301.715,,5,496,
mediaOrch_146588263_infrastructure_70|evolutionary-heuristics#seed4,mediaOrch,70,146588263,mediaOrch_146588263_infrastructure_70,evolutionary-heuristics,4,"{""algorithm"": ""NSGAII"", ""max_evaluations"": 1000, ""operators"": ""UNIFORM"", ""population_size"": 20, ""seed"": 4, ""time_budget_ms"": 300000}",ok,FEASIBLE,True,0.03962881935779178,0.03962881935779178,True,12.68,32.363,1.0,299916.0,3460576,301.586,,5,496,
mediaOrch_146588263_infrastructure_70|random-search#seed4,mediaOrch,70,146588263,mediaOrch_146588263_infrastructure_70,random-search,4,"{""iterations_count"": 1000, ""seed"": 4, ""time_budget_ms"": 300000}",ok,FEASIBLE,True,0.03171420149479807,0.03171420149479807,True,8.637292685,31.715500000000002,1.0,300000.0,3486894,302.113,,5,496,
mediaOrch_146588263_infrastructure_70|evolutionary-heuristics#seed5,mediaOrch,70,146588263,mediaOrch_146588263_infrastructure_70,evolutionary-heuristics,5,"{""algorithm"": ""NSGAII"", ""max_evaluations"": 1000, ""operators"": ""UNIFORM"", ""population_size"": 20, ""seed"": 5, ""time_budget_ms"": 300000}",ok,FEASIBLE,True,0.020230522774975272,0.020230522774975272,True,5.675009749999999,21.201,1.0,300001.0,3606655,301.79,,5,496,
mediaOrch_146588263_infrastructure_70|random-search#seed5,mediaOrch,70,146588263,mediaOrch_146588263_infrastructure_70,random-search,5,"{""iterations_count"": 1000, ""seed"": 5, ""time_budget_ms"": 300000}",ok,FEASIBLE,True,0.024431445512958998,0.024431445512958998,True,7.92501425,21.201,1.0,300001.0,3212806,301.745,,5,496,
mediaOrch_146588263_infrastructure_70|evolutionary-heuristics#seed6,mediaOrch,70,146588263,mediaOrch_146588263_infrastructure_70,evolutionary-heuristics,6,"{""algorithm"": ""NSGAII"", ""max_evaluations"": 1000, ""operators"": ""UNIFORM"", ""population_size"": 20, ""seed"": 6, ""time_budget_ms"": 300000}",ok,FEASIBLE,True,0.020230522774975272,0.020230522774975272,True,5.675009749999999,21.201,1.0,300001.0,3227128,301.825,,5,496,
mediaOrch_146588263_infrastructure_70|random-search#seed6,mediaOrch,70,146588263,mediaOrch_146588263_infrastructure_70,random-search,6,"{""iterations_count"": 1000, ""seed"": 6, ""time_budget_ms"": 300000}",ok,FEASIBLE,True,0.033289109079018206,0.033289109079018206,True,8.065012249999999,36.3845,1.0,300030.0,3561437,302.483,,5,496,
mediaOrch_146588263_infrastructure_70|evolutionary-heuristics#seed7,mediaOrch,70,146588263,mediaOrch_146588263_infrastructure_70,evolutionary-heuristics,7,"{""algorithm"": ""NSGAII"", ""max_evaluations"": 1000, ""operators"": ""UNIFORM"", ""population_size"": 20, ""seed"": 7, ""time_budget_ms"": 300000}",ok,FEASIBLE,True,0.020230522774975272,0.020230522774975272,True,5.675009749999999,21.201,1.0,300033.0,3501036,301.683,,5,496,
mediaOrch_146588263_infrastructure_70|random-search#seed7,mediaOrch,70,146588263,mediaOrch_146588263_infrastructure_70,random-search,7,"{""iterations_count"": 1000, ""seed"": 7, ""time_budget_ms"": 300000}",ok,FEASIBLE,True,0.027063713515549592,0.027063713515549592,True,6.162725074999999,31.662000000000003,1.0,300009.0,3502366,301.919,,5,496,
mediaOrch_146588263_infrastructure_70|evolutionary-heuristics#seed8,mediaOrch,70,146588263,mediaOrch_146588263_infrastructure_70,evolutionary-heuristics,8,"{""algorithm"": ""NSGAII"", ""max_evaluations"": 1000, ""operators"": ""UNIFORM"", ""population_size"": 20, ""seed"": 8, ""time_budget_ms"": 300000}",ok,FEASIBLE,True,0.020230522774975272,0.020230522774975272,True,5.675009749999999,21.201,1.0,300009.0,3502142,301.744,,5,496,
mediaOrch_146588263_infrastructure_70|random-search#seed8,mediaOrch,70,146588263,mediaOrch_146588263_infrastructure_70,random-search,8,"{""iterations_count"": 1000, ""seed"": 8, ""time_budget_ms"": 300000}",ok,FEASIBLE,True,0.037380469252599136,0.037380469252599136,True,8.50000676,42.176500000000004,1.0,300009.0,3446396,301.943,,5,496,
mediaOrch_146588263_infrastructure_70|evolutionary-heuristics#seed9,mediaOrch,70,146588263,mediaOrch_146588263_infrastructure_70,evolutionary-heuristics,9,"{""algorithm"": ""NSGAII"", ""max_evaluations"": 1000, ""operators"": ""UNIFORM"", ""population_size"": 20, ""seed"": 9, ""time_budget_ms"": 300000}",ok,FEASIBLE,True,0.020230522774975272,0.020230522774975272,True,5.675009749999999,21.201,1.0,300009.0,3556235,301.941,,5,496,
mediaOrch_146588263_infrastructure_70|random-search#seed9,mediaOrch,70,146588263,mediaOrch_146588263_infrastructure_70,random-search,9,"{""iterations_count"": 1000, ""seed"": 9, ""time_budget_ms"": 300000}",ok,FEASIBLE,True,0.036161617131875275,0.036161617131875275,True,3.3758625499999995,56.922,1.0,300015.0,3591667,301.842,,5,496,
mediaOrch_146588263_infrastructure_70|evolutionary-heuristics#seed10,mediaOrch,70,146588263,mediaOrch_146588263_infrastructure_70,evolutionary-heuristics,10,"{""algorithm"": ""NSGAII"", ""max_evaluations"": 1000, ""operators"": ""UNIFORM"", ""population_size"": 20, ""seed"": 10, ""time_budget_ms"": 300000}",ok,FEASIBLE,True,0.020230522774975272,0.020230522774975272,True,5.675009749999999,21.201,1.0,300014.0,3537517,301.605,,5,496,
mediaOrch_146588263_infrastructure_70|random-search#seed10,mediaOrch,70,146588263,mediaOrch_146588263_infrastructure_70,random-search,10,"{""iterations_count"": 1000, ""seed"": 10, ""time_budget_ms"": 300000}",ok,FEASIBLE,True,0.032431559236306584,0.032431559236306584,True,9.037730825,31.662000000000003,1.0,300008.0,3637169,301.941,,5,496,
mediaOrch_146588263_infrastructure_75|evolutionary-heuristics#seed1,mediaOrch,75,146588263,mediaOrch_146588263_infrastructure_75,evolutionary-heuristics,1,"{""algorithm"": ""NSGAII"", ""max_evaluations"": 1000, ""operators"": ""UNIFORM"", ""population_size"": 20, ""seed"": 1, ""time_budget_ms"": 300000}",ok,FEASIBLE,True,0.027922146953656923,0.027922146953656923,True,4.24253556,41.0,1.0,300009.0,3000426,302.856,,5,726,
mediaOrch_146588263_infrastructure_75|random-search#seed1,mediaOrch,75,146588263,mediaOrch_146588263_infrastructure_75,random-search,1,"{""iterations_count"": 1000, ""seed"": 1, ""time_budget_ms"": 300000}",ok,FEASIBLE,True,0.04326646936514577,0.04326646936514577,True,5.5342301800000016,64.584,1.0,300010.0,2717252,302.912,,5,726,
mediaOrch_146588263_infrastructure_75|evolutionary-heuristics#seed2,mediaOrch,75,146588263,mediaOrch_146588263_infrastructure_75,evolutionary-heuristics,2,"{""algorithm"": ""NSGAII"", ""max_evaluations"": 1000, ""operators"": ""UNIFORM"", ""population_size"": 20, ""seed"": 2, ""time_budget_ms"": 300000}",ok,FEASIBLE,True,0.02190391647855411,0.02190391647855411,True,1.7017166,38.0,1.0,300009.0,2752449,302.903,,5,726,
mediaOrch_146588263_infrastructure_75|random-search#seed2,mediaOrch,75,146588263,mediaOrch_146588263_infrastructure_75,random-search,2,"{""iterations_count"": 1000, ""seed"": 2, ""time_budget_ms"": 300000}",ok,FEASIBLE,True,0.04144513431498478,0.04144513431498478,True,6.637288685,57.924499999999995,1.0,300006.0,2934389,302.578,,5,726,
mediaOrch_146588263_infrastructure_75|evolutionary-heuristics#seed3,mediaOrch,75,146588263,mediaOrch_146588263_infrastructure_75,evolutionary-heuristics,3,"{""algorithm"": ""NSGAII"", ""max_evaluations"": 1000, ""operators"": ""UNIFORM"", ""population_size"": 20, ""seed"": 3, ""time_budget_ms"": 300000}",ok,FEASIBLE,True,0.03394299028434142,0.03394299028434142,True,5.675009749999999,47.41,1.0,300006.0,2978514,302.68,,5,726,
mediaOrch_146588263_infrastructure_75|random-search#seed3,mediaOrch,75,146588263,mediaOrch_146588263_infrastructure_75,random-search,3,"{""iterations_count"": 1000, ""seed"": 3, ""time_budget_ms"": 300000}",ok,FEASIBLE,True,0.04176722835953009,0.04176722835953009,True,6.500868800000001,58.922,1.0,300009.0,2964479,302.716,,5,726,
mediaOrch_146588263_infrastructure_75|evolutionary-heuristics#seed4,mediaOrch,75,146588263,mediaOrch_146588263_infrastructure_75,evolutionary-heuristics,4,"{""algorithm"": ""NSGAII"", ""max_evaluations"": 1000, ""operators"": ""UNIFORM"", ""population_size"": 20, ""seed"": 4, ""time_budget_ms"": 300000}",ok,FEASIBLE,True,0.02190391647855411,0.02190391647855411,True,1.7017166,38.0,1.0,300009.0,2910295,302.591,,5,726,
mediaOrch_146588263_infrastructure_75|random-search#seed4,mediaOrch,75,146588263,mediaOrch_146588263_infrastructure_75,random-search,4,"{""iterations_count"": 1000, ""seed"": 4, ""time_budget_ms"": 300000}",ok,FEASIBLE,True,0.045278807926583224,0.045278807926583224,True,12.300023,47.41,1.0,300009.0,2897079,302.644,,5,726,
mediaOrch_146588263_infrastructure_75|evolutionary-heuristics#seed5,mediaOrch,75,146588263,mediaOrch_146588263_infrastructure_75,evolutionary-heuristics,5,"{""algorithm"": ""NSGAII"", ""max_evaluations"": 1000, ""operators"": ""UNIFORM"", ""population_size"": 20, ""seed"": 5, ""time_budget_ms"": 300000}",ok,FEASIBLE,True,0.02190391647855411,0.02190391647855411,True,1.7017166,38.0,1.0,300009.0,2943950,302.643,,5,726,
mediaOrch_146588263_infrastructure_75|random-search#seed5,mediaOrch,75,146588263,mediaOrch_146588263_infrastructure_75,random-search,5,"{""iterations_count"": 1000, ""seed"": 5, ""time_budget_ms"": 300000}",ok,FEASIBLE,True,0.04650347128603599,0.04650347128603599,True,5.811841055,69.5435,1.0,299969.0,2945166,302.74,,5,726,
mediaOrch_146588263_infrastructure_75|evolutionary-heuristics#seed6,mediaOrch,75,146588263,mediaOrch_146588263_infrastructure_75,evolutionary-heuristics,6,"{""algorithm"": ""NSGAII"", ""max_evaluations"": 1000, ""operators"": ""UNIFORM"", ""population_size"": 20, ""seed"": 6, ""time_budget_ms"": 300000}",ok,FEASIBLE,True,0.03394299028434142,0.03394299028434142,True,5.675009749999999,47.41,1.0,299968.0,2975243,302.372,,5,726,
mediaOrch_146588263_infrastructure_75|random-search#seed6,mediaOrch,75,146588263,mediaOrch_146588263_infrastructure_75,random-search,6,"{""iterations_count"": 1000, ""seed"": 6, ""time_budget_ms"": 300000}",ok,FEASIBLE,True,0.04584419148125575,0.04584419148125575,True,7.878670110000002,62.009499999999996,1.0,299787.0,2940100,302.559,,5,726,
mediaOrch_146588263_infrastructure_75|evolutionary-heuristics#seed7,mediaOrch,75,146588263,mediaOrch_146588263_infrastructure_75,evolutionary-heuristics,7,"{""algorithm"": ""NSGAII"", ""max_evaluations"": 1000, ""operators"": ""UNIFORM"", ""population_size"": 20, ""seed"": 7, ""time_budget_ms"": 300000}",ok,FEASIBLE,True,0.02171946617703643,0.02171946617703643,True,1.26844236,39.0,1.0,300007.0,3009019,302.717,,5,726,
mediaOrch_146588263_infrastructure_75|random-search#seed7,mediaOrch,75,146588263,mediaOrch_146588263_infrastructure_75,random-search,7,"{""iterations_count"": 1000, ""seed"": 7, ""time_budget_ms"": 300000}",ok,FEASIBLE,True,0.04581296089507451,0.04581296089507451,True,4.971333770000001,70.886,1.0,300230.0,2865324,302.686,,5,726,
mediaOrch_146588263_infrastructure_75|evolutionary-heuristics#seed8,mediaOrch,75,146588263,mediaOrch_146588263_infrastructure_75,evolutionary-heuristics,8,"{""algorithm"": ""NSGAII"", ""max_evaluations"": 1000, ""operators"": ""UNIFORM"", ""population_size"": 20, ""seed"": 8, ""time_budget_ms"": 300000}",ok,FEASIBLE,True,0.028399983839752473,0.028399983839752473,True,5.49822548,38.0,1.0,300008.0,2901528,302.554,,5,726,
mediaOrch_146588263_infrastructure_75|random-search#seed8,mediaOrch,75,146588263,mediaOrch_146588263_infrastructure_75,random-search,8,"{""iterations_count"": 1000, ""seed"": 8, ""time_budget_ms"": 300000}",ok,FEASIBLE,True,0.0400561615456068,0.0400561615456068,True,5.500866800000001,58.922,1.0,300002.0,2870450,302.624,,5,726,
mediaOrch_146588263_infrastructure_75|evolutionary-heuristics#seed9,mediaOrch,75,146588263,mediaOrch_146588263_infrastructure_75,evolutionary-heuristics,9,"{""algorithm"": ""NSGAII"", ""max_evaluations"": 1000, ""operators"": ""UNIFORM"", ""population_size"": 20, ""seed"": 9, ""time_budget_ms"": 300000}",ok,FEASIBLE,True,0.028399983839752473,0.028399983839752473,True,5.49822548,38.0,1.0,300002.0,2948872,302.764,,5,726,
mediaOrch_146588263_infrastructure_75|random-search#seed9,mediaOrch,75,146588263,mediaOrch_146588263_infrastructure_75,random-search,9,"{""iterations_count"": 1000, ""seed"": 9, ""time_budget_ms"": 300000}",ok,FEASIBLE,True,0.04263831901832425,0.04263831901832425,True,5.16711909,64.584,1.0,300010.0,2926311,302.671,,5,726,
mediaOrch_146588263_infrastructure_75|evolutionary-heuristics#seed10,mediaOrch,75,146588263,mediaOrch_146588263_infrastructure_75,evolutionary-heuristics,10,"{""algorithm"": ""NSGAII"", ""max_evaluations"": 1000, ""operators"": ""UNIFORM"", ""population_size"": 20, ""seed"": 10, ""time_budget_ms"": 300000}",ok,FEASIBLE,True,0.02171946617703643,0.02171946617703643,True,1.26844236,39.0,1.0,300009.0,2872856,302.602,,5,726,
mediaOrch_146588263_infrastructure_75|random-search#seed10,mediaOrch,75,146588263,mediaOrch_146588263_infrastructure_75,random-search,10,"{""iterations_count"": 1000, ""seed"": 10, ""time_budget_ms"": 300000}",ok,FEASIBLE,True,0.049721186733169484,0.049721186733169484,True,2.078410615,86.792,1.0,300009.0,2577475,302.575,,5,726,
mediaOrch_146588263_infrastructure_80|evolutionary-heuristics#seed1,mediaOrch,80,146588263,mediaOrch_146588263_infrastructure_80,evolutionary-heuristics,1,"{""algorithm"": ""NSGAII"", ""max_evaluations"": 1000, ""operators"": ""UNIFORM"", ""population_size"": 20, ""seed"": 1, ""time_budget_ms"": 300000}",ok,FEASIBLE,True,0.02772728552764413,0.02772728552764413,True,5.49822548,40.0,1.0,300015.0,3097086,303.426,,5,701,
mediaOrch_146588263_infrastructure_80|random-search#seed1,mediaOrch,80,146588263,mediaOrch_146588263_infrastructure_80,random-search,1,"{""iterations_count"": 1000, ""seed"": 1, ""time_budget_ms"": 300000}",ok,FEASIBLE,True,0.038731548778932326,0.038731548778932326,True,14.5500275,37.963,1.0,300003.0,3327797,302.697,,5,701,
mediaOrch_146588263_infrastructure_80|evolutionary-heuristics#seed2,mediaOrch,80,146588263,mediaOrch_146588263_infrastructure_80,evolutionary-heuristics,2,"{""algorithm"": ""NSGAII"", ""max_evaluations"": 1000, ""operators"": ""UNIFORM"", ""population_size"": 20, ""seed"": 2, ""time_budget_ms"": 300000}",ok,FEASIBLE,True,0.02772728552764413,0.02772728552764413,True,5.49822548,40.0,1.0,300005.0,3509111,302.472,,5,701,
mediaOrch_146588263_infrastructure_80|random-search#seed2,mediaOrch,80,146588263,mediaOrch_146588263_infrastructure_80,random-search,2,"{""iterations_count"": 1000, ""seed"": 2, ""time_budget_ms"": 300000}",ok,FEASIBLE,True,0.03883084265660493,0.03883084265660493,True,9.358572295,50.754999999999995,1.0,300010.0,3592384,302.784,,5,701,
mediaOrch_146588263_infrastructure_80|evolutionary-heuristics#seed3,mediaOrch,80,146588263,mediaOrch_146588263_infrastructure_80,evolutionary-heuristics,3,"{""algorithm"": ""NSGAII"", ""max_evaluations"": 1000, ""operators"": ""UNIFORM"", ""population_size"": 20, ""seed"": 3, ""time_budget_ms"": 300000}",ok,FEASIBLE,True,0.02684072748623441,0.02684072748623441,True,5.675009749999999,37.963,1.0,300009.0,3574384,302.341,,5,701,
mediaOrch_146588263_infrastructure_80|random-search#seed3,mediaOrch,80,146588263,mediaOrch_146588263_infrastructure_80,random-search,3,"{""iterations_count"": 1000, ""seed"": 3, ""time_budget_ms"": 300000}",ok,FEASIBLE,True,0.04197279663620826,0.04197279663620826,True,7.474567370000001,61.028999999999996,1.0,300010.0,3555255,302.295,,5,701,
mediaOrch_146588263_infrastructure_80|evolutionary-heuristics#seed4,mediaOrch,80,146588263,mediaOrch_146588263_infrastructure_80,evolutionary-heuristics,4,"{""algorithm"": ""NSGAII"", ""max_evaluations"": 1000, ""operators"": ""UNIFORM"", ""population_size"": 20, ""seed"": 4, ""time_budget_ms"": 300000}",ok,FEASIBLE,True,0.02684072748623441,0.02684072748623441,True,5.675009749999999,37.963,1.0,300009.0,3517323,302.439,,5,701,
mediaOrch_146588263_infrastructure_80|random-search#seed4,mediaOrch,80,146588263,mediaOrch_146588263_infrastructure_80,random-search,4,"{""iterations_count"": 1000, ""seed"": 4, ""time_budget_ms"": 300000}",ok,FEASIBLE,True,0.042977091672784476,0.042977091672784476,True,13.412739575000002,48.42400000000001,1.0,299938.0,3478139,302.44,,5,701,
mediaOrch_146588263_infrastructure_80|evolutionary-heuristics#seed5,mediaOrch,80,146588263,mediaOrch_146588263_infrastructure_80,evolutionary-heuristics,5,"{""algorithm"": ""NSGAII"", ""max_evaluations"": 1000, ""operators"": ""UNIFORM"", ""population_size"": 20, ""seed"": 5, ""time_budget_ms"": 300000}",ok,FEASIBLE,True,0.02772728552764413,0.02772728552764413,True,5.49822548,40.0,1.0,299936.0,3561043,302.275,,5,701,
mediaOrch_146588263_infrastructure_80|random-search#seed5,mediaOrch,80,146588263,mediaOrch_146588263_infrastructure_80,random-search,5,"{""iterations_count"": 1000, ""seed"": 5, ""time_budget_ms"": 300000}",ok,FEASIBLE,True,0.039830139747302706,0.039830139747302706,True,9.120011,53.1465,1.0,299994.0,3505279,302.342,,5,701,
mediaOrch_146588263_infrastructure_80|evolutionary-heuristics#seed6,mediaOrch,80,146588263,mediaOrch_146588263_infrastructure_80,evolutionary-heuristics,6,"{""algorithm"": ""NSGAII"", ""max_evaluations"": 1000, ""operators"": ""UNIFORM"", ""population_size"": 20, ""seed"": 6, ""time_budget_ms"": 300000}",ok,FEASIBLE,True,0.02684072748623441,0.02684072748623441,True,5.675009749999999,37.963,1.0,299995.0,3496415,302.285,,5,701,
mediaOrch_146588263_infrastructure_80|random-search#seed6,mediaOrch,80,146588263,mediaOrch_146588263_infrastructure_80,random-search,6,"{""iterations_count"": 1000, ""seed"": 6, ""time_budget_ms"": 300000}",ok,FEASIBLE,True,0.03787401847890747,0.03787401847890747,True,7.66001,53.1465,1.0,300004.0,3569857,302.644,,5,701,
mediaOrch_146588263_infrastructure_80|evolutionary-heuristics#seed7,mediaOrch,80,146588263,mediaOrch_146588263_infrastructure_80,evolutionary-heuristics,7,"{""algorithm"": ""NSGAII"", ""max_evaluations"": 1000, ""operators"": ""UNIFORM"", ""population_size"": 20, ""seed"": 7, ""time_budget_ms"": 300000}",ok,FEASIBLE,True,0.023714701610895058,0.023714701610895058,True,1.26844236,43.0,1.0,300003.0,3563973,302.355,,5,701,
mediaOrch_146588263_infrastructure_80|random-search#seed7,mediaOrch,80,146588263,mediaOrch_146588263_infrastructure_80,random-search,7,"{""iterations_count"": 1000, ""seed"": 7, ""time_budget_ms"": 300000}",ok,FEASIBLE,True,0.03772669064152123,0.03772669064152123,True,13.800025999999999,37.963,1.0,299949.0,3531295,302.334,,5,701,
mediaOrch_146588263_infrastructure_80|evolutionary-heuristics#seed8,mediaOrch,80,146588263,mediaOrch_146588263_infrastructure_80,evolutionary-heuristics,8,"{""algorithm"": ""NSGAII"", ""max_evaluations"": 1000, ""operators"": ""UNIFORM"", ""population_size"": 20, ""seed"": 8, ""time_budget_ms"": 300000}",ok,FEASIBLE,True,0.02684072748623441,0.02684072748623441,True,5.675009749999999,37.963,1.0,299947.0,3597692,302.23,,5,701,
mediaOrch_146588263_infrastructure_80|random-search#seed8,mediaOrch,80,146588263,mediaOrch_146588263_infrastructure_80,random-search,8,"{""iterations_count"": 1000, ""seed"": 8, ""time_budget_ms"": 300000}",ok,FEASIBLE,True,0.041135414855032346,0.041135414855032346,True,6.84956612,61.028999999999996,1.0,300000.0,3556119,302.287,,5,701,
mediaOrch_146588263_infrastructure_80|evolutionary-heuristics#seed9,mediaOrch,80,146588263,mediaOrch_146588263_infrastructure_80,evolutionary-heuristics,9,"{""algorithm"": ""NSGAII"", ""max_evaluations"": 1000, ""operators"": ""UNIFORM"", ""population_size"": 20, ""seed"": 9, ""time_budget_ms"": 300000}",ok,FEASIBLE,True,0.02772728552764413,0.02772728552764413,True,5.49822548,40.0,1.0,299999.0,3569212,302.437,,5,701,
mediaOrch_146588263_infrastructure_80|random-search#seed9,mediaOrch,80,146588263,mediaOrch_146588263_infrastructure_80,random-search,9,"{""iterations_count"": 1000, ""seed"": 9, ""time_budget_ms"": 300000}",ok,FEASIBLE,True,0.02772728552764413,0.02772728552764413,True,5.49822548,40.0,1.0,299999.0,3610972,302.378,,5,701,
mediaOrch_146588263_infrastructure_80|evolutionary-heuristics#seed10,mediaOrch,80,146588263,mediaOrch_146588263_infrastructure_80,evolutionary-heuristics,10,"{""algorithm"": ""NSGAII"", ""max_evaluations"": 1000, ""operators"": ""UNIFORM"", ""population_size"": 20, ""seed"": 10, ""time_budget_ms"": 300000}",ok,FEASIBLE,True,0.021537682534485132,0.021537682534485132,True,1.7017166,38.0,1.0,300000.0,3489679,302.14,,5,701,
mediaOrch_146588263_infrastructure_80|random-search#seed10,mediaOrch,80,146588263,mediaOrch_146588263_infrastructure_80,random-search,10,"{""iterations_count"": 1000, ""seed"": 10, ""time_budget_ms"": 300000}",ok,FEASIBLE,True,0.031530065460819504,0.031530065460819504,True,9.175016750000001,37.963,1.0,300038.0,3540825,302.343,,5,701,
mediaOrch_146588263_infrastructure_85|evolutionary-heuristics#seed1,mediaOrch,85,146588263,mediaOrch_146588263_infrastructure_85,evolutionary-heuristics,1,"{""algorithm"": ""NSGAII"", ""max_evaluations"": 1000, ""operators"": ""UNIFORM"", ""population_size"": 20, ""seed"": 1, ""time_budget_ms"": 300000}",ok,FEASIBLE,True,0.021329502452806962,0.021329502452806962,True,1.7017166,37.0,1.0,300041.0,3155104,302.925,,5,744,
mediaOrch_146588263_infrastructure_85|random-search#seed1,mediaOrch,85,146588263,mediaOrch_146588263_infrastructure_85,random-search,1,"{""iterations_count"": 1000, ""seed"": 1, ""time_budget_ms"": 300000}",ok,FEASIBLE,True,0.045602400703996716,0.045602400703996716,True,8.153669610000001,62.009499999999996,1.0,300007.0,2993542,302.7,,5,744,
mediaOrch_146588263_infrastructure_85|evolutionary-heuristics#seed2,mediaOrch,85,146588263,mediaOrch_146588263_infrastructure_85,evolutionary-heuristics,2,"{""algorithm"": ""NSGAII"", ""max_evaluations"": 1000, ""operators"": ""UNIFORM"", ""population_size"": 20, ""seed"": 2, ""time_budget_ms"": 300000}",ok,FEASIBLE,True,0.027962300921948922,0.027962300921948922,True,5.49822548,38.0,1.0,300007.0,3104963,302.692,,5,744,
mediaOrch_146588263_infrastructure_85|random-search#seed2,mediaOrch,85,146588263,mediaOrch_146588263_infrastructure_85,random-search,2,"{""iterations_count"": 1000, ""seed"": 2, ""time_budget_ms"": 300000}",ok,FEASIBLE,True,0.051409050889369465,0.051409050889369465,True,7.529118740000001,74.2125,1.0,300007.0,2979467,303.045,,5,744,
mediaOrch_146588263_infrastructure_85|evolutionary-heuristics#seed3,mediaOrch,85,146588263,mediaOrch_146588263_infrastructure_85,evolutionary-heuristics,3,"{""algorithm"": ""NSGAII"", ""max_evaluations"": 1000, ""operators"": ""UNIFORM"", ""population_size"": 20, ""seed"": 3, ""time_budget_ms"": 300000}",ok,FEASIBLE,True,0.021329502452806962,0.021329502452806962,True,1.7017166,37.0,1.0,300007.0,3030100,302.965,,5,744,
mediaOrch_146588263_infrastructure_85|random-search#seed3,mediaOrch,85,146588263,mediaOrch_146588263_infrastructure_85,random-search,3,"{""iterations_count"": 1000, ""seed"": 3, ""time_budget_ms"": 300000}",ok,FEASIBLE,True,0.04600501138943194,0.04600501138943194,True,7.56126778,64.431,1.0,300007.0,2898621,303.003,,5,744,
mediaOrch_146588263_infrastructure_85|evolutionary-heuristics#seed4,mediaOrch,85,146588263,mediaOrch_146588263_infrastructure_85,evolutionary-heuristics,4,"{""algorithm"": ""NSGAII"", ""max_evaluations"": 1000, ""operators"": ""UNIFORM"", ""population_size"": 20, ""seed"": 4, ""time_budget_ms"": 300000}",ok,FEASIBLE,True,0.025952982259079004,0.025952982259079004,True,4.24253556,38.0,1.0,300007.0,3129593,302.697,,5,744,
mediaOrch_146588263_infrastructure_85|random-search#seed4,mediaOrch,85,146588263,mediaOrch_146588263_infrastructure_85,random-search,4,"{""iterations_count"": 1000, ""seed"": 4, ""time_budget_ms"": 300000}",ok,FEASIBLE,True,0.04227903364047982,0.04227903364047982,True,7.300013,58.5,1.0,299967.0,3026362,302.741,,5,744,
mediaOrch_146588263_infrastructure_85|evolutionary-heuristics#seed5,mediaOrch,85,146588263,mediaOrch_146588263_infrastructure_85,evolutionary-heuristics,5,"{""algorithm"": ""NSGAII"", ""max_evaluations"": 1000, ""operators"": ""UNIFORM"", ""population_size"": 20, ""seed"": 5, ""time_budget_ms"": 300000}",ok,FEASIBLE,True,0.021329502452806962,0.021329502452806962,True,1.7017166,37.0,1.0,299966.0,3119709,302.788,,5,744,
mediaOrch_146588263_infrastructure_85|random-search#seed5,mediaOrch,85,146588263,mediaOrch_146588263_infrastructure_85,random-search,5,"{""iterations_count"": 1000, ""seed"": 5, ""time_budget_ms"": 300000}",ok,FEASIBLE,True,0.045732992241526056,0.045732992241526056,True,9.27412499,59.028999999999996,1.0,300007.0,3047970,302.683,,5,744,
mediaOrch_146588263_infrastructure_85|evolutionary-heuristics#seed6,mediaOrch,85,146588263,mediaOrch_146588263_infrastructure_85,evolutionary-heuristics,6,"{""algorithm"": ""NSGAII"", ""max_evaluations"": 1000, ""operators"": ""UNIFORM"", ""population_size"": 20, ""seed"": 6, ""time_budget_ms"": 300000}",ok,FEASIBLE,True,0.025952982259079004,0.025952982259079004,True,4.24253556,38.0,1.0,300007.0,3156610,302.987,,5,744,
mediaOrch_146588263_infrastructure_85|random-search#seed6,mediaOrch,85,146588263,mediaOrch_146588263_infrastructure_85,random-search,6,"{""iterations_count"": 1000, ""seed"": 6, ""time_budget_ms"": 300000}",ok,FEASIBLE,True,0.046377957892447766,0.046377957892447766,True,4.7708633,73.1055,1.0,300038.0,3004673,302.908,,5,744,
mediaOrch_146588263_infrastructure_85|evolutionary-heuristics#seed7,mediaOrch,85,146588263,mediaOrch_146588263_infrastructure_85,evolutionary-heuristics,7,"{""algorithm"": ""NSGAII"", ""max_evaluations"": 1000, ""operators"": ""UNIFORM"", ""population_size"": 20, ""seed"": 7, ""time_budget_ms"": 300000}",ok,FEASIBLE,True,0.02230939411403819,0.02230939411403819,True,1.26844236,40.0,1.0,300039.0,3168037,302.704,,5,744,
mediaOrch_146588263_infrastructure_85|random-search#seed7,mediaOrch,85,146588263,mediaOrch_146588263_infrastructure_85,random-search,7,"{""iterations_count"": 1000, ""seed"": 7, ""time_budget_ms"": 300000}",ok,FEASIBLE,True,0.04631782373213247,0.04631782373213247,True,10.02544715,57.922,1.0,300010.0,2991989,302.649,,5,744,
mediaOrch_146588263_infrastructure_85|evolutionary-heuristics#seed8,mediaOrch,85,146588263,mediaOrch_146588263_infrastructure_85,evolutionary-heuristics,8,"{""algorithm"": ""NSGAII"", ""max_evaluations"": 1000, ""operators"": ""UNIFORM"", ""population_size"": 20, ""seed"": 8, ""time_budget_ms"": 300000}",ok,FEASIBLE,True,0.027962300921948922,0.027962300921948922,True,5.49822548,38.0,1.0,300009.0,3151647,302.777,,5,744,
mediaOrch_146588263_infrastructure_85|random-search#seed8,mediaOrch,85,146588263,mediaOrch_146588263_infrastructure_85,random-search,8,"{""iterations_count"": 1000, ""seed"": 8, ""time_budget_ms"": 300000}",ok,FEASIBLE,True,0.04333029991185006,0.04333029991185006,True,3.29133377,71.886,1.0,300009.0,2963812,302.839,,5,744,
mediaOrch_146588263_infrastructure_85|evolutionary-heuristics#seed9,mediaOrch,85,146588263,mediaOrch_146588263_infrastructure_85,evolutionary-heuristics,9,"{""algorithm"": ""NSGAII"", ""max_evaluations"": 1000, ""operators"": ""UNIFORM"", ""population_size"": 20, ""seed"": 9, ""time_budget_ms"": 300000}",ok,FEASIBLE,True,0.025952982259079004,0.025952982259079004,True,4.24253556,38.0,1.0,300009.0,3111865,302.742,,5,744,
mediaOrch_146588263_infrastructure_85|random-search#seed9,mediaOrch,85,146588263,mediaOrch_146588263_infrastructure_85,random-search,9,"{""iterations_count"": 1000, ""seed"": 9, ""time_budget_ms"": 300000}",ok,FEASIBLE,True,0.04314688252002814,0.04314688252002814,True,4.011828814999999,69.49,1.0,300024.0,3002879,302.639,,5,744,
mediaOrch_146588263_infrastructure_85|evolutionary-heuristics#seed10,mediaOrch,85,146588263,mediaOrch_146588263_infrastructure_85,evolutionary-heuristics,10,"{""algorithm"": ""NSGAII"", ""max_evaluations"": 1000, ""operators"": ""UNIFORM"", ""population_size"": 20, ""seed"": 10, ""time_budget_ms"": 300000}",ok,FEASIBLE,True,0.02230939411403819,0.02230939411403819,True,1.26844236,40.0,1.0,300025.0,3162580,302.767,,5,744,
mediaOrch_146588263_infrastructure_85|random-search#seed10,mediaOrch,85,146588263,mediaOrch_146588263_infrastructure_85,random-search,10,"{""iterations_count"": 1000, ""seed"": 10, ""time_budget_ms"": 300000}",ok,FEASIBLE,True,0.04029202535698207,0.04029202535698207,True,2.6135753749999995,68.383,1.0,300010.0,3032726,302.806,,5,744,
mediaOrch_146588263_infrastructure_90|evolutionary-heuristics#seed1,mediaOrch,90,146588263,mediaOrch_146588263_infrastructure_90,evolutionary-heuristics,1,"{""algorithm"": ""NSGAII"", ""max_evaluations"": 1000, ""operators"": ""UNIFORM"", ""population_size"": 20, ""seed"": 1, ""time_budget_ms"": 300000}",ok,FEASIBLE,True,0.030724017701468046,0.030724017701468046,True,12.68,32.409,1.0,300009.0,3208555,302.802,,5,729,
mediaOrch_146588263_infrastructure_90|random-search#seed1,mediaOrch,90,146588263,mediaOrch_146588263_infrastructure_90,random-search,1,"{""iterations_count"": 1000, ""seed"": 1, ""time_budget_ms"": 300000}",ok,FEASIBLE,True,0.03930933886614055,0.03930933886614055,True,12.425023249999999,48.29,1.0,300009.0,2967889,302.672,,5,729,
mediaOrch_146588263_infrastructure_90|evolutionary-heuristics#seed2,mediaOrch,90,146588263,mediaOrch_146588263_infrastructure_90,evolutionary-heuristics,2,"{""algorithm"": ""NSGAII"", ""max_evaluations"": 1000, ""operators"": ""UNIFORM"", ""population_size"": 20, ""seed"": 2, ""time_budget_ms"": 300000}",ok,FEASIBLE,True,0.03183990654531216,0.03183990654531216,True,5.675009749999999,48.29,1.0,300010.0,3169886,303.019,,5,729,
mediaOrch_146588263_infrastructure_90|random-search#seed2,mediaOrch,90,146588263,mediaOrch_146588263_infrastructure_90,random-search,2,"{""iterations_count"": 1000, ""seed"": 2, ""time_budget_ms"": 300000}",ok,FEASIBLE,True,0.03893886746344647,0.03893886746344647,True,1.659842995,68.961,1.0,299967.0,2941258,302.77,,5,729,
mediaOrch_146588263_infrastructure_90|evolutionary-heuristics#seed3,mediaOrch,90,146588263,mediaOrch_146588263_infrastructure_90,evolutionary-heuristics,3,"{""algorithm"": ""NSGAII"", ""max_evaluations"": 1000, ""operators"": ""UNIFORM"", ""population_size"": 20, ""seed"": 3, ""time_budget_ms"": 300000}",ok,FEASIBLE,True,0.03183990654531216,0.03183990654531216,True,5.675009749999999,48.29,1.0,299967.0,3065375,302.729,,5,729,
mediaOrch_146588263_infrastructure_90|random-search#seed3,mediaOrch,90,146588263,mediaOrch_146588263_infrastructure_90,random-search,3,"{""iterations_count"": 1000, ""seed"": 3, ""time_budget_ms"": 300000}",ok,FEASIBLE,True,0.03984083786347214,0.03984083786347214,True,14.250316945,45.6245,1.0,300008.0,2856544,302.77,,5,729,
mediaOrch_146588263_infrastructure_90|evolutionary-heuristics#seed4,mediaOrch,90,146588263,mediaOrch_146588263_infrastructure_90,evolutionary-heuristics,4,"{""algorithm"": ""NSGAII"", ""max_evaluations"": 1000, ""operators"": ""UNIFORM"", ""population_size"": 20, ""seed"": 4, ""time_budget_ms"": 300000}",ok,FEASIBLE,True,0.02589865359748075,0.02589865359748075,True,5.49822548,38.0,1.0,300008.0,2986336,302.707,,5,729,
mediaOrch_146588263_infrastructure_90|random-search#seed4,mediaOrch,90,146588263,mediaOrch_146588263_infrastructure_90,random-search,4,"{""iterations_count"": 1000, ""seed"": 4, ""time_budget_ms"": 300000}",ok,FEASIBLE,True,0.03502133142270203,0.03502133142270203,True,8.5500155,48.29,1.0,300007.0,2877968,302.864,,5,729,
mediaOrch_146588263_infrastructure_90|evolutionary-heuristics#seed5,mediaOrch,90,146588263,mediaOrch_146588263_infrastructure_90,evolutionary-heuristics,5,"{""algorithm"": ""NSGAII"", ""max_evaluations"": 1000, ""operators"": ""UNIFORM"", ""population_size"": 20, ""seed"": 5, ""time_budget_ms"": 300000}",ok,FEASIBLE,True,0.02506750176847647,0.02506750176847647,True,4.24253556,39.0,1.0,300008.0,3158959,302.847,,5,729,
mediaOrch_146588263_infrastructure_90|random-search#seed5,mediaOrch,90,146588263,mediaOrch_146588263_infrastructure_90,random-search,5,"{""iterations_count"": 1000, ""seed"": 5, ""time_budget_ms"": 300000}",ok,FEASIBLE,True,0.03962943658418725,0.03962943658418725,True,2.031604645,69.461,1.0,299958.0,2983025,302.754,,5,729,
mediaOrch_146588263_infrastructure_90|evolutionary-heuristics#seed6,mediaOrch,90,146588263,mediaOrch_146588263_infrastructure_90,evolutionary-heuristics,6,"{""algorithm"": ""NSGAII"", ""max_evaluations"": 1000, ""operators"": ""UNIFORM"", ""population_size"": 20, ""seed"": 6, ""time_budget_ms"": 300000}",ok,FEASIBLE,True,0.03183990654531216,0.03183990654531216,True,5.675009749999999,48.29,1.0,299956.0,3020971,302.52,,5,729,
mediaOrch_146588263_infrastructure_90|random-search#seed6,mediaOrch,90,146588263,mediaOrch_146588263_infrastructure_90,random-search,6,"{""iterations_count"": 1000, ""seed"": 6, ""time_budget_ms"": 300000}",ok,FEASIBLE,True,0.04224982668784423,0.04224982668784423,True,17.880000000000003,42.74549999999999,1.0,300006.0,2848761,303.081,,5,729,
mediaOrch_146588263_infrastructure_90|evolutionary-heuristics#seed7,mediaOrch,90,146588263,mediaOrch_146588263_infrastructure_90,evolutionary-heuristics,7,"{""algorithm"": ""NSGAII"", ""max_evaluations"": 1000, ""operators"": ""UNIFORM"", ""population_size"": 20, ""seed"": 7, ""time_budget_ms"": 300000}",ok,FEASIBLE,True,0.030724017701468046,0.030724017701468046,True,12.68,32.409,1.0,300005.0,3111631,302.843,,5,729,
mediaOrch_146588263_infrastructure_90|random-search#seed7,mediaOrch,90,146588263,mediaOrch_146588263_infrastructure_90,random-search,7,"{""iterations_count"": 1000, ""seed"": 7, ""time_budget_ms"": 300000}",ok,FEASIBLE,True,0.03298144162135946,0.03298144162135946,True,14.72,32.409,1.0,300005.0,2930164,303.988,,5,729,
mediaOrch_146588263_infrastructure_90|evolutionary-heuristics#seed8,mediaOrch,90,146588263,mediaOrch_146588263_infrastructure_90,evolutionary-heuristics,8,"{""algorithm"": ""NSGAII"", ""max_evaluations"": 1000, ""operators"": ""UNIFORM"", ""population_size"": 20, ""seed"": 8, ""time_budget_ms"": 300000}",ok,FEASIBLE,True,0.030724017701468046,0.030724017701468046,True,12.68,32.409,1.0,300005.0,3131744,302.924,,5,729,
mediaOrch_146588263_infrastructure_90|random-search#seed8,mediaOrch,90,146588263,mediaOrch_146588263_infrastructure_90,random-search,8,"{""iterations_count"": 1000, ""seed"": 8, ""time_budget_ms"": 300000}",ok,FEASIBLE,True,0.03808423565984974,0.03808423565984974,True,5.89911824,59.028999999999996,1.0,300005.0,2970606,303.027,,5,729,
mediaOrch_146588263_infrastructure_90|evolutionary-heuristics#seed9,mediaOrch,90,146588263,mediaOrch_146588263_infrastructure_90,evolutionary-heuristics,9,"{""algorithm"": ""NSGAII"", ""max_evaluations"": 1000, ""operators"": ""UNIFORM"", ""population_size"": 20, ""seed"": 9, ""time_budget_ms"": 300000}",ok,FEASIBLE,True,0.03183990654531216,0.03183990654531216,True,5.675009749999999,48.29,1.0,300005.0,3169966,302.732,,5,729,
mediaOrch_146588263_infrastructure_90|random-search#seed9,mediaOrch,90,146588263,mediaOrch_146588263_infrastructure_90,random-search,9,"{""iterations_count"": 1000, ""seed"": 9, ""time_budget_ms"": 300000}",ok,FEASIBLE,True,0.046303583402781956,0.046303583402781956,True,10.930014,63.778999999999996,1.0,300010.0,2973884,302.687,,5,729,
mediaOrch_146588263_infrastructure_90|evolutionary-heuristics#seed10,mediaOrch,90,146588263,mediaOrch_146588263_infrastructure_90,evolutionary-heuristics,10,"{""algorithm"": ""NSGAII"", ""max_evaluations"": 1000, ""operators"": ""UNIFORM"", ""population_size"": 20, ""seed"": 10, ""time_budget_ms"": 300000}",ok,FEASIBLE,True,0.03183990654531216,0.03183990654531216,True,5.675009749999999,48.29,1.0,300011.0,3151407,302.649,,5,729,
mediaOrch_146588263_infrastructure_90|random-search#seed10,mediaOrch,90,146588263,mediaOrch_146588263_infrastructure_90,random-search,10,"{""iterations_count"": 1000, ""seed"": 10, ""time_budget_ms"": 300000}",ok,FEASIBLE,True,0.03955095107256998,0.03955095107256998,True,7.22456687,59.028999999999996,1.0,300009.0,2918155,302.817,,5,729,
mediaOrch_146588263_infrastructure_95|evolutionary-heuristics#seed1,mediaOrch,95,146588263,mediaOrch_146588263_infrastructure_95,evolutionary-heuristics,1,"{""algorithm"": ""NSGAII"", ""max_evaluations"": 1000, ""operators"": ""UNIFORM"", ""population_size"": 20, ""seed"": 1, ""time_budget_ms"": 300000}",ok,FEASIBLE,True,0.037955106945791205,0.037955106945791205,True,12.68,45.639,1.0,300009.0,2989916,303.095,,5,792,
mediaOrch_146588263_infrastructure_95|random-search#seed1,mediaOrch,95,146588263,mediaOrch_146588263_infrastructure_95,random-search,1,"{""iterations_count"": 1000, ""seed"": 1, ""time_budget_ms"": 300000}",ok,FEASIBLE,True,0.04287369642011761,0.04287369642011761,True,17.119999999999997,45.639,1.0,300009.0,2890960,303.047,,5,792,
mediaOrch_146588263_infrastructure_95|evolutionary-heuristics#seed2,mediaOrch,95,146588263,mediaOrch_146588263_infrastructure_95,evolutionary-heuristics,2,"{""algorithm"": ""NSGAII"", ""max_evaluations"": 1000, ""operators"": ""UNIFORM"", ""population_size"": 20, ""seed"": 2, ""time_budget_ms"": 300000}",ok,FEASIBLE,True,0.037955106945791205,0.037955106945791205,True,12.68,45.639,1.0,300009.0,3004083,303.256,,5,792,
mediaOrch_146588263_infrastructure_95|random-search#seed2,mediaOrch,95,146588263,mediaOrch_146588263_infrastructure_95,random-search,2,"{""iterations_count"": 1000, ""seed"": 2, ""time_budget_ms"": 300000}",ok,FEASIBLE,True,0.04141845172067969,0.04141845172067969,True,7.099566619999999,63.028999999999996,1.0,300016.0,2865938,303.176,,5,792,
mediaOrch_146588263_infrastructure_95|evolutionary-heuristics#seed3,mediaOrch,95,146588263,mediaOrch_146588263_infrastructure_95,evolutionary-heuristics,3,"{""algorithm"": ""NSGAII"", ""max_evaluations"": 1000, ""operators"": ""UNIFORM"", ""population_size"": 20, ""seed"": 3, ""time_budget_ms"": 300000}",ok,FEASIBLE,True,0.03343251503995278,0.03343251503995278,True,5.675009749999999,51.476,1.0,300016.0,2962408,302.936,,5,792,
mediaOrch_146588263_infrastructure_95|random-search#seed3,mediaOrch,95,146588263,mediaOrch_146588263_infrastructure_95,random-search,3,"{""iterations_count"": 1000, ""seed"": 3, ""time_budget_ms"": 300000}",ok,FEASIBLE,True,0.03994079678659557,0.03994079678659557,True,11.5500215,51.476,1.0,300009.0,2838577,303.0,,5,792,
mediaOrch_146588263_infrastructure_95|evolutionary-heuristics#seed4,mediaOrch,95,146588263,mediaOrch_146588263_infrastructure_95,evolutionary-heuristics,4,"{""algorithm"": ""NSGAII"", ""max_evaluations"": 1000, ""operators"": ""UNIFORM"", ""population_size"": 20, ""seed"": 4, ""time_budget_ms"": 300000}",ok,FEASIBLE,True,0.024925869291159534,0.024925869291159534,True,4.24253556,39.0,1.0,300009.0,3016675,303.078,,5,792,
mediaOrch_146588263_infrastructure_95|random-search#seed4,mediaOrch,95,146588263,mediaOrch_146588263_infrastructure_95,random-search,4,"{""iterations_count"": 1000, ""seed"": 4, ""time_budget_ms"": 300000}",ok,FEASIBLE,True,0.04526835735067338,0.04526835735067338,True,5.337277445,73.49,1.0,300009.0,2850777,303.05,,5,792,
mediaOrch_146588263_infrastructure_95|evolutionary-heuristics#seed5,mediaOrch,95,146588263,mediaOrch_146588263_infrastructure_95,evolutionary-heuristics,5,"{""algorithm"": ""NSGAII"", ""max_evaluations"": 1000, ""operators"": ""UNIFORM"", ""population_size"": 20, ""seed"": 5, ""time_budget_ms"": 300000}",ok,FEASIBLE,True,0.023220466553615936,0.023220466553615936,True,1.7017166,41.0,1.0,300009.0,2936819,302.884,,5,792,
mediaOrch_146588263_infrastructure_95|random-search#seed5,mediaOrch,95,146588263,mediaOrch_146588263_infrastructure_95,random-search,5,"{""iterations_count"": 1000, ""seed"": 5, ""time_budget_ms"": 300000}",ok,FEASIBLE,True,0.05188831442817733,0.05188831442817733,True,14.580021,66.965,1.0,299929.0,2755034,303.028,,5,792,
mediaOrch_146588263_infrastructure_95|evolutionary-heuristics#seed6,mediaOrch,95,146588263,mediaOrch_146588263_infrastructure_95,evolutionary-heuristics,6,"{""algorithm"": ""NSGAII"", ""max_evaluations"": 1000, ""operators"": ""UNIFORM"", ""population_size"": 20, ""seed"": 6, ""time_budget_ms"": 300000}",ok,FEASIBLE,True,0.037955106945791205,0.037955106945791205,True,12.68,45.639,1.0,299925.0,2909764,303.159,,5,792,
mediaOrch_146588263_infrastructure_95|random-search#seed6,mediaOrch,95,146588263,mediaOrch_146588263_infrastructure_95,random-search,6,"{""iterations_count"": 1000, ""seed"": 6, ""time_budget_ms"": 300000}",ok,FEASIBLE,True,0.04499140919124177,0.04499140919124177,True,5.087276944999999,73.49,1.0,300003.0,2859425,303.067,,5,792,
mediaOrch_146588263_infrastructure_95|evolutionary-heuristics#seed7,mediaOrch,95,146588263,mediaOrch_146588263_infrastructure_95,evolutionary-heuristics,7,"{""algorithm"": ""NSGAII"", ""max_evaluations"": 1000, ""operators"": ""UNIFORM"", ""population_size"": 20, ""seed"": 7, ""time_budget_ms"": 300000}",ok,FEASIBLE,True,0.03343251503995278,0.03343251503995278,True,5.675009749999999,51.476,1.0,300003.0,2968490,303.094,,5,792,
mediaOrch_146588263_infrastructure_95|random-search#seed7,mediaOrch,95,146588263,mediaOrch_146588263_infrastructure_95,random-search,7,"{""iterations_count"": 1000, ""seed"": 7, ""time_budget_ms"": 300000}",ok,FEASIBLE,True,0.037725211511142706,0.037725211511142706,True,9.550017500000001,51.476,1.0,300002.0,2831549,303.092,,5,792,
mediaOrch_146588263_infrastructure_95|evolutionary-heuristics#seed8,mediaOrch,95,146588263,mediaOrch_146588263_infrastructure_95,evolutionary-heuristics,8,"{""algorithm"": ""NSGAII"", ""max_evaluations"": 1000, ""operators"": ""UNIFORM"", ""population_size"": 20, ""seed"": 8, ""time_budget_ms"": 300000}",ok,FEASIBLE,True,0.037955106945791205,0.037955106945791205,True,12.68,45.639,1.0,300002.0,2964244,302.977,,5,792,
mediaOrch_146588263_infrastructure_95|random-search#seed8,mediaOrch,95,146588263,mediaOrch_146588263_infrastructure_95,random-search,8,"{""iterations_count"": 1000, ""seed"": 8, ""time_budget_ms"": 300000}",ok,FEASIBLE,True,0.04074673880959809,0.04074673880959809,True,15.200000000000001,45.639,1.0,300044.0,2823095,303.102,,5,792,
mediaOrch_146588263_infrastructure_95|evolutionary-heuristics#seed9,mediaOrch,95,146588263,mediaOrch_146588263_infrastructure_95,evolutionary-heuristics,9,"{""algorithm"": ""NSGAII"", ""max_evaluations"": 1000, ""operators"": ""UNIFORM"", ""population_size"": 20, ""seed"": 9, ""time_budget_ms"": 300000}",ok,FEASIBLE,True,0.03343251503995278,0.03343251503995278,True,5.675009749999999,51.476,1.0,300046.0,3040043,303.172,,5,792,
mediaOrch_146588263_infrastructure_95|random-search#seed9,mediaOrch,95,146588263,mediaOrch_146588263_infrastructure_95,random-search,9,"{""iterations_count"": 1000, ""seed"": 9, ""time_budget_ms"": 300000}",ok,FEASIBLE,True,0.0375004319140229,0.0375004319140229,True,2.78422468,64.584,1.0,300009.0,2932644,303.05,,5,792,
mediaOrch_146588263_infrastructure_95|evolutionary-heuristics#seed10,mediaOrch,95,146588263,mediaOrch_146588263_infrastructure_95,evolutionary-heuristics,10,"{""algorithm"": ""NSGAII"", ""max_evaluations"": 1000, ""operators"": ""UNIFORM"", ""population_size"": 20, ""seed"": 10, ""time_budget_ms"": 300000}",ok,FEASIBLE,True,0.026432733369726878,0.026432733369726878,True,5.60277848,39.0,1.0,300008.0,2923249,302.98,,5,792,
mediaOrch_146588263_infrastructure_95|random-search#seed10,mediaOrch,95,146588263,mediaOrch_146588263_infrastructure_95,random-search,10,"{""iterations_count"": 1000, ""seed"": 10, ""time_budget_ms"": 300000}",ok,FEASIBLE,True,0.03289372370825018,0.03289372370825018,True,3.9249331900000004,54.0,1.0,300009.0,2890716,303.285,,5,792,
stockOrch_146588263_infrastructure_100|evolutionary-heuristics#seed1,stockOrch,100,146588263,stockOrch_146588263_infrastructure_100,evolutionary-heuristics,1,"{""algorithm"": ""NSGAII"", ""max_evaluations"": 1000, ""operators"": ""UNIFORM"", ""population_size"": 20, ""seed"": 1, ""time_budget_ms"": 300000}",ok,FEASIBLE,True,0.09010369041194866,0.09010369041194866,True,88.43531389,31.0,1.0,300004.0,3372108,301.893,,5,388,
stockOrch_146588263_infrastructure_100|random-search#seed1,stockOrch,100,146588263,stockOrch_146588263_infrastructure_100,random-search,1,"{""iterations_count"": 1000, ""seed"": 1, ""time_budget_ms"": 300000}",ok,FEASIBLE,True,0.09831844676738308,0.09831844676738308,True,91.27322867000001,39.0,1.0,300003.0,3343385,301.756,,5,388,
stockOrch_146588263_infrastructure_100|evolutionary-heuristics#seed2,stockOrch,100,146588263,stockOrch_146588263_infrastructure_100,evolutionary-heuristics,2,"{""algorithm"": ""NSGAII"", ""max_evaluations"": 1000, ""operators"": ""UNIFORM"", ""population_size"": 20, ""seed"": 2, ""time_budget_ms"": 300000}",ok,FEASIBLE,True,0.09010369041194866,0.09010369041194866,True,88.43531389,31.0,1.0,300007.0,3346420,301.778,,5,388,
stockOrch_146588263_infrastructure_100|random-search#seed2,stockOrch,100,146588263,stockOrch_146588263_infrastructure_100,random-search,2,"{""iterations_count"": 1000, ""seed"": 2, ""time_budget_ms"": 300000}",ok,FEASIBLE,True,0.11139555109835093,0.11139555109835093,True,101.01791673,39.0,1.0,300009.0,3368105,301.825,,5,388,
stockOrch_146588263_infrastructure_100|evolutionary-heuristics#seed3,stockOrch,100,146588263,stockOrch_146588263_infrastructure_100,evolutionary-heuristics,3,"{""algorithm"": ""NSGAII"", ""max_evaluations"": 1000, ""operators"": ""UNIFORM"", ""population_size"": 20, ""seed"": 3, ""time_budget_ms"": 300000}",ok,FEASIBLE,True,0.09010369041194866,0.09010369041194866,True,88.43531389,31.0,1.0,300009.0,3382590,301.863,,5,388,
stockOrch_146588263_infrastructure_100|random-search#seed3,stockOrch,100,146588263,stockOrch_146588263_infrastructure_100,random-search,3,"{""iterations_count"": 1000, ""seed"": 3, ""time_budget_ms"": 300000}",ok,FEASIBLE,True,0.1084501545118451,0.1084501545118451,True,99.43874477,37.5,1.0,300010.0,3371920,301.931,,5,388,
stockOrch_146588263_infrastructure_100|evolutionary-heuristics#seed4,stockOrch,100,146588263,stockOrch_146588263_infrastructure_100,evolutionary-heuristics,4,"{""algorithm"": ""NSGAII"", ""max_evaluations"": 1000, ""operators"": ""UNIFORM"", ""population_size"": 20, ""seed"": 4, ""time_budget_ms"": 300000}",ok,FEASIBLE,True,0.09010369041194866,0.09010369041194866,True,88.43531389,31.0,1.0,300001.0,3342711,301.973,,5,388,
stockOrch_146588263_infrastructure_100|random-search#seed4,stockOrch,100,146588263,stockOrch_146588263_infrastructure_100,random-search,4,"{""iterations_count"": 1000, ""seed"": 4, ""time_budget_ms"": 300000}",ok,FEASIBLE,True,0.1039759015623615,0.1039759015623615,True,98.77249305000001,31.0,1.0,299999.0,3366619,301.85,,5,388,
stockOrch_146588263_infrastructure_100|evolutionary-heuristics#seed5,stockOrch,100,146588263,stockOrch_146588263_infrastructure_100,evolutionary-heuristics,5,"{""algorithm"": ""NSGAII"", ""max_evaluations"": 1000, ""operators"": ""UNIFORM"", ""population_size"": 20, ""seed"": 5, ""time_budget_ms"": 300000}",ok,FEASIBLE,True,0.09010369041194866,0.09010369041194866,True,88.43531389,31.0,1.0,300007.0,3349985,301.746,,5,388,
stockOrch_146588263_infrastructure_100|random-search#seed5,stockOrch,100,146588263,stockOrch_146588263_infrastructure_100,random-search,5,"{""iterations_count"": 1000, ""seed"": 5, ""time_budget_ms"": 300000}",ok,FEASIBLE,True,0.10221940615080684,0.10221940615080684,True,93.35924091,41.0,1.0,300009.0,3400870,301.961,,5,388,
stockOrch_146588263_infrastructure_100|evolutionary-heuristics#seed6,stockOrch,100,146588263,stockOrch_146588263_infrastructure_100,evolutionary-heuristics,6,"{""algorithm"": ""NSGAII"", ""max_evaluations"": 1000, ""operators"": ""UNIFORM"", ""population_size"": 20, ""seed"": 6, ""time_budget_ms"": 300000}",ok,FEASIBLE,True,0.09010369041194866,0.09010369041194866,True,88.43531389,31.0,1.0,300009.0,3425845,301.911,,5,388,
stockOrch_146588263_infrastructure_100|random-search#seed6,stockOrch,100,146588263,stockOrch_146588263_infrastructure_100,random-search,6,"{""iterations_count"": 1000, ""seed"": 6, ""time_budget_ms"": 300000}",ok,FEASIBLE,True,0.09865228410034169,0.09865228410034169,True,92.54808517000001,36.5,1.0,300009.0,3426186,301.826,,5,388,
stockOrch_146588263_infrastructure_100|evolutionary-heuristics#seed7,stockOrch,100,146588263,stockOrch_146588263_infrastructure_100,evolutionary-heuristics,7,"{""algorithm"": ""NSGAII"", ""max_evaluations"": 1000, ""operators"": ""UNIFORM"", ""population_size"": 20, ""seed"": 7, ""time_budget_ms"": 300000}",ok,FEASIBLE,True,0.09010369041194866,0.09010369041194866,True,88.43531389,31.0,1.0,299843.0,3339886,301.783,,5,388,
stockOrch_146588263_infrastructure_100|random-search#seed7,stockOrch,100,146588263,stockOrch_146588263_infrastructure_100,random-search,7,"{""iterations_count"": 1000, ""seed"": 7, ""time_budget_ms"": 300000}",ok,FEASIBLE,True,0.10170881143616325,0.10170881143616325,True,95.44137706000001,35.0,1.0,299959.0,3199907,301.834,,5,388,
stockOrch_146588263_infrastructure_100|evolutionary-heuristics#seed8,stockOrch,100,146588263,stockOrch_146588263_infrastructure_100,evolutionary-heuristics,8,"{""algorithm"": ""NSGAII"", ""max_evaluations"": 1000, ""operators"": ""UNIFORM"", ""population_size"": 20, ""seed"": 8, ""time_budget_ms"": 300000}",ok,FEASIBLE,True,0.09010369041194866,0.09010369041194866,True,88.43531389,31.0,1.0,300126.0,2954720,302.057,,5,388,
stockOrch_146588263_infrastructure_100|random-search#seed8,stockOrch,100,146588263,stockOrch_146588263_infrastructure_100,random-search,8,"{""iterations_count"": 1000, ""seed"": 8, ""time_budget_ms"": 300000}",ok,FEASIBLE,True,0.09959106495114084,0.09959106495114084,True,95.5050369,31.0,1.0,300007.0,3118953,305.469,,5,388,
stockOrch_146588263_infrastructure_100|evolutionary-heuristics#seed9,stockOrch,100,146588263,stockOrch_146588263_infrastructure_100,evolutionary-heuristics,9,"{""algorithm"": ""NSGAII"", ""max_evaluations"": 1000, ""operators"": ""UNIFORM"", ""population_size"": 20, ""seed"": 9, ""time_budget_ms"": 300000}",ok,FEASIBLE,True,0.09010369041194866,0.09010369041194866,True,88.43531389,31.0,1.0,300007.0,3270211,302.168,,5,388,
stockOrch_146588263_infrastructure_100|random-search#seed9,stockOrch,100,146588263,stockOrch_146588263_infrastructure_100,random-search,9,"{""iterations_count"": 1000, ""seed"": 9, ""time_budget_ms"": 300000}",ok,FEASIBLE,True,0.10302693323857917,0.10302693323857917,True,95.60273183,37.0,1.0,300007.0,3307092,302.037,,5,388,
stockOrch_146588263_infrastructure_100|evolutionary-heuristics#seed10,stockOrch,100,146588263,stockOrch_146588263_infrastructure_100,evolutionary-heuristics,10,"{""algorithm"": ""NSGAII"", ""max_evaluations"": 1000, ""operators"": ""UNIFORM"", ""population_size"": 20, ""seed"": 10, ""time_budget_ms"": 300000}",ok,FEASIBLE,True,0.09010369041194866,0.09010369041194866,True,88.43531389,31.0,1.0,299948.0,3342700,301.968,,5,388,
stockOrch_146588263_infrastructure_100|random-search#seed10,stockOrch,100,146588263,stockOrch_146588263_infrastructure_100,random-search,10,"{""iterations_count"": 1000, ""seed"": 10, ""time_budget_ms"": 300000}",ok,FEASIBLE,True,0.1039759015623615,0.1039759015623615,True,98.77249305000001,31.0,1.0,299945.0,3197914,302.555,,5,388,
stockOrch_146588263_infrastructure_105|evolutionary-heuristics#seed1,stockOrch,105,146588263,stockOrch_146588263_infrastructure_105,evolutionary-heuristics,1,"{""algorithm"": ""NSGAII"", ""max_evaluations"": 1000, ""operators"": ""UNIFORM"", ""population_size"": 20, ""seed"": 1, ""time_budget_ms"": 300000}",ok,FEASIBLE,True,0.08470520587162175,0.08470520587162175,True,81.86526103,31.0,1.0,300003.0,3155694,302.747,,5,634,
stockOrch_146588263_infrastructure_105|random-search#seed1,stockOrch,105,146588263,stockOrch_146588263_infrastructure_105,random-search,1,"{""iterations_count"": 1000, ""seed"": 1, ""time_budget_ms"": 300000}",ok,FEASIBLE,True,0.09652902138335559,0.09652902138335559,True,88.12782197,38.5,1.0,300004.0,3330367,302.594,,5,634,
stockOrch_146588263_infrastructure_105|evolutionary-heuristics#seed2,stockOrch,105,146588263,stockOrch_146588263_infrastructure_105,evolutionary-heuristics,2,"{""algorithm"": ""NSGAII"", ""max_evaluations"": 1000, ""operators"": ""UNIFORM"", ""population_size"": 20, ""seed"": 2, ""time_budget_ms"": 300000}",ok,FEASIBLE,True,0.08470520587162175,0.08470520587162175,True,81.86526103,31.0,1.0,300004.0,3289518,302.521,,5,634,
stockOrch_146588263_infrastructure_105|random-search#seed2,stockOrch,105,146588263,stockOrch_146588263_infrastructure_105,random-search,2,"{""iterations_count"": 1000, ""seed"": 2, ""time_budget_ms"": 300000}",ok,FEASIBLE,True,0.09513061877101156,0.09513061877101156,True,83.82890853500001,45.5,1.0,300004.0,3295479,302.601,,5,634,
stockOrch_146588263_infrastructure_105|evolutionary-heuristics#seed3,stockOrch,105,146588263,stockOrch_146588263_infrastructure_105,evolutionary-heuristics,3,"{""algorithm"": ""NSGAII"", ""max_evaluations"": 1000, ""operators"": ""UNIFORM"", ""population_size"": 20, ""seed"": 3, ""time_budget_ms"": 300000}",ok,FEASIBLE,True,0.08470520587162175,0.08470520587162175,True,81.86526103,31.0,1.0,299982.0,3304324,302.887,,5,634,
stockOrch_146588263_infrastructure_105|random-search#seed3,stockOrch,105,146588263,stockOrch_146588263_infrastructure_105,random-search,3,"{""iterations_count"": 1000, ""seed"": 3, ""time_budget_ms"": 300000}",ok,FEASIBLE,True,0.09752087944968187,0.09752087944968187,True,86.90682694499999,43.0,1.0,299977.0,3347077,302.6,,5,634,
stockOrch_146588263_infrastructure_105|evolutionary-heuristics#seed4,stockOrch,105,146588263,stockOrch_146588263_infrastructure_105,evolutionary-heuristics,4,"{""algorithm"": ""NSGAII"", ""max_evaluations"": 1000, ""operators"": ""UNIFORM"", ""population_size"": 20, ""seed"": 4, ""time_budget_ms"": 300000}",ok,FEASIBLE,True,0.08470520587162175,0.08470520587162175,True,81.86526103,31.0,1.0,300000.0,3322353,302.613,,5,634,
stockOrch_146588263_infrastructure_105|random-search#seed4,stockOrch,105,146588263,stockOrch_146588263_infrastructure_105,random-search,4,"{""iterations_count"": 1000, ""seed"": 4, ""time_budget_ms"": 300000}",ok,FEASIBLE,True,0.09786409302525903,0.09786409302525903,True,89.21701021000001,38.5,1.0,300004.0,3298972,302.562,,5,634,
stockOrch_146588263_infrastructure_105|evolutionary-heuristics#seed5,stockOrch,105,146588263,stockOrch_146588263_infrastructure_105,evolutionary-heuristics,5,"{""algorithm"": ""NSGAII"", ""max_evaluations"": 1000, ""operators"": ""UNIFORM"", ""population_size"": 20, ""seed"": 5, ""time_budget_ms"": 300000}",ok,FEASIBLE,True,0.08470520587162175,0.08470520587162175,True,81.86526103,31.0,1.0,300004.0,3181990,302.818,,5,634,
stockOrch_146588263_infrastructure_105|random-search#seed5,stockOrch,105,146588263,stockOrch_146588263_infrastructure_105,random-search,5,"{""iterations_count"": 1000, ""seed"": 5, ""time_budget_ms"": 300000}",ok,FEASIBLE,True,0.09399535998726366,0.09399535998726366,True,86.28636675,38.0,1.0,300005.0,3179003,302.737,,5,634,
stockOrch_146588263_infrastructure_105|evolutionary-heuristics#seed6,stockOrch,105,146588263,stockOrch_146588263_infrastructure_105,evolutionary-heuristics,6,"{""algorithm"": ""NSGAII"", ""max_evaluations"": 1000, ""operators"": ""UNIFORM"", ""population_size"": 20, ""seed"": 6, ""time_budget_ms"": 300000}",ok,FEASIBLE,True,0.08470520587162175,0.08470520587162175,True,81.86526103,31.0,1.0,300005.0,3320412,302.547,,5,634,
stockOrch_146588263_infrastructure_105|random-search#seed6,stockOrch,105,146588263,stockOrch_146588263_infrastructure_105,random-search,6,"{""iterations_count"": 1000, ""seed"": 6, ""time_budget_ms"": 300000}",ok,FEASIBLE,True,0.09190938171325683,0.09190938171325683,True,84.35899261,38.5,1.0,300040.0,3322437,302.54,,5,634,
stockOrch_146588263_infrastructure_105|evolutionary-heuristics#seed7,stockOrch,105,146588263,stockOrch_146588263_infrastructure_105,evolutionary-heuristics,7,"{""algorithm"": ""NSGAII"", ""max_evaluations"": 1000, ""operators"": ""UNIFORM"", ""population_size"": 20, ""seed"": 7, ""time_budget_ms"": 300000}",ok,FEASIBLE,True,0.08470520587162175,0.08470520587162175,True,81.86526103,31.0,1.0,300042.0,3293496,302.895,,5,634,
stockOrch_146588263_infrastructure_105|random-search#seed7,stockOrch,105,146588263,stockOrch_146588263_infrastructure_105,random-search,7,"{""iterations_count"": 1000, ""seed"": 7, ""time_budget_ms"": 300000}",ok,FEASIBLE,True,0.08993256490331297,0.08993256490331297,True,82.97182655,38.0,1.0,300009.0,3351537,302.698,,5,634,
stockOrch_146588263_infrastructure_105|evolutionary-heuristics#seed8,stockOrch,105,146588263,stockOrch_146588263_infrastructure_105,evolutionary-heuristics,8,"{""algorithm"": ""NSGAII"", ""max_evaluations"": 1000, ""operators"": ""UNIFORM"", ""population_size"": 20, ""seed"": 8, ""time_budget_ms"": 300000}",ok,FEASIBLE,True,0.08470520587162175,0.08470520587162175,True,81.86526103,31.0,1.0,300008.0,3325266,302.377,,5,634,
stockOrch_146588263_infrastructure_105|random-search#seed8,stockOrch,105,146588263,stockOrch_146588263_infrastructure_105,random-search,8,"{""iterations_count"": 1000, ""seed"": 8, ""time_budget_ms"": 300000}",ok,FEASIBLE,True,0.09725375334437612,0.09725375334437612,True,87.36562483,41.5,1.0,300009.0,3357750,302.687,,5,634,
stockOrch_146588263_infrastructure_105|evolutionary-heuristics#seed9,stockOrch,105,146588263,stockOrch_146588263_infrastructure_105,evolutionary-heuristics,9,"{""algorithm"": ""NSGAII"", ""max_evaluations"": 1000, ""operators"": ""UNIFORM"", ""population_size"": 20, ""seed"": 9, ""time_budget_ms"": 300000}",ok,FEASIBLE,True,0.08470520587162175,0.08470520587162175,True,81.86526103,31.0,1.0,300007.0,3363754,302.452,,5,634,
stockOrch_146588263_infrastructure_105|random-search#seed9,stockOrch,105,146588263,stockOrch_146588263_infrastructure_105,random-search,9,"{""iterations_count"": 1000, ""seed"": 9, ""time_budget_ms"": 300000}",ok,FEASIBLE,True,0.08756109734355502,0.08756109734355502,True,82.16499583000001,35.5,1.0,300001.0,3292252,302.664,,5,634,
stockOrch_146588263_infrastructure_105|evolutionary-heuristics#seed10,stockOrch,105,146588263,stockOrch_146588263_infrastructure_105,evolutionary-heuristics,10,"{""algorithm"": ""NSGAII"", ""max_evaluations"": 1000, ""operators"": ""UNIFORM"", ""population_size"": 20, ""seed"": 10, ""time_budget_ms"": 300000}",ok,FEASIBLE,True,0.08470520587162175,0.08470520587162175,True,81.86526103,31.0,1.0,300002.0,3313103,302.594,,5,634,
stockOrch_146588263_infrastructure_105|random-search#seed10,stockOrch,105,146588263,stockOrch_146588263_infrastructure_105,random-search,10,"{""iterations_count"": 1000, ""seed"": 10, ""time_budget_ms"": 300000}",ok,FEASIBLE,True,0.09890330949573797,0.09890330949573797,True,88.71137820000001,41.5,1.0,300010.0,3318902,302.485,,5,634,
stockOrch_146588263_infrastructure_110|evolutionary-heuristics#seed1,stockOrch,110,146588263,stockOrch_146588263_infrastructure_110,evolutionary-heuristics,1,"{""algorithm"": ""NSGAII"", ""max_evaluations"": 1000, ""operators"": ""UNIFORM"", ""population_size"": 20, ""seed"": 1, ""time_budget_ms"": 300000}",ok,FEASIBLE,True,0.10275677847304107,0.10275677847304107,True,89.49963119,41.0,1.0,300010.0,2806853,302.938,,5,653,
stockOrch_146588263_infrastructure_110|random-search#seed1,stockOrch,110,146588263,stockOrch_146588263_infrastructure_110,random-search,1,"{""iterations_count"": 1000, ""seed"": 1, ""time_budget_ms"": 300000}",ok,FEASIBLE,True,0.10954460101176677,0.10954460101176677,True,95.445304205,42.0,1.0,300010.0,2768298,303.343,,5,653,
stockOrch_146588263_infrastructure_110|evolutionary-heuristics#seed2,stockOrch,110,146588263,stockOrch_146588263_infrastructure_110,evolutionary-heuristics,2,"{""algorithm"": ""NSGAII"", ""max_evaluations"": 1000, ""operators"": ""UNIFORM"", ""population_size"": 20, ""seed"": 2, ""time_budget_ms"": 300000}",ok,FEASIBLE,True,0.10275677847304107,0.10275677847304107,True,89.49963119,41.0,1.0,300009.0,2849210,302.798,,5,653,
stockOrch_146588263_infrastructure_110|random-search#seed2,stockOrch,110,146588263,stockOrch_146588263_infrastructure_110,random-search,2,"{""iterations_count"": 1000, ""seed"": 2, ""time_budget_ms"": 300000}",ok,FEASIBLE,True,0.10738184188510264,0.10738184188510264,True,96.546958215,36.0,1.0,299899.0,2777587,302.839,,5,653,
stockOrch_146588263_infrastructure_110|evolutionary-heuristics#seed3,stockOrch,110,146588263,stockOrch_146588263_infrastructure_110,evolutionary-heuristics,3,"{""algorithm"": ""NSGAII"", ""max_evaluations"": 1000, ""operators"": ""UNIFORM"", ""population_size"": 20, ""seed"": 3, ""time_budget_ms"": 300000}",ok,FEASIBLE,True,0.10275677847304107,0.10275677847304107,True,89.49963119,41.0,1.0,299895.0,2821776,302.797,,5,653,
stockOrch_146588263_infrastructure_110|random-search#seed3,stockOrch,110,146588263,stockOrch_146588263_infrastructure_110,random-search,3,"{""iterations_count"": 1000, ""seed"": 3, ""time_budget_ms"": 300000}",ok,FEASIBLE,True,0.10848653399396418,0.10848653399396418,True,94.436306975,42.0,1.0,299999.0,2782969,302.847,,5,653,
stockOrch_146588263_infrastructure_110|evolutionary-heuristics#seed4,stockOrch,110,146588263,stockOrch_146588263_infrastructure_110,evolutionary-heuristics,4,"{""algorithm"": ""NSGAII"", ""max_evaluations"": 1000, ""operators"": ""UNIFORM"", ""population_size"": 20, ""seed"": 4, ""time_budget_ms"": 300000}",ok,FEASIBLE,True,0.08930550621429623,0.08930550621429623,True,70.78272050000001,52.168,1.0,299998.0,2799151,302.916,,5,653,
stockOrch_146588263_infrastructure_110|random-search#seed4,stockOrch,110,146588263,stockOrch_146588263_infrastructure_110,random-search,4,"{""iterations_count"": 1000, ""seed"": 4, ""time_budget_ms"": 300000}",ok,FEASIBLE,True,0.1113104931881359,0.1113104931881359,True,96.074596165,44.0,1.0,299998.0,2758480,302.933,,5,653,
stockOrch_146588263_infrastructure_110|evolutionary-heuristics#seed5,stockOrch,110,146588263,stockOrch_146588263_infrastructure_110,evolutionary-heuristics,5,"{""algorithm"": ""NSGAII"", ""max_evaluations"": 1000, ""operators"": ""UNIFORM"", ""population_size"": 20, ""seed"": 5, ""time_budget_ms"": 300000}",ok,FEASIBLE,True,0.10259768009695411,0.10259768009695412,True,90.92996690999999,38.0,1.0,299999.0,2825004,302.822,,5,653,
stockOrch_146588263_infrastructure_110|random-search#seed5,stockOrch,110,146588263,stockOrch_146588263_infrastructure_110,random-search,5,"{""iterations_count"": 1000, ""seed"": 5, ""time_budget_ms"": 300000}",ok,FEASIBLE,True,0.1035908818447093,0.1035908818447093,True,90.03137555999999,41.5,1.0,299963.0,2763460,302.967,,5,653,
stockOrch_146588263_infrastructure_110|evolutionary-heuristics#seed6,stockOrch,110,146588263,stockOrch_146588263_infrastructure_110,evolutionary-heuristics,6,"{""algorithm"": ""NSGAII"", ""max_evaluations"": 1000, ""operators"": ""UNIFORM"", ""population_size"": 20, ""seed"": 6, ""time_budget_ms"": 300000}",ok,FEASIBLE,True,0.10275677847304107,0.10275677847304107,True,89.49963119,41.0,1.0,299983.0,2826238,302.919,,5,653,
stockOrch_146588263_infrastructure_110|random-search#seed6,stockOrch,110,146588263,stockOrch_146588263_infrastructure_110,random-search,6,"{""iterations_count"": 1000, ""seed"": 6, ""time_budget_ms"": 300000}",ok,FEASIBLE,True,0.10712371162796855,0.10712371162796855,True,95.50977141,37.5,1.0,299998.0,2788278,302.882,,5,653,
stockOrch_146588263_infrastructure_110|evolutionary-heuristics#seed7,stockOrch,110,146588263,stockOrch_146588263_infrastructure_110,evolutionary-heuristics,7,"{""algorithm"": ""NSGAII"", ""max_evaluations"": 1000, ""operators"": ""UNIFORM"", ""population_size"": 20, ""seed"": 7, ""time_budget_ms"": 300000}",ok,FEASIBLE,True,0.08930550621429623,0.08930550621429623,True,70.78272050000001,52.168,1.0,299998.0,2852521,302.783,,5,653,
stockOrch_146588263_infrastructure_110|random-search#seed7,stockOrch,110,146588263,stockOrch_146588263_infrastructure_110,random-search,7,"{""iterations_count"": 1000, ""seed"": 7, ""time_budget_ms"": 300000}",ok,FEASIBLE,True,0.10817222242150559,0.10817222242150559,True,94.136572175,42.0,1.0,299998.0,2781939,302.736,,5,653,
stockOrch_146588263_infrastructure_110|evolutionary-heuristics#seed8,stockOrch,110,146588263,stockOrch_146588263_infrastructure_110,evolutionary-heuristics,8,"{""algorithm"": ""NSGAII"", ""max_evaluations"": 1000, ""operators"": ""UNIFORM"", ""population_size"": 20, ""seed"": 8, ""time_budget_ms"": 300000}",ok,FEASIBLE,True,0.10275677847304107,0.10275677847304107,True,89.49963119,41.0,1.0,300108.0,2821326,303.01,,5,653,
stockOrch_146588263_infrastructure_110|random-search#seed8,stockOrch,110,146588263,stockOrch_146588263_infrastructure_110,random-search,8,"{""iterations_count"": 1000, ""seed"": 8, ""time_budget_ms"": 300000}",ok,FEASIBLE,True,0.11523531229697968,0.11523531229697968,True,102.71782993000001,38.5,1.0,300115.0,2741697,302.952,,5,653,
stockOrch_146588263_infrastructure_110|evolutionary-heuristics#seed9,stockOrch,110,146588263,stockOrch_146588263_infrastructure_110,evolutionary-heuristics,9,"{""algorithm"": ""NSGAII"", ""max_evaluations"": 1000, ""operators"": ""UNIFORM"", ""population_size"": 20, ""seed"": 9, ""time_budget_ms"": 300000}",ok,FEASIBLE,True,0.10259768009695411,0.10259768009695412,True,90.92996690999999,38.0,1.0,300012.0,2496290,303.403,,5,653,
stockOrch_146588263_infrastructure_110|random-search#seed9,stockOrch,110,146588263,stockOrch_146588263_infrastructure_110,random-search,9,"{""iterations_count"": 1000, ""seed"": 9, ""time_budget_ms"": 300000}",ok,FEASIBLE,True,0.11249083718736505,0.11249083718736505,True,99.30960705,40.0,1.0,300010.0,2188568,303.106,,5,653,
stockOrch_146588263_infrastructure_110|evolutionary-heuristics#seed10,stockOrch,110,146588263,stockOrch_146588263_infrastructure_110,evolutionary-heuristics,10,"{""algorithm"": ""NSGAII"", ""max_evaluations"": 1000, ""operators"": ""UNIFORM"", ""population_size"": 20, ""seed"": 10, ""time_budget_ms"": 300000}",ok,FEASIBLE,True,0.10259768009695411,0.10259768009695412,True,90.92996690999999,38.0,1.0,300010.0,2472868,303.699,,5,653,
stockOrch_146588263_infrastructure_110|random-search#seed10,stockOrch,110,146588263,stockOrch_146588263_infrastructure_110,random-search,10,"{""iterations_count"": 1000, ""seed"": 10, ""time_budget_ms"": 300000}",ok,FEASIBLE,True,0.1066039198287589,0.1066039198287589,True,95.27776184,37.0,1.0,300009.0,2651482,303.229,,5,653,
stockOrch_146588263_infrastructure_115|evolutionary-heuristics#seed1,stockOrch,115,146588263,stockOrch_146588263_infrastructure_115,evolutionary-heuristics,1,"{""algorithm"": ""NSGAII"", ""max_evaluations"": 1000, ""operators"": ""UNIFORM"", ""population_size"": 20, ""seed"": 1, ""time_budget_ms"": 300000}",ok,FEASIBLE,True,0.11476151259580467,0.11476151259580467,True,90.72459989,33.0,1.0,299939.0,3036777,302.402,,5,473,
stockOrch_146588263_infrastructure_115|random-search#seed1,stockOrch,115,146588263,stockOrch_146588263_infrastructure_115,random-search,1,"{""iterations_count"": 1000, ""seed"": 1, ""time_budget_ms"": 300000}",ok,FEASIBLE,True,0.13135160981454286,0.13135160981454286,True,100.27334288,41.5,1.0,299938.0,3010612,302.289,,5,473,
stockOrch_146588263_infrastructure_115|evolutionary-heuristics#seed2,stockOrch,115,146588263,stockOrch_146588263_infrastructure_115,evolutionary-heuristics,2,"{""algorithm"": ""NSGAII"", ""max_evaluations"": 1000, ""operators"": ""UNIFORM"", ""population_size"": 20, ""seed"": 2, ""time_budget_ms"": 300000}",ok,FEASIBLE,True,0.11559496575587783,0.11559496575587783,True,91.84272572,32.0,1.0,300003.0,3080592,302.588,,5,473,
stockOrch_146588263_infrastructure_115|random-search#seed2,stockOrch,115,146588263,stockOrch_146588263_infrastructure_115,random-search,2,"{""iterations_count"": 1000, ""seed"": 2, ""time_budget_ms"": 300000}",ok,FEASIBLE,True,0.11760123032827116,0.11760123032827116,True,97.93109738,22.0,1.0,300003.0,3092103,302.223,,5,473,
stockOrch_146588263_infrastructure_115|evolutionary-heuristics#seed3,stockOrch,115,146588263,stockOrch_146588263_infrastructure_115,evolutionary-heuristics,3,"{""algorithm"": ""NSGAII"", ""max_evaluations"": 1000, ""operators"": ""UNIFORM"", ""population_size"": 20, ""seed"": 3, ""time_budget_ms"": 300000}",ok,FEASIBLE,True,0.11476151259580467,0.11476151259580467,True,90.72459989,33.0,1.0,300003.0,3090074,302.469,,5,473,
stockOrch_146588263_infrastructure_115|random-search#seed3,stockOrch,115,146588263,stockOrch_146588263_infrastructure_115,random-search,3,"{""iterations_count"": 1000, ""seed"": 3, ""time_budget_ms"": 300000}",ok,FEASIBLE,True,0.12626244925259728,0.12626244925259728,True,99.98036712999999,33.0,1.0,300003.0,3141421,302.331,,5,473,
stockOrch_146588263_infrastructure_115|evolutionary-heuristics#seed4,stockOrch,115,146588263,stockOrch_146588263_infrastructure_115,evolutionary-heuristics,4,"{""algorithm"": ""NSGAII"", ""max_evaluations"": 1000, ""operators"": ""UNIFORM"", ""population_size"": 20, ""seed"": 4, ""time_budget_ms"": 300000}",ok,FEASIBLE,True,0.11476151259580467,0.11476151259580467,True,90.72459989,33.0,1.0,299998.0,3174321,302.324,,5,473,
stockOrch_146588263_infrastructure_115|random-search#seed4,stockOrch,115,146588263,stockOrch_146588263_infrastructure_115,random-search,4,"{""iterations_count"": 1000, ""seed"": 4, ""time_budget_ms"": 300000}",ok,FEASIBLE,True,0.125516513850773,0.125516513850773,True,97.14316918,38.0,1.0,299997.0,3098064,303.181,,5,473,
stockOrch_146588263_infrastructure_115|evolutionary-heuristics#seed5,stockOrch,115,146588263,stockOrch_146588263_infrastructure_115,evolutionary-heuristics,5,"{""algorithm"": ""NSGAII"", ""max_evaluations"": 1000, ""operators"": ""UNIFORM"", ""population_size"": 20, ""seed"": 5, ""time_budget_ms"": 300000}",ok,FEASIBLE,True,0.11476151259580467,0.11476151259580467,True,90.72459989,33.0,1.0,300003.0,3118444,302.381,,5,473,
stockOrch_146588263_infrastructure_115|random-search#seed5,stockOrch,115,146588263,stockOrch_146588263_infrastructure_115,random-search,5,"{""iterations_count"": 1000, ""seed"": 5, ""time_budget_ms"": 300000}",ok,FEASIBLE,True,0.1346649522994208,0.1346649522994208,True,103.834619655,39.5,1.0,300006.0,3102852,302.352,,5,473,
stockOrch_146588263_infrastructure_115|evolutionary-heuristics#seed6,stockOrch,115,146588263,stockOrch_146588263_infrastructure_115,evolutionary-heuristics,6,"{""algorithm"": ""NSGAII"", ""max_evaluations"": 1000, ""operators"": ""UNIFORM"", ""population_size"": 20, ""seed"": 6, ""time_budget_ms"": 300000}",ok,FEASIBLE,True,0.11559496575587783,0.11559496575587783,True,91.84272572,32.0,1.0,300007.0,3102671,302.584,,5,473,
stockOrch_146588263_infrastructure_115|random-search#seed6,stockOrch,115,146588263,stockOrch_146588263_infrastructure_115,random-search,6,"{""iterations_count"": 1000, ""seed"": 6, ""time_budget_ms"": 300000}",ok,FEASIBLE,True,0.11720017371253592,0.11720017371253592,True,93.58194729,31.0,1.0,300007.0,3118425,302.253,,5,473,
stockOrch_146588263_infrastructure_115|evolutionary-heuristics#seed7,stockOrch,115,146588263,stockOrch_146588263_infrastructure_115,evolutionary-heuristics,7,"{""algorithm"": ""NSGAII"", ""max_evaluations"": 1000, ""operators"": ""UNIFORM"", ""population_size"": 20, ""seed"": 7, ""time_budget_ms"": 300000}",ok,FEASIBLE,True,0.11559496575587783,0.11559496575587783,True,91.84272572,32.0,1.0,300021.0,3123319,302.332,,5,473,
stockOrch_146588263_infrastructure_115|random-search#seed7,stockOrch,115,146588263,stockOrch_146588263_infrastructure_115,random-search,7,"{""iterations_count"": 1000, ""seed"": 7, ""time_budget_ms"": 300000}",ok,FEASIBLE,True,0.12788514477356566,0.12788514477356566,True,97.9309643,40.5,1.0,300024.0,3127082,302.428,,5,473,
stockOrch_146588263_infrastructure_115|evolutionary-heuristics#seed8,stockOrch,115,146588263,stockOrch_146588263_infrastructure_115,evolutionary-heuristics,8,"{""algorithm"": ""NSGAII"", ""max_evaluations"": 1000, ""operators"": ""UNIFORM"", ""population_size"": 20, ""seed"": 8, ""time_budget_ms"": 300000}",ok,FEASIBLE,True,0.11559496575587783,0.11559496575587783,True,91.84272572,32.0,1.0,300010.0,3106327,302.324,,5,473,
stockOrch_146588263_infrastructure_115|random-search#seed8,stockOrch,115,146588263,stockOrch_146588263_infrastructure_115,random-search,8,"{""iterations_count"": 1000, ""seed"": 8, ""time_budget_ms"": 300000}",ok,FEASIBLE,True,0.13006548050648914,0.13006548050648914,True,103.26467311,32.5,1.0,300009.0,3131333,302.255,,5,473,
stockOrch_146588263_infrastructure_115|evolutionary-heuristics#seed9,stockOrch,115,146588263,stockOrch_146588263_infrastructure_115,evolutionary-heuristics,9,"{""algorithm"": ""NSGAII"", ""max_evaluations"": 1000, ""operators"": ""UNIFORM"", ""population_size"": 20, ""seed"": 9, ""time_budget_ms"": 300000}",ok,FEASIBLE,True,0.11476151259580467,0.11476151259580467,True,90.72459989,33.0,1.0,300009.0,3172285,302.509,,5,473,
stockOrch_146588263_infrastructure_115|random-search#seed9,stockOrch,115,146588263,stockOrch_146588263_infrastructure_115,random-search,9,"{""iterations_count"": 1000, ""seed"": 9, ""time_budget_ms"": 300000}",ok,FEASIBLE,True,0.1254543971649815,0.1254543971649815,True,96.86949055499998,38.5,1.0,300009.0,3131688,302.37,,5,473,
stockOrch_146588263_infrastructure_115|evolutionary-heuristics#seed10,stockOrch,115,146588263,stockOrch_146588263_infrastructure_115,evolutionary-heuristics,10,"{""algorithm"": ""NSGAII"", ""max_evaluations"": 1000, ""operators"": ""UNIFORM"", ""population_size"": 20, ""seed"": 10, ""time_budget_ms"": 300000}",ok,FEASIBLE,True,0.11559496575587783,0.11559496575587783,True,91.84272572,32.0,1.0,299979.0,3131967,302.293,,5,473,
stockOrch_146588263_infrastructure_115|random-search#seed10,stockOrch,115,146588263,stockOrch_146588263_infrastructure_115,random-search,10,"{""iterations_count"": 1000, ""seed"": 10, ""time_budget_ms"": 300000}",ok,FEASIBLE,True,0.1370374908183392,0.1370374908183392,True,106.862440785,37.0,1.0,299976.0,3130485,302.239,,5,473,
stockOrch_146588263_infrastructure_120|evolutionary-heuristics#seed1,stockOrch,120,146588263,stockOrch_146588263_infrastructure_120,evolutionary-heuristics,1,"{""algorithm"": ""NSGAII"", ""max_evaluations"": 1000, ""operators"": ""UNIFORM"", ""population_size"": 20, ""seed"": 1, ""time_budget_ms"": 300000}",ok,FEASIBLE,True,0.07286329353225422,0.07286329353225422,True,78.28624198,36.0,1.0,300007.0,3012438,302.886,,5,617,
stockOrch_146588263_infrastructure_120|random-search#seed1,stockOrch,120,146588263,stockOrch_146588263_infrastructure_120,random-search,1,"{""iterations_count"": 1000, ""seed"": 1, ""time_budget_ms"": 300000}",ok,FEASIBLE,True,0.08009429408438497,0.08009429408438497,True,82.63837507000001,41.0,1.0,300009.0,2979483,302.888,,5,617,
stockOrch_146588263_infrastructure_120|evolutionary-heuristics#seed2,stockOrch,120,146588263,stockOrch_146588263_infrastructure_120,evolutionary-heuristics,2,"{""algorithm"": ""NSGAII"", ""max_evaluations"": 1000, ""operators"": ""UNIFORM"", ""population_size"": 20, ""seed"": 2, ""time_budget_ms"": 300000}",ok,FEASIBLE,True,0.07286329353225422,0.07286329353225422,True,78.28624198,36.0,1.0,300009.0,2989411,302.695,,5,617,
stockOrch_146588263_infrastructure_120|random-search#seed2,stockOrch,120,146588263,stockOrch_146588263_infrastructure_120,random-search,2,"{""iterations_count"": 1000, ""seed"": 2, ""time_budget_ms"": 300000}",ok,FEASIBLE,True,0.08196283872920493,0.08196283872920493,True,83.38316349999998,43.0,1.0,300009.0,2923343,302.753,,5,617,
stockOrch_146588263_infrastructure_120|evolutionary-heuristics#seed3,stockOrch,120,146588263,stockOrch_146588263_infrastructure_120,evolutionary-heuristics,3,"{""algorithm"": ""NSGAII"", ""max_evaluations"": 1000, ""operators"": ""UNIFORM"", ""population_size"": 20, ""seed"": 3, ""time_budget_ms"": 300000}",ok,FEASIBLE,True,0.07286329353225422,0.07286329353225422,True,78.28624198,36.0,1.0,300026.0,2938354,303.05,,5,617,
stockOrch_146588263_infrastructure_120|random-search#seed3,stockOrch,120,146588263,stockOrch_146588263_infrastructure_120,random-search,3,"{""iterations_count"": 1000, ""seed"": 3, ""time_budget_ms"": 300000}",ok,FEASIBLE,True,0.0785984393970425,0.0785984393970425,True,82.25616058,39.0,1.0,300027.0,2914235,302.979,,5,617,
stockOrch_146588263_infrastructure_120|evolutionary-heuristics#seed4,stockOrch,120,146588263,stockOrch_146588263_infrastructure_120,evolutionary-heuristics,4,"{""algorithm"": ""NSGAII"", ""max_evaluations"": 1000, ""operators"": ""UNIFORM"", ""population_size"": 20, ""seed"": 4, ""time_budget_ms"": 300000}",ok,FEASIBLE,True,0.07286329353225422,0.07286329353225422,True,78.28624198,36.0,1.0,300010.0,2958736,303.268,,5,617,
stockOrch_146588263_infrastructure_120|random-search#seed4,stockOrch,120,146588263,stockOrch_146588263_infrastructure_120,random-search,4,"{""iterations_count"": 1000, ""seed"": 4, ""time_budget_ms"": 300000}",ok,FEASIBLE,True,0.08322747362993599,0.08322747362993599,True,85.149991015,42.0,1.0,300009.0,2956876,302.842,,5,617,
stockOrch_146588263_infrastructure_120|evolutionary-heuristics#seed5,stockOrch,120,146588263,stockOrch_146588263_infrastructure_120,evolutionary-heuristics,5,"{""algorithm"": ""NSGAII"", ""max_evaluations"": 1000, ""operators"": ""UNIFORM"", ""population_size"": 20, ""seed"": 5, ""time_budget_ms"": 300000}",ok,FEASIBLE,True,0.07286329353225422,0.07286329353225422,True,78.28624198,36.0,1.0,300009.0,3002618,302.916,,5,617,
stockOrch_146588263_infrastructure_120|random-search#seed5,stockOrch,120,146588263,stockOrch_146588263_infrastructure_120,random-search,5,"{""iterations_count"": 1000, ""seed"": 5, ""time_budget_ms"": 300000}",ok,FEASIBLE,True,0.08163772543512365,0.08163772543512365,True,85.48120997000001,38.5,1.0,300009.0,2983716,302.871,,5,617,
stockOrch_146588263_infrastructure_120|evolutionary-heuristics#seed6,stockOrch,120,146588263,stockOrch_146588263_infrastructure_120,evolutionary-heuristics,6,"{""algorithm"": ""NSGAII"", ""max_evaluations"": 1000, ""operators"": ""UNIFORM"", ""population_size"": 20, ""seed"": 6, ""time_budget_ms"": 300000}",ok,FEASIBLE,True,0.07286329353225422,0.07286329353225422,True,78.28624198,36.0,1.0,300027.0,2977378,302.89,,5,617,
stockOrch_146588263_infrastructure_120|random-search#seed6,stockOrch,120,146588263,stockOrch_146588263_infrastructure_120,random-search,6,"{""iterations_count"": 1000, ""seed"": 6, ""time_budget_ms"": 300000}",ok,FEASIBLE,True,0.0801335318802294,0.0801335318802294,True,84.01784512,38.5,1.0,300028.0,2958246,302.824,,5,617,
stockOrch_146588263_infrastructure_120|evolutionary-heuristics#seed7,stockOrch,120,146588263,stockOrch_146588263_infrastructure_120,evolutionary-heuristics,7,"{""algorithm"": ""NSGAII"", ""max_evaluations"": 1000, ""operators"": ""UNIFORM"", ""population_size"": 20, ""seed"": 7, ""time_budget_ms"": 300000}",ok,FEASIBLE,True,0.07286329353225422,0.07286329353225422,True,78.28624198,36.0,1.0,300009.0,3006607,302.825,,5,617,
stockOrch_146588263_infrastructure_120|random-search#seed7,stockOrch,120,146588263,stockOrch_146588263_infrastructure_120,random-search,7,"{""iterations_count"": 1000, ""seed"": 7, ""time_budget_ms"": 300000}",ok,FEASIBLE,True,0.08272314519793994,0.08272314519793994,True,85.195870615,41.0,1.0,300009.0,2970143,302.82,,5,617,
stockOrch_146588263_infrastructure_120|evolutionary-heuristics#seed8,stockOrch,120,146588263,stockOrch_146588263_infrastructure_120,evolutionary-heuristics,8,"{""algorithm"": ""NSGAII"", ""max_evaluations"": 1000, ""operators"": ""UNIFORM"", ""population_size"": 20, ""seed"": 8, ""time_budget_ms"": 300000}",ok,FEASIBLE,True,0.07286329353225422,0.07286329353225422,True,78.28624198,36.0,1.0,300009.0,2995680,303.038,,5,617,
stockOrch_146588263_infrastructure_120|random-search#seed8,stockOrch,120,146588263,stockOrch_146588263_infrastructure_120,random-search,8,"{""iterations_count"": 1000, ""seed"": 8, ""time_budget_ms"": 300000}",ok,FEASIBLE,True,0.08692499879005448,0.08692499879005448,True,92.50278574500001,35.0,1.0,300009.0,2965143,302.862,,5,617,
stockOrch_146588263_infrastructure_120|evolutionary-heuristics#seed9,stockOrch,120,146588263,stockOrch_146588263_infrastructure_120,evolutionary-heuristics,9,"{""algorithm"": ""NSGAII"", ""max_evaluations"": 1000, ""operators"": ""UNIFORM"", ""population_size"": 20, ""seed"": 9, ""time_budget_ms"": 300000}",ok,FEASIBLE,True,0.07286329353225422,0.07286329353225422,True,78.28624198,36.0,1.0,299970.0,2979761,302.799,,5,617,
stockOrch_146588263_infrastructure_120|random-search#seed9,stockOrch,120,146588263,stockOrch_146588263_infrastructure_120,random-search,9,"{""iterations_count"": 1000, ""seed"": 9, ""time_budget_ms"": 300000}",ok,FEASIBLE,True,0.0823529446926417,0.0823529446926417,True,86.44527531,38.0,1.0,299969.0,2954611,302.952,,5,617,
stockOrch_146588263_infrastructure_120|evolutionary-heuristics#seed10,stockOrch,120,146588263,stockOrch_146588263_infrastructure_120,evolutionary-heuristics,10,"{""algorithm"": ""NSGAII"", ""max_evaluations"": 1000, ""operators"": ""UNIFORM"", ""population_size"": 20, ""seed"": 10, ""time_budget_ms"": 300000}",ok,FEASIBLE,True,0.07286329353225422,0.07286329353225422,True,78.28624198,36.0,1.0,300007.0,3000205,302.846,,5,617,
stockOrch_146588263_infrastructure_120|random-search#seed10,stockOrch,120,146588263,stockOrch_146588263_infrastructure_120,random-search,10,"{""iterations_count"": 1000, ""seed"": 10, ""time_budget_ms"": 300000}",ok,FEASIBLE,True,0.08072010808057029,0.08072010808057029,True,82.97894297999999,41.5,1.0,300008.0,2974501,302.925,,5,617,
stockOrch_146588263_infrastructure_125|evolutionary-heuristics#seed1,stockOrch,125,146588263,stockOrch_146588263_infrastructure_125,evolutionary-heuristics,1,"{""algorithm"": ""NSGAII"", ""max_evaluations"": 1000, ""operators"": ""UNIFORM"", ""population_size"": 20, ""seed"": 1, ""time_budget_ms"": 300000}",ok,FEASIBLE,True,0.0768764270629621,0.0768764270629621,True,65.81659542,35.295,1.0,300008.0,3070482,302.5,,5,468,
stockOrch_146588263_infrastructure_125|random-search#seed1,stockOrch,125,146588263,stockOrch_146588263_infrastructure_125,random-search,1,"{""iterations_count"": 1000, ""seed"": 1, ""time_budget_ms"": 300000}",ok,FEASIBLE,True,0.09667200373668128,0.09667200373668128,True,74.95670208,53.073,1.0,300008.0,3102044,302.535,,5,468,
stockOrch_146588263_infrastructure_125|evolutionary-heuristics#seed2,stockOrch,125,146588263,stockOrch_146588263_infrastructure_125,evolutionary-heuristics,2,"{""algorithm"": ""NSGAII"", ""max_evaluations"": 1000, ""operators"": ""UNIFORM"", ""population_size"": 20, ""seed"": 2, ""time_budget_ms"": 300000}",ok,FEASIBLE,True,0.0768764270629621,0.0768764270629621,True,65.81659542,35.295,1.0,299986.0,3084389,302.472,,5,468,
stockOrch_146588263_infrastructure_125|random-search#seed2,stockOrch,125,146588263,stockOrch_146588263_infrastructure_125,random-search,2,"{""iterations_count"": 1000, ""seed"": 2, ""time_budget_ms"": 300000}",ok,FEASIBLE,True,0.09194970561327143,0.09194970561327143,True,70.27452767,53.742999999999995,1.0,299987.0,3060925,302.521,,5,468,
stockOrch_146588263_infrastructure_125|evolutionary-heuristics#seed3,stockOrch,125,146588263,stockOrch_146588263_infrastructure_125,evolutionary-heuristics,3,"{""algorithm"": ""NSGAII"", ""max_evaluations"": 1000, ""operators"": ""UNIFORM"", ""population_size"": 20, ""seed"": 3, ""time_budget_ms"": 300000}",ok,FEASIBLE,True,0.0768764270629621,0.0768764270629621,True,65.81659542,35.295,1.0,300008.0,3115821,302.435,,5,468,
stockOrch_146588263_infrastructure_125|random-search#seed3,stockOrch,125,146588263,stockOrch_146588263_infrastructure_125,random-search,3,"{""iterations_count"": 1000, ""seed"": 3, ""time_budget_ms"": 300000}",ok,FEASIBLE,True,0.09511251696491442,0.09511251696491442,True,78.44420088,43.413,1.0,300009.0,3119037,302.331,,5,468,
stockOrch_146588263_infrastructure_125|evolutionary-heuristics#seed4,stockOrch,125,146588263,stockOrch_146588263_infrastructure_125,evolutionary-heuristics,4,"{""algorithm"": ""NSGAII"", ""max_evaluations"": 1000, ""operators"": ""UNIFORM"", ""population_size"": 20, ""seed"": 4, ""time_budget_ms"": 300000}",ok,FEASIBLE,True,0.0984610401280217,0.0984610401280217,True,92.93993607,21.0,1.0,300009.0,3195391,302.533,,5,468,
stockOrch_146588263_infrastructure_125|random-search#seed4,stockOrch,125,146588263,stockOrch_146588263_infrastructure_125,random-search,4,"{""iterations_count"": 1000, ""seed"": 4, ""time_budget_ms"": 300000}",ok,FEASIBLE,True,0.1047134939447411,0.1047134939447411,True,94.61197794499999,29.0,1.0,300009.0,3058375,302.499,,5,468,
stockOrch_146588263_infrastructure_125|evolutionary-heuristics#seed5,stockOrch,125,146588263,stockOrch_146588263_infrastructure_125,evolutionary-heuristics,5,"{""algorithm"": ""NSGAII"", ""max_evaluations"": 1000, ""operators"": ""UNIFORM"", ""population_size"": 20, ""seed"": 5, ""time_budget_ms"": 300000}",ok,FEASIBLE,True,0.0768764270629621,0.0768764270629621,True,65.81659542,35.295,1.0,299985.0,2972401,302.514,,5,468,
stockOrch_146588263_infrastructure_125|random-search#seed5,stockOrch,125,146588263,stockOrch_146588263_infrastructure_125,random-search,5,"{""iterations_count"": 1000, ""seed"": 5, ""time_budget_ms"": 300000}",ok,FEASIBLE,True,0.0949068203984104,0.0949068203984104,True,77.74569676,44.413,1.0,299985.0,2962229,302.438,,5,468,
stockOrch_146588263_infrastructure_125|evolutionary-heuristics#seed6,stockOrch,125,146588263,stockOrch_146588263_infrastructure_125,evolutionary-heuristics,6,"{""algorithm"": ""NSGAII"", ""max_evaluations"": 1000, ""operators"": ""UNIFORM"", ""population_size"": 20, ""seed"": 6, ""time_budget_ms"": 300000}",ok,FEASIBLE,True,0.10076504707814557,0.10076504707814557,True,92.51072827,26.0,1.0,300009.0,3064995,302.655,,5,468,
stockOrch_146588263_infrastructure_125|random-search#seed6,stockOrch,125,146588263,stockOrch_146588263_infrastructure_125,random-search,6,"{""iterations_count"": 1000, ""seed"": 6, ""time_budget_ms"": 300000}",ok,FEASIBLE,True,0.09723125736352412,0.09723125736352412,True,78.47433724,47.177,1.0,300009.0,3115459,302.513,,5,468,
stockOrch_146588263_infrastructure_125|evolutionary-heuristics#seed7,stockOrch,125,146588263,stockOrch_146588263_infrastructure_125,evolutionary-heuristics,7,"{""algorithm"": ""NSGAII"", ""max_evaluations"": 1000, ""operators"": ""UNIFORM"", ""population_size"": 20, ""seed"": 7, ""time_budget_ms"": 300000}",ok,FEASIBLE,True,0.0768764270629621,0.0768764270629621,True,65.81659542,35.295,1.0,300009.0,3115383,302.572,,5,468,
stockOrch_146588263_infrastructure_125|random-search#seed7,stockOrch,125,146588263,stockOrch_146588263_infrastructure_125,random-search,7,"{""iterations_count"": 1000, ""seed"": 7, ""time_budget_ms"": 300000}",ok,FEASIBLE,True,0.10745005950265223,0.10745005950265223,True,86.56055274,49.742999999999995,1.0,300009.0,3095680,302.412,,5,468,
stockOrch_146588263_infrastructure_125|evolutionary-heuristics#seed8,stockOrch,125,146588263,stockOrch_146588263_infrastructure_125,evolutionary-heuristics,8,"{""algorithm"": ""NSGAII"", ""max_evaluations"": 1000, ""operators"": ""UNIFORM"", ""population_size"": 20, ""seed"": 8, ""time_budget_ms"": 300000}",ok,FEASIBLE,True,0.0984610401280217,0.0984610401280217,True,92.93993607,21.0,1.0,299983.0,3006670,302.446,,5,468,
stockOrch_146588263_infrastructure_125|random-search#seed8,stockOrch,125,146588263,stockOrch_146588263_infrastructure_125,random-search,8,"{""iterations_count"": 1000, ""seed"": 8, ""time_budget_ms"": 300000}",ok,FEASIBLE,True,0.1039068522632915,0.1039068522632915,True,87.72023501999999,41.073,1.0,299982.0,2914223,302.62,,5,468,
stockOrch_146588263_infrastructure_125|evolutionary-heuristics#seed9,stockOrch,125,146588263,stockOrch_146588263_infrastructure_125,evolutionary-heuristics,9,"{""algorithm"": ""NSGAII"", ""max_evaluations"": 1000, ""operators"": ""UNIFORM"", ""population_size"": 20, ""seed"": 9, ""time_budget_ms"": 300000}",ok,FEASIBLE,True,0.0768764270629621,0.0768764270629621,True,65.81659542,35.295,1.0,300009.0,3045978,303.369,,5,468,
stockOrch_146588263_infrastructure_125|random-search#seed9,stockOrch,125,146588263,stockOrch_146588263_infrastructure_125,random-search,9,"{""iterations_count"": 1000, ""seed"": 9, ""time_budget_ms"": 300000}",ok,FEASIBLE,True,0.08742627773309072,0.08742627773309072,True,73.92591833,38.413,1.0,300009.0,3114178,302.475,,5,468,
stockOrch_146588263_infrastructure_125|evolutionary-heuristics#seed10,stockOrch,125,146588263,stockOrch_146588263_infrastructure_125,evolutionary-heuristics,10,"{""algorithm"": ""NSGAII"", ""max_evaluations"": 1000, ""operators"": ""UNIFORM"", ""population_size"": 20, ""seed"": 10, ""time_budget_ms"": 300000}",ok,FEASIBLE,True,0.0768764270629621,0.0768764270629621,True,65.81659542,35.295,1.0,300009.0,3097797,302.443,,5,468,
stockOrch_146588263_infrastructure_125|random-search#seed10,stockOrch,125,146588263,stockOrch_146588263_infrastructure_125,random-search,10,"{""iterations_count"": 1000, ""seed"": 10, ""time_budget_ms"": 300000}",ok,FEASIBLE,True,0.08866598743924754,0.08866598743924754,True,73.02780272999999,42.413,1.0,300002.0,3108271,302.695,,5,468,
stockOrch_146588263_infrastructure_130|evolutionary-heuristics#seed1,stockOrch,130,146588263,stockOrch_146588263_infrastructure_130,evolutionary-heuristics,1,"{""algorithm"": ""NSGAII"", ""max_evaluations"": 1000, ""operators"": ""UNIFORM"", ""population_size"": 20, ""seed"": 1, ""time_budget_ms"": 300000}",ok,FEASIBLE,True,0.08876365799608534,0.08876365799608534,True,90.61369035999999,24.0,1.0,299987.0,3308547,302.902,,5,650,
stockOrch_146588263_infrastructure_130|random-search#seed1,stockOrch,130,146588263,stockOrch_146588263_infrastructure_130,random-search,1,"{""iterations_count"": 1000, ""seed"": 1, ""time_budget_ms"": 300000}",ok,FEASIBLE,True,0.09549787840780805,0.09549787840780805,True,92.76301221,31.0,1.0,299995.0,3396852,302.9,,5,650,
stockOrch_146588263_infrastructure_130|evolutionary-heuristics#seed2,stockOrch,130,146588263,stockOrch_146588263_infrastructure_130,evolutionary-heuristics,2,"{""algorithm"": ""NSGAII"", ""max_evaluations"": 1000, ""operators"": ""UNIFORM"", ""population_size"": 20, ""seed"": 2, ""time_budget_ms"": 300000}",ok,FEASIBLE,True,0.08876365799608534,0.08876365799608534,True,90.61369035999999,24.0,1.0,300009.0,3325257,302.894,,5,650,
stockOrch_146588263_infrastructure_130|random-search#seed2,stockOrch,130,146588263,stockOrch_146588263_infrastructure_130,random-search,2,"{""iterations_count"": 1000, ""seed"": 2, ""time_budget_ms"": 300000}",ok,FEASIBLE,True,0.09764693742868691,0.09764693742868691,True,93.96038351,32.0,1.0,300009.0,3383286,302.996,,5,650,
stockOrch_146588263_infrastructure_130|evolutionary-heuristics#seed3,stockOrch,130,146588263,stockOrch_146588263_infrastructure_130,evolutionary-heuristics,3,"{""algorithm"": ""NSGAII"", ""max_evaluations"": 1000, ""operators"": ""UNIFORM"", ""population_size"": 20, ""seed"": 3, ""time_budget_ms"": 300000}",ok,FEASIBLE,True,0.08876365799608534,0.08876365799608534,True,90.61369035999999,24.0,1.0,300009.0,3327251,302.878,,5,650,
stockOrch_146588263_infrastructure_130|random-search#seed3,stockOrch,130,146588263,stockOrch_146588263_infrastructure_130,random-search,3,"{""iterations_count"": 1000, ""seed"": 3, ""time_budget_ms"": 300000}",ok,FEASIBLE,True,0.10440673720518318,0.10440673720518318,True,94.885325225,42.0,1.0,300009.0,3387759,302.878,,5,650,
stockOrch_146588263_infrastructure_130|evolutionary-heuristics#seed4,stockOrch,130,146588263,stockOrch_146588263_infrastructure_130,evolutionary-heuristics,4,"{""algorithm"": ""NSGAII"", ""max_evaluations"": 1000, ""operators"": ""UNIFORM"", ""population_size"": 20, ""seed"": 4, ""time_budget_ms"": 300000}",ok,FEASIBLE,True,0.08876365799608534,0.08876365799608534,True,90.61369035999999,24.0,1.0,299983.0,3223801,302.935,,5,650,
stockOrch_146588263_infrastructure_130|random-search#seed4,stockOrch,130,146588263,stockOrch_146588263_infrastructure_130,random-search,4,"{""iterations_count"": 1000, ""seed"": 4, ""time_budget_ms"": 300000}",ok,FEASIBLE,True,0.10748970908507026,0.10748970908507026,True,96.57591321000001,43.5,1.0,299984.0,3298594,303.035,,5,650,
stockOrch_146588263_infrastructure_130|evolutionary-heuristics#seed5,stockOrch,130,146588263,stockOrch_146588263_infrastructure_130,evolutionary-heuristics,5,"{""algorithm"": ""NSGAII"", ""max_evaluations"": 1000, ""operators"": ""UNIFORM"", ""population_size"": 20, ""seed"": 5, ""time_budget_ms"": 300000}",ok,FEASIBLE,True,0.08876365799608534,0.08876365799608534,True,90.61369035999999,24.0,1.0,300009.0,3258253,302.965,,5,650,
stockOrch_146588263_infrastructure_130|random-search#seed5,stockOrch,130,146588263,stockOrch_146588263_infrastructure_130,random-search,5,"{""iterations_count"": 1000, ""seed"": 5, ""time_budget_ms"": 300000}",ok,FEASIBLE,True,0.10230545641100898,0.10230545641100898,True,93.30926785,42.0,1.0,300010.0,3340590,303.113,,5,650,
stockOrch_146588263_infrastructure_130|evolutionary-heuristics#seed6,stockOrch,130,146588263,stockOrch_146588263_infrastructure_130,evolutionary-heuristics,6,"{""algorithm"": ""NSGAII"", ""max_evaluations"": 1000, ""operators"": ""UNIFORM"", ""population_size"": 20, ""seed"": 6, ""time_budget_ms"": 300000}",ok,FEASIBLE,True,0.08876365799608534,0.08876365799608534,True,90.61369035999999,24.0,1.0,300009.0,3188983,303.04,,5,650,
stockOrch_146588263_infrastructure_130|random-search#seed6,stockOrch,130,146588263,stockOrch_146588263_infrastructure_130,random-search,6,"{""iterations_count"": 1000, ""seed"": 6, ""time_budget_ms"": 300000}",ok,FEASIBLE,True,0.10118767329386835,0.10118767329386835,True,90.60553027499999,46.5,1.0,300008.0,3088624,303.249,,5,650,
stockOrch_146588263_infrastructure_130|evolutionary-heuristics#seed7,stockOrch,130,146588263,stockOrch_146588263_infrastructure_130,evolutionary-heuristics,7,"{""algorithm"": ""NSGAII"", ""max_evaluations"": 1000, ""operators"": ""UNIFORM"", ""population_size"": 20, ""seed"": 7, ""time_budget_ms"": 300000}",ok,FEASIBLE,True,0.08876365799608534,0.08876365799608534,True,90.61369035999999,24.0,1.0,299906.0,2907531,303.003,,5,650,
stockOrch_146588263_infrastructure_130|random-search#seed7,stockOrch,130,146588263,stockOrch_146588263_infrastructure_130,random-search,7,"{""iterations_count"": 1000, ""seed"": 7, ""time_budget_ms"": 300000}",ok,FEASIBLE,True,0.10169420163682819,0.10169420163682819,True,95.33793029,36.0,1.0,299936.0,2929496,302.994,,5,650,
stockOrch_146588263_infrastructure_130|evolutionary-heuristics#seed8,stockOrch,130,146588263,stockOrch_146588263_infrastructure_130,evolutionary-heuristics,8,"{""algorithm"": ""NSGAII"", ""max_evaluations"": 1000, ""operators"": ""UNIFORM"", ""population_size"": 20, ""seed"": 8, ""time_budget_ms"": 300000}",ok,FEASIBLE,True,0.08876365799608534,0.08876365799608534,True,90.61369035999999,24.0,1.0,300040.0,3149508,303.394,,5,650,
stockOrch_146588263_infrastructure_130|random-search#seed8,stockOrch,130,146588263,stockOrch_146588263_infrastructure_130,random-search,8,"{""iterations_count"": 1000, ""seed"": 8, ""time_budget_ms"": 300000}",ok,FEASIBLE,True,0.1013609554976235,0.1013609554976235,True,97.160590065,31.0,1.0,300009.0,3292765,303.328,,5,650,
stockOrch_146588263_infrastructure_130|evolutionary-heuristics#seed9,stockOrch,130,146588263,stockOrch_146588263_infrastructure_130,evolutionary-heuristics,9,"{""algorithm"": ""NSGAII"", ""max_evaluations"": 1000, ""operators"": ""UNIFORM"", ""population_size"": 20, ""seed"": 9, ""time_budget_ms"": 300000}",ok,FEASIBLE,True,0.08876365799608534,0.08876365799608534,True,90.61369035999999,24.0,1.0,300004.0,3227710,303.06,,5,650,
stockOrch_146588263_infrastructure_130|random-search#seed9,stockOrch,130,146588263,stockOrch_146588263_infrastructure_130,random-search,9,"{""iterations_count"": 1000, ""seed"": 9, ""time_budget_ms"": 300000}",ok,FEASIBLE,True,0.10350883837450076,0.10350883837450076,True,96.28446947500001,37.0,1.0,300004.0,3311647,303.044,,5,650,
stockOrch_146588263_infrastructure_130|evolutionary-heuristics#seed10,stockOrch,130,146588263,stockOrch_146588263_infrastructure_130,evolutionary-heuristics,10,"{""algorithm"": ""NSGAII"", ""max_evaluations"": 1000, ""operators"": ""UNIFORM"", ""population_size"": 20, ""seed"": 10, ""time_budget_ms"": 300000}",ok,FEASIBLE,True,0.08876365799608534,0.08876365799608534,True,90.61369035999999,24.0,1.0,300038.0,3281926,302.886,,5,650,
stockOrch_146588263_infrastructure_130|random-search#seed10,stockOrch,130,146588263,stockOrch_146588263_infrastructure_130,random-search,10,"{""iterations_count"": 1000, ""seed"": 10, ""time_budget_ms"": 300000}",ok,FEASIBLE,True,0.10385962161147602,0.10385962161147602,True,97.37661694999998,35.0,1.0,300043.0,3347027,303.013,,5,650,
stockOrch_146588263_infrastructure_135|evolutionary-heuristics#seed1,stockOrch,135,146588263,stockOrch_146588263_infrastructure_135,evolutionary-heuristics,1,"{""algorithm"": ""NSGAII"", ""max_evaluations"": 1000, ""operators"": ""UNIFORM"", ""population_size"": 20, ""seed"": 1, ""time_budget_ms"": 300000}",ok,FEASIBLE,True,0.0911167358152507,0.0911167358152507,True,67.66605287000002,59.757000000000005,1.0,300012.0,2708814,303.74,,5,766,
stockOrch_146588263_infrastructure_135|random-search#seed1,stockOrch,135,146588263,stockOrch_146588263_infrastructure_135,random-search,1,"{""iterations_count"": 1000, ""seed"": 1, ""time_budget_ms"": 300000}",ok,FEASIBLE,True,0.10472821461420295,0.10472821461420295,True,90.6070589,43.0,1.0,300010.0,2664111,303.705,,5,766,
stockOrch_146588263_infrastructure_135|evolutionary-heuristics#seed2,stockOrch,135,146588263,stockOrch_146588263_infrastructure_135,evolutionary-heuristics,2,"{""algorithm"": ""NSGAII"", ""max_evaluations"": 1000, ""operators"": ""UNIFORM"", ""population_size"": 20, ""seed"": 2, ""time_budget_ms"": 300000}",ok,FEASIBLE,True,0.09500334476936294,0.09500334476936294,True,83.073434575,39.0,1.0,300009.0,2682532,303.691,,5,766,
stockOrch_146588263_infrastructure_135|random-search#seed2,stockOrch,135,146588263,stockOrch_146588263_infrastructure_135,random-search,2,"{""iterations_count"": 1000, ""seed"": 2, ""time_budget_ms"": 300000}",ok,FEASIBLE,True,0.11244678119479415,0.11244678119479415,True,99.455935255,41.0,1.0,300009.0,2619679,303.625,,5,766,
stockOrch_146588263_infrastructure_135|evolutionary-heuristics#seed3,stockOrch,135,146588263,stockOrch_146588263_infrastructure_135,evolutionary-heuristics,3,"{""algorithm"": ""NSGAII"", ""max_evaluations"": 1000, ""operators"": ""UNIFORM"", ""population_size"": 20, ""seed"": 3, ""time_budget_ms"": 300000}",ok,FEASIBLE,True,0.0911167358152507,0.0911167358152507,True,67.66605287000002,59.757000000000005,1.0,300011.0,2681988,304.04,,5,766,
stockOrch_146588263_infrastructure_135|random-search#seed3,stockOrch,135,146588263,stockOrch_146588263_infrastructure_135,random-search,3,"{""iterations_count"": 1000, ""seed"": 3, ""time_budget_ms"": 300000}",ok,FEASIBLE,True,0.1026178022178043,0.1026178022178043,True,88.76808513499999,42.5,1.0,300011.0,2630138,303.8,,5,766,
stockOrch_146588263_infrastructure_135|evolutionary-heuristics#seed4,stockOrch,135,146588263,stockOrch_146588263_infrastructure_135,evolutionary-heuristics,4,"{""algorithm"": ""NSGAII"", ""max_evaluations"": 1000, ""operators"": ""UNIFORM"", ""population_size"": 20, ""seed"": 4, ""time_budget_ms"": 300000}",ok,FEASIBLE,True,0.0911167358152507,0.0911167358152507,True,67.66605287000002,59.757000000000005,1.0,300010.0,2739215,303.685,,5,766,
stockOrch_146588263_infrastructure_135|random-search#seed4,stockOrch,135,146588263,stockOrch_146588263_infrastructure_135,random-search,4,"{""iterations_count"": 1000, ""seed"": 4, ""time_budget_ms"": 300000}",ok,FEASIBLE,True,0.10738292488983987,0.10738292488983987,True,94.93263189499999,40.0,1.0,300010.0,2652120,303.792,,5,766,
stockOrch_146588263_infrastructure_135|evolutionary-heuristics#seed5,stockOrch,135,146588263,stockOrch_146588263_infrastructure_135,evolutionary-heuristics,5,"{""algorithm"": ""NSGAII"", ""max_evaluations"": 1000, ""operators"": ""UNIFORM"", ""population_size"": 20, ""seed"": 5, ""time_budget_ms"": 300000}",ok,FEASIBLE,True,0.0911167358152507,0.0911167358152507,True,67.66605287000002,59.757000000000005,1.0,300009.0,2704287,303.663,,5,766,
stockOrch_146588263_infrastructure_135|random-search#seed5,stockOrch,135,146588263,stockOrch_146588263_infrastructure_135,random-search,5,"{""iterations_count"": 1000, ""seed"": 5, ""time_budget_ms"": 300000}",ok,FEASIBLE,True,0.10703881105864968,0.10703881105864968,True,95.41934102500001,38.5,1.0,300009.0,2651891,303.795,,5,766,
stockOrch_146588263_infrastructure_135|evolutionary-heuristics#seed6,stockOrch,135,146588263,stockOrch_146588263_infrastructure_135,evolutionary-heuristics,6,"{""algorithm"": ""NSGAII"", ""max_evaluations"": 1000, ""operators"": ""UNIFORM"", ""population_size"": 20, ""seed"": 6, ""time_budget_ms"": 300000}",ok,FEASIBLE,True,0.0911167358152507,0.0911167358152507,True,67.66605287000002,59.757000000000005,1.0,299995.0,2653744,303.877,,5,766,
stockOrch_146588263_infrastructure_135|random-search#seed6,stockOrch,135,146588263,stockOrch_146588263_infrastructure_135,random-search,6,"{""iterations_count"": 1000, ""seed"": 6, ""time_budget_ms"": 300000}",ok,FEASIBLE,True,0.10208195058471436,0.10208195058471436,True,92.66687192500001,34.5,1.0,299994.0,2598318,303.572,,5,766,
stockOrch_146588263_infrastructure_135|evolutionary-heuristics#seed7,stockOrch,135,146588263,stockOrch_146588263_infrastructure_135,evolutionary-heuristics,7,"{""algorithm"": ""NSGAII"", ""max_evaluations"": 1000, ""operators"": ""UNIFORM"", ""population_size"": 20, ""seed"": 7, ""time_budget_ms"": 300000}",ok,FEASIBLE,True,0.0911167358152507,0.0911167358152507,True,67.66605287000002,59.757000000000005,1.0,300008.0,2712597,303.877,,5,766,
stockOrch_146588263_infrastructure_135|random-search#seed7,stockOrch,135,146588263,stockOrch_146588263_infrastructure_135,random-search,7,"{""iterations_count"": 1000, ""seed"": 7, ""time_budget_ms"": 300000}",ok,FEASIBLE,True,0.10085586668474802,0.10085586668474802,True,86.72403453999999,43.0,1.0,300010.0,2672994,303.671,,5,766,
stockOrch_146588263_infrastructure_135|evolutionary-heuristics#seed8,stockOrch,135,146588263,stockOrch_146588263_infrastructure_135,evolutionary-heuristics,8,"{""algorithm"": ""NSGAII"", ""max_evaluations"": 1000, ""operators"": ""UNIFORM"", ""population_size"": 20, ""seed"": 8, ""time_budget_ms"": 300000}",ok,FEASIBLE,True,0.0911167358152507,0.0911167358152507,True,67.66605287000002,59.757000000000005,1.0,300009.0,2691297,303.512,,5,766,
stockOrch_146588263_infrastructure_135|random-search#seed8,stockOrch,135,146588263,stockOrch_146588263_infrastructure_135,random-search,8,"{""iterations_count"": 1000, ""seed"": 8, ""time_budget_ms"": 300000}",ok,FEASIBLE,True,0.10227916040107722,0.10227916040107722,True,87.596737935,44.0,1.0,300009.0,2650381,303.693,,5,766,
stockOrch_146588263_infrastructure_135|evolutionary-heuristics#seed9,stockOrch,135,146588263,stockOrch_146588263_infrastructure_135,evolutionary-heuristics,9,"{""algorithm"": ""NSGAII"", ""max_evaluations"": 1000, ""operators"": ""UNIFORM"", ""population_size"": 20, ""seed"": 9, ""time_budget_ms"": 300000}",ok,FEASIBLE,True,0.0911167358152507,0.0911167358152507,True,67.66605287000002,59.757000000000005,1.0,299996.0,2665516,303.778,,5,766,
stockOrch_146588263_infrastructure_135|random-search#seed9,stockOrch,135,146588263,stockOrch_146588263_infrastructure_135,random-search,9,"{""iterations_count"": 1000, ""seed"": 9, ""time_budget_ms"": 300000}",ok,FEASIBLE,True,0.11255985977443518,0.11255985977443518,True,102.06464075000001,36.5,1.0,299997.0,2592007,303.625,,5,766,
stockOrch_146588263_infrastructure_135|evolutionary-heuristics#seed10,stockOrch,135,146588263,stockOrch_146588263_infrastructure_135,evolutionary-heuristics,10,"{""algorithm"": ""NSGAII"", ""max_evaluations"": 1000, ""operators"": ""UNIFORM"", ""population_size"": 20, ""seed"": 10, ""time_budget_ms"": 300000}",ok,FEASIBLE,True,0.0911167358152507,0.0911167358152507,True,67.66605287000002,59.757000000000005,1.0,300009.0,2660381,304.55,,5,766,
stockOrch_146588263_infrastructure_135|random-search#seed10,stockOrch,135,146588263,stockOrch_146588263_infrastructure_135,random-search,10,"{""iterations_count"": 1000, ""seed"": 10, ""time_budget_ms"": 300000}",ok,FEASIBLE,True,0.09821507720706388,0.09821507720706388,True,87.957565495,36.0,1.0,299992.0,2600734,303.688,,5,766,
stockOrch_146588263_infrastructure_140|evolutionary-heuristics#seed1,stockOrch,140,146588263,stockOrch_146588263_infrastructure_140,evolutionary-heuristics,1,"{""algorithm"": ""NSGAII"", ""max_evaluations"": 1000, ""operators"": ""UNIFORM"", ""population_size"": 20, ""seed"": 1, ""time_budget_ms"": 300000}",ok,FEASIBLE,True,0.07532434937492488,0.07532434937492488,True,62.30762323999999,42.793,1.0,299992.0,2673293,303.889,,5,799,
stockOrch_146588263_infrastructure_140|random-search#seed1,stockOrch,140,146588263,stockOrch_146588263_infrastructure_140,random-search,1,"{""iterations_count"": 1000, ""seed"": 1, ""time_budget_ms"": 300000}",ok,FEASIBLE,True,0.09773559729643037,0.09773559729643037,True,82.44994918500001,45.0,1.0,300009.0,2660837,303.836,,5,799,
stockOrch_146588263_infrastructure_140|evolutionary-heuristics#seed2,stockOrch,140,146588263,stockOrch_146588263_infrastructure_140,evolutionary-heuristics,2,"{""algorithm"": ""NSGAII"", ""max_evaluations"": 1000, ""operators"": ""UNIFORM"", ""population_size"": 20, ""seed"": 2, ""time_budget_ms"": 300000}",ok,FEASIBLE,True,0.07532434937492488,0.07532434937492488,True,62.30762323999999,42.793,1.0,299972.0,2718470,303.822,,5,799,
stockOrch_146588263_infrastructure_140|random-search#seed2,stockOrch,140,146588263,stockOrch_146588263_infrastructure_140,random-search,2,"{""iterations_count"": 1000, ""seed"": 2, ""time_budget_ms"": 300000}",ok,FEASIBLE,True,0.10143618469321043,0.10143618469321043,True,80.92307352,54.6335,1.0,299971.0,2663257,303.717,,5,799,
stockOrch_146588263_infrastructure_140|evolutionary-heuristics#seed3,stockOrch,140,146588263,stockOrch_146588263_infrastructure_140,evolutionary-heuristics,3,"{""algorithm"": ""NSGAII"", ""max_evaluations"": 1000, ""operators"": ""UNIFORM"", ""population_size"": 20, ""seed"": 3, ""time_budget_ms"": 300000}",ok,FEASIBLE,True,0.07532434937492488,0.07532434937492488,True,62.30762323999999,42.793,1.0,300005.0,2653870,304.007,,5,799,
stockOrch_146588263_infrastructure_140|random-search#seed3,stockOrch,140,146588263,stockOrch_146588263_infrastructure_140,random-search,3,"{""iterations_count"": 1000, ""seed"": 3, ""time_budget_ms"": 300000}",ok,FEASIBLE,True,0.09714457299218593,0.09714457299218593,True,83.45893516999999,42.0,1.0,300006.0,2635711,303.878,,5,799,
stockOrch_146588263_infrastructure_140|evolutionary-heuristics#seed4,stockOrch,140,146588263,stockOrch_146588263_infrastructure_140,evolutionary-heuristics,4,"{""algorithm"": ""NSGAII"", ""max_evaluations"": 1000, ""operators"": ""UNIFORM"", ""population_size"": 20, ""seed"": 4, ""time_budget_ms"": 300000}",ok,FEASIBLE,True,0.07532434937492488,0.07532434937492488,True,62.30762323999999,42.793,1.0,300006.0,2667403,304.417,,5,799,
stockOrch_146588263_infrastructure_140|random-search#seed4,stockOrch,140,146588263,stockOrch_146588263_infrastructure_140,random-search,4,"{""iterations_count"": 1000, ""seed"": 4, ""time_budget_ms"": 300000}",ok,FEASIBLE,True,0.08384052521577595,0.08384052521577595,True,69.20647812,45.074,1.0,300007.0,2616881,303.911,,5,799,
stockOrch_146588263_infrastructure_140|evolutionary-heuristics#seed5,stockOrch,140,146588263,stockOrch_146588263_infrastructure_140,evolutionary-heuristics,5,"{""algorithm"": ""NSGAII"", ""max_evaluations"": 1000, ""operators"": ""UNIFORM"", ""population_size"": 20, ""seed"": 5, ""time_budget_ms"": 300000}",ok,FEASIBLE,True,0.07532434937492488,0.07532434937492488,True,62.30762323999999,42.793,1.0,299972.0,2670383,303.949,,5,799,
stockOrch_146588263_infrastructure_140|random-search#seed5,stockOrch,140,146588263,stockOrch_146588263_infrastructure_140,random-search,5,"{""iterations_count"": 1000, ""seed"": 5, ""time_budget_ms"": 300000}",ok,FEASIBLE,True,0.09612003745121063,0.09612003745121063,True,83.53239901,40.0,1.0,299972.0,2611135,303.849,,5,799,
stockOrch_146588263_infrastructure_140|evolutionary-heuristics#seed6,stockOrch,140,146588263,stockOrch_146588263_infrastructure_140,evolutionary-heuristics,6,"{""algorithm"": ""NSGAII"", ""max_evaluations"": 1000, ""operators"": ""UNIFORM"", ""population_size"": 20, ""seed"": 6, ""time_budget_ms"": 300000}",ok,FEASIBLE,True,0.07532434937492488,0.07532434937492488,True,62.30762323999999,42.793,1.0,300006.0,2630199,303.722,,5,799,
stockOrch_146588263_infrastructure_140|random-search#seed6,stockOrch,140,146588263,stockOrch_146588263_infrastructure_140,random-search,6,"{""iterations_count"": 1000, ""seed"": 6, ""time_budget_ms"": 300000}",ok,FEASIBLE,True,0.09415880162917353,0.09415880162917353,True,83.23924918,37.0,1.0,300006.0,2643022,303.833,,5,799,
stockOrch_146588263_infrastructure_140|evolutionary-heuristics#seed7,stockOrch,140,146588263,stockOrch_146588263_infrastructure_140,evolutionary-heuristics,7,"{""algorithm"": ""NSGAII"", ""max_evaluations"": 1000, ""operators"": ""UNIFORM"", ""population_size"": 20, ""seed"": 7, ""time_budget_ms"": 300000}",ok,FEASIBLE,True,0.07532434937492488,0.07532434937492488,True,62.30762323999999,42.793,1.0,300006.0,2639932,303.654,,5,799,
stockOrch_146588263_infrastructure_140|random-search#seed7,stockOrch,140,146588263,stockOrch_146588263_infrastructure_140,random-search,7,"{""iterations_count"": 1000, ""seed"": 7, ""time_budget_ms"": 300000}",ok,FEASIBLE,True,0.09503514511052577,0.09503514511052577,True,82.23963252499999,40.5,1.0,300007.0,2595509,303.819,,5,799,
stockOrch_146588263_infrastructure_140|evolutionary-heuristics#seed8,stockOrch,140,146588263,stockOrch_146588263_infrastructure_140,evolutionary-heuristics,8,"{""algorithm"": ""NSGAII"", ""max_evaluations"": 1000, ""operators"": ""UNIFORM"", ""population_size"": 20, ""seed"": 8, ""time_budget_ms"": 300000}",ok,FEASIBLE,True,0.07532434937492488,0.07532434937492488,True,62.30762323999999,42.793,1.0,299951.0,2596833,304.095,,5,799,
stockOrch_146588263_infrastructure_140|random-search#seed8,stockOrch,140,146588263,stockOrch_146588263_infrastructure_140,random-search,8,"{""iterations_count"": 1000, ""seed"": 8, ""time_budget_ms"": 300000}",ok,FEASIBLE,True,0.09177523134768517,0.09177523134768517,True,81.235875365,36.5,1.0,299949.0,2562896,304.628,,5,799,
stockOrch_146588263_infrastructure_140|evolutionary-heuristics#seed9,stockOrch,140,146588263,stockOrch_146588263_infrastructure_140,evolutionary-heuristics,9,"{""algorithm"": ""NSGAII"", ""max_evaluations"": 1000, ""operators"": ""UNIFORM"", ""population_size"": 20, ""seed"": 9, ""time_budget_ms"": 300000}",ok,FEASIBLE,True,0.07532434937492488,0.07532434937492488,True,62.30762323999999,42.793,1.0,300003.0,2637316,304.307,,5,799,
stockOrch_146588263_infrastructure_140|random-search#seed9,stockOrch,140,146588263,stockOrch_146588263_infrastructure_140,random-search,9,"{""iterations_count"": 1000, ""seed"": 9, ""time_budget_ms"": 300000}",ok,FEASIBLE,True,0.09947183301403759,0.09947183301403759,True,87.24121746,39.0,1.0,300004.0,2592539,303.927,,5,799,
stockOrch_146588263_infrastructure_140|evolutionary-heuristics#seed10,stockOrch,140,146588263,stockOrch_146588263_infrastructure_140,evolutionary-heuristics,10,"{""algorithm"": ""NSGAII"", ""max_evaluations"": 1000, ""operators"": ""UNIFORM"", ""population_size"": 20, ""seed"": 10, ""time_budget_ms"": 300000}",ok,FEASIBLE,True,0.07532434937492488,0.07532434937492488,True,62.30762323999999,42.793,1.0,300002.0,2368899,303.888,,5,799,
stockOrch_146588263_infrastructure_140|random-search#seed10,stockOrch,140,146588263,stockOrch_146588263_infrastructure_140,random-search,10,"{""iterations_count"": 1000, ""seed"": 10, ""time_budget_ms"": 300000}",ok,FEASIBLE,True,0.09396064614288951,0.09396064614288951,True,83.31271301999999,36.5,1.0,300004.0,1927371,304.266,,5,799,
stockOrch_146588263_infrastructure_145|evolutionary-heuristics#seed1,stockOrch,145,146588263,stockOrch_146588263_infrastructure_145,evolutionary-heuristics,1,"{""algorithm"": ""NSGAII"", ""max_evaluations"": 1000, ""operators"": ""UNIFORM"", ""population_size"": 20, ""seed"": 1, ""time_budget_ms"": 300000}",ok,FEASIBLE,True,0.07848829672879981,0.07848829672879981,True,81.3616246,32.0,1.0,300002.0,2034837,309.145,,5,698,
stockOrch_146588263_infrastructure_145|random-search#seed1,stockOrch,145,146588263,stockOrch_146588263_infrastructure_145,random-search,1,"{""iterations_count"": 1000, ""seed"": 1, ""time_budget_ms"": 300000}",ok,FEASIBLE,True,0.08970218619374609,0.08970218619374609,True,91.65361924499999,32.0,1.0,300002.0,1925914,305.135,,5,698,
stockOrch_146588263_infrastructure_145|evolutionary-heuristics#seed2,stockOrch,145,146588263,stockOrch_146588263_infrastructure_145,evolutionary-heuristics,2,"{""algorithm"": ""NSGAII"", ""max_evaluations"": 1000, ""operators"": ""UNIFORM"", ""population_size"": 20, ""seed"": 2, ""time_budget_ms"": 300000}",ok,FEASIBLE,True,0.07848829672879981,0.07848829672879981,True,81.3616246,32.0,1.0,300006.0,2175361,307.003,,5,698,
stockOrch_146588263_infrastructure_145|random-search#seed2,stockOrch,145,146588263,stockOrch_146588263_infrastructure_145,random-search,2,"{""iterations_count"": 1000, ""seed"": 2, ""time_budget_ms"": 300000}",ok,FEASIBLE,True,0.0898156355047078,0.0898156355047078,True,87.18119675,41.0,1.0,300005.0,2026134,304.658,,5,698,
stockOrch_146588263_infrastructure_145|evolutionary-heuristics#seed3,stockOrch,145,146588263,stockOrch_146588263_infrastructure_145,evolutionary-heuristics,3,"{""algorithm"": ""NSGAII"", ""max_evaluations"": 1000, ""operators"": ""UNIFORM"", ""population_size"": 20, ""seed"": 3, ""time_budget_ms"": 300000}",ok,FEASIBLE,True,0.0775049903604272,0.07750499036042723,True,82.49317599,28.0,1.0,300006.0,1718473,306.072,,5,698,
stockOrch_146588263_infrastructure_145|random-search#seed3,stockOrch,145,146588263,stockOrch_146588263_infrastructure_145,random-search,3,"{""iterations_count"": 1000, ""seed"": 3, ""time_budget_ms"": 300000}",ok,FEASIBLE,True,0.08815068043100423,0.08815068043100423,True,86.67012780499999,39.0,1.0,299979.0,1957241,311.548,,5,698,
stockOrch_146588263_infrastructure_145|evolutionary-heuristics#seed4,stockOrch,145,146588263,stockOrch_146588263_infrastructure_145,evolutionary-heuristics,4,"{""algorithm"": ""NSGAII"", ""max_evaluations"": 1000, ""operators"": ""UNIFORM"", ""population_size"": 20, ""seed"": 4, ""time_budget_ms"": 300000}",ok,FEASIBLE,True,0.07848829672879981,0.07848829672879981,True,81.3616246,32.0,1.0,300051.0,1810687,306.051,,5,698,
stockOrch_146588263_infrastructure_145|random-search#seed4,stockOrch,145,146588263,stockOrch_146588263_infrastructure_145,random-search,4,"{""iterations_count"": 1000, ""seed"": 4, ""time_budget_ms"": 300000}",ok,FEASIBLE,True,0.09869712065338698,0.09869712065338698,True,97.87505931,36.0,1.0,300078.0,1684874,308.575,,5,698,
stockOrch_146588263_infrastructure_145|evolutionary-heuristics#seed5,stockOrch,145,146588263,stockOrch_146588263_infrastructure_145,evolutionary-heuristics,5,"{""algorithm"": ""NSGAII"", ""max_evaluations"": 1000, ""operators"": ""UNIFORM"", ""population_size"": 20, ""seed"": 5, ""time_budget_ms"": 300000}",ok,FEASIBLE,True,0.0775049903604272,0.07750499036042723,True,82.49317599,28.0,1.0,300009.0,2026986,310.749,,5,698,
stockOrch_146588263_infrastructure_145|random-search#seed5,stockOrch,145,146588263,stockOrch_146588263_infrastructure_145,random-search,5,"{""iterations_count"": 1000, ""seed"": 5, ""time_budget_ms"": 300000}",ok,FEASIBLE,True,0.09021807183323576,0.09021807183323576,True,94.92387146,26.5,1.0,300009.0,1980284,305.298,,5,698,
stockOrch_146588263_infrastructure_145|evolutionary-heuristics#seed6,stockOrch,145,146588263,stockOrch_146588263_infrastructure_145,evolutionary-heuristics,6,"{""algorithm"": ""NSGAII"", ""max_evaluations"": 1000, ""operators"": ""UNIFORM"", ""population_size"": 20, ""seed"": 6, ""time_budget_ms"": 300000}",ok,FEASIBLE,True,0.07848829672879981,0.07848829672879981,True,81.3616246,32.0,1.0,300009.0,2309565,305.194,,5,698,
stockOrch_146588263_infrastructure_145|random-search#seed6,stockOrch,145,146588263,stockOrch_146588263_infrastructure_145,random-search,6,"{""iterations_count"": 1000, ""seed"": 6, ""time_budget_ms"": 300000}",ok,FEASIBLE,True,0.0969951426848565,0.0969951426848565,True,94.27898104,40.0,1.0,299976.0,2539973,304.163,,5,698,
stockOrch_146588263_infrastructure_145|evolutionary-heuristics#seed7,stockOrch,145,146588263,stockOrch_146588263_infrastructure_145,evolutionary-heuristics,7,"{""algorithm"": ""NSGAII"", ""max_evaluations"": 1000, ""operators"": ""UNIFORM"", ""population_size"": 20, ""seed"": 7, ""time_budget_ms"": 300000}",ok,FEASIBLE,True,0.07848829672879981,0.07848829672879981,True,81.3616246,32.0,1.0,299961.0,2618930,303.613,,5,698,
stockOrch_146588263_infrastructure_145|random-search#seed7,stockOrch,145,146588263,stockOrch_146588263_infrastructure_145,random-search,7,"{""iterations_count"": 1000, ""seed"": 7, ""time_budget_ms"": 300000}",ok,FEASIBLE,True,0.09192770389283554,0.09192770389283554,True,93.441924435,32.5,1.0,299991.0,2350343,303.807,,5,698,
stockOrch_146588263_infrastructure_145|evolutionary-heuristics#seed8,stockOrch,145,146588263,stockOrch_146588263_infrastructure_145,evolutionary-heuristics,8,"{""algorithm"": ""NSGAII"", ""max_evaluations"": 1000, ""operators"": ""UNIFORM"", ""population_size"": 20, ""seed"": 8, ""time_budget_ms"": 300000}",ok,FEASIBLE,True,0.0775049903604272,0.07750499036042723,True,82.49317599,28.0,1.0,300001.0,2117069,303.815,,5,698,
stockOrch_146588263_infrastructure_145|random-search#seed8,stockOrch,145,146588263,stockOrch_146588263_infrastructure_145,random-search,8,"{""iterations_count"": 1000, ""seed"": 8, ""time_budget_ms"": 300000}",ok,FEASIBLE,True,0.09333106151226422,0.09333106151226422,True,93.712901875,34.5,1.0,300008.0,2313058,304.871,,5,698,
stockOrch_146588263_infrastructure_145|evolutionary-heuristics#seed9,stockOrch,145,146588263,stockOrch_146588263_infrastructure_145,evolutionary-heuristics,9,"{""algorithm"": ""NSGAII"", ""max_evaluations"": 1000, ""operators"": ""UNIFORM"", ""population_size"": 20, ""seed"": 9, ""time_budget_ms"": 300000}",ok,FEASIBLE,True,0.07848829672879981,0.07848829672879981,True,81.3616246,32.0,1.0,300008.0,2455888,304.18,,5,698,
stockOrch_146588263_infrastructure_145|random-search#seed9,stockOrch,145,146588263,stockOrch_146588263_infrastructure_145,random-search,9,"{""iterations_count"": 1000, ""seed"": 9, ""time_budget_ms"": 300000}",ok,FEASIBLE,True,0.09062911823835923,0.09062911823835923,True,89.961823055,37.0,1.0,299982.0,2573109,304.068,,5,698,
stockOrch_146588263_infrastructure_145|evolutionary-heuristics#seed10,stockOrch,145,146588263,stockOrch_146588263_infrastructure_145,evolutionary-heuristics,10,"{""algorithm"": ""NSGAII"", ""max_evaluations"": 1000, ""operators"": ""UNIFORM"", ""population_size"": 20, ""seed"": 10, ""time_budget_ms"": 300000}",ok,FEASIBLE,True,0.07848829672879981,0.07848829672879981,True,81.3616246,32.0,1.0,299910.0,2584021,303.815,,5,698,
stockOrch_146588263_infrastructure_145|random-search#seed10,stockOrch,145,146588263,stockOrch_146588263_infrastructure_145,random-search,10,"{""iterations_count"": 1000, ""seed"": 10, ""time_budget_ms"": 300000}",ok,FEASIBLE,True,0.09447833182035682,0.09447833182035682,True,94.511602485,35.0,1.0,299931.0,2605058,303.726,,5,698,
stockOrch_146588263_infrastructure_150|evolutionary-heuristics#seed1,stockOrch,150,146588263,stockOrch_146588263_infrastructure_150,evolutionary-heuristics,1,"{""algorithm"": ""NSGAII"", ""max_evaluations"": 1000, ""operators"": ""UNIFORM"", ""population_size"": 20, ""seed"": 1, ""time_budget_ms"": 300000}",ok,FEASIBLE,True,0.07966072420906013,0.07966072420906013,True,58.559491900000005,45.793,1.0,300000.0,2558793,304.301,,5,714,
stockOrch_146588263_infrastructure_150|random-search#seed1,stockOrch,150,146588263,stockOrch_146588263_infrastructure_150,random-search,1,"{""iterations_count"": 1000, ""seed"": 1, ""time_budget_ms"": 300000}",ok,FEASIBLE,True,0.11688022549525554,0.11688022549525554,True,92.719287405,39.5,1.0,300000.0,2239231,303.909,,5,714,
stockOrch_146588263_infrastructure_150|evolutionary-heuristics#seed2,stockOrch,150,146588263,stockOrch_146588263_infrastructure_150,evolutionary-heuristics,2,"{""algorithm"": ""NSGAII"", ""max_evaluations"": 1000, ""operators"": ""UNIFORM"", ""population_size"": 20, ""seed"": 2, ""time_budget_ms"": 300000}",ok,FEASIBLE,True,0.07966072420906013,0.07966072420906013,True,58.559491900000005,45.793,1.0,300001.0,2369429,304.222,,5,714,
stockOrch_146588263_infrastructure_150|random-search#seed2,stockOrch,150,146588263,stockOrch_146588263_infrastructure_150,random-search,2,"{""iterations_count"": 1000, ""seed"": 2, ""time_budget_ms"": 300000}",ok,FEASIBLE,True,0.11702291814048704,0.11702291814048704,True,94.240337985,36.5,1.0,300001.0,2151095,304.015,,5,714,
stockOrch_146588263_infrastructure_150|evolutionary-heuristics#seed3,stockOrch,150,146588263,stockOrch_146588263_infrastructure_150,evolutionary-heuristics,3,"{""algorithm"": ""NSGAII"", ""max_evaluations"": 1000, ""operators"": ""UNIFORM"", ""population_size"": 20, ""seed"": 3, ""time_budget_ms"": 300000}",ok,FEASIBLE,True,0.07966072420906013,0.07966072420906013,True,58.559491900000005,45.793,1.0,300118.0,2075504,304.779,,5,714,
stockOrch_146588263_infrastructure_150|random-search#seed3,stockOrch,150,146588263,stockOrch_146588263_infrastructure_150,random-search,3,"{""iterations_count"": 1000, ""seed"": 3, ""time_budget_ms"": 300000}",ok,FEASIBLE,True,0.10748587189736608,0.10748587189736608,True,78.91937481,52.173,1.0,300123.0,2131428,304.935,,5,714,
stockOrch_146588263_infrastructure_150|evolutionary-heuristics#seed4,stockOrch,150,146588263,stockOrch_146588263_infrastructure_150,evolutionary-heuristics,4,"{""algorithm"": ""NSGAII"", ""max_evaluations"": 1000, ""operators"": ""UNIFORM"", ""population_size"": 20, ""seed"": 4, ""time_budget_ms"": 300000}",ok,FEASIBLE,True,0.07966072420906013,0.07966072420906013,True,58.559491900000005,45.793,1.0,300010.0,2340218,305.461,,5,714,
stockOrch_146588263_infrastructure_150|random-search#seed4,stockOrch,150,146588263,stockOrch_146588263_infrastructure_150,random-search,4,"{""iterations_count"": 1000, ""seed"": 4, ""time_budget_ms"": 300000}",ok,FEASIBLE,True,0.11305087626306758,0.11305087626306758,True,86.93802177500001,45.0,1.0,300010.0,2282654,306.461,,5,714,
stockOrch_146588263_infrastructure_150|evolutionary-heuristics#seed5,stockOrch,150,146588263,stockOrch_146588263_infrastructure_150,evolutionary-heuristics,5,"{""algorithm"": ""NSGAII"", ""max_evaluations"": 1000, ""operators"": ""UNIFORM"", ""population_size"": 20, ""seed"": 5, ""time_budget_ms"": 300000}",ok,FEASIBLE,True,0.07966072420906013,0.07966072420906013,True,58.559491900000005,45.793,1.0,300009.0,2543069,304.043,,5,714,
stockOrch_146588263_infrastructure_150|random-search#seed5,stockOrch,150,146588263,stockOrch_146588263_infrastructure_150,random-search,5,"{""iterations_count"": 1000, ""seed"": 5, ""time_budget_ms"": 300000}",ok,FEASIBLE,True,0.10853556730125184,0.10853556730125184,True,84.785438255,41.5,1.0,300010.0,2505071,305.284,,5,714,
stockOrch_146588263_infrastructure_150|evolutionary-heuristics#seed6,stockOrch,150,146588263,stockOrch_146588263_infrastructure_150,evolutionary-heuristics,6,"{""algorithm"": ""NSGAII"", ""max_evaluations"": 1000, ""operators"": ""UNIFORM"", ""population_size"": 20, ""seed"": 6, ""time_budget_ms"": 300000}",ok,FEASIBLE,True,0.07966072420906013,0.07966072420906013,True,58.559491900000005,45.793,1.0,299983.0,2599078,304.198,,5,714,
stockOrch_146588263_infrastructure_150|random-search#seed6,stockOrch,150,146588263,stockOrch_146588263_infrastructure_150,random-search,6,"{""iterations_count"": 1000, ""seed"": 6, ""time_budget_ms"": 300000}",ok,FEASIBLE,True,0.11315155552637664,0.11315155552637664,True,85.44734639,48.372,1.0,299982.0,2446170,305.216,,5,714,
stockOrch_146588263_infrastructure_150|evolutionary-heuristics#seed7,stockOrch,150,146588263,stockOrch_146588263_infrastructure_150,evolutionary-heuristics,7,"{""algorithm"": ""NSGAII"", ""max_evaluations"": 1000, ""operators"": ""UNIFORM"", ""population_size"": 20, ""seed"": 7, ""time_budget_ms"": 300000}",ok,FEASIBLE,True,0.07966072420906013,0.07966072420906013,True,58.559491900000005,45.793,1.0,300007.0,2567150,304.142,,5,714,
stockOrch_146588263_infrastructure_150|random-search#seed7,stockOrch,150,146588263,stockOrch_146588263_infrastructure_150,random-search,7,"{""iterations_count"": 1000, ""seed"": 7, ""time_budget_ms"": 300000}",ok,FEASIBLE,True,0.1135096907549969,0.1135096907549969,True,88.72423957000001,42.0,1.0,299988.0,2240641,307.67,,5,714,
stockOrch_146588263_infrastructure_150|evolutionary-heuristics#seed8,stockOrch,150,146588263,stockOrch_146588263_infrastructure_150,evolutionary-heuristics,8,"{""algorithm"": ""NSGAII"", ""max_evaluations"": 1000, ""operators"": ""UNIFORM"", ""population_size"": 20, ""seed"": 8, ""time_budget_ms"": 300000}",ok,FEASIBLE,True,0.07966072420906013,0.07966072420906013,True,58.559491900000005,45.793,1.0,300002.0,2392439,309.689,,5,714,
stockOrch_146588263_infrastructure_150|random-search#seed8,stockOrch,150,146588263,stockOrch_146588263_infrastructure_150,random-search,8,"{""iterations_count"": 1000, ""seed"": 8, ""time_budget_ms"": 300000}",ok,FEASIBLE,True,0.12006840254777124,0.12006840254777124,True,96.09425182,38.0,1.0,300037.0,1490003,308.811,,5,714,
stockOrch_146588263_infrastructure_150|evolutionary-heuristics#seed9,stockOrch,150,146588263,stockOrch_146588263_infrastructure_150,evolutionary-heuristics,9,"{""algorithm"": ""NSGAII"", ""max_evaluations"": 1000, ""operators"": ""UNIFORM"", ""population_size"": 20, ""seed"": 9, ""time_budget_ms"": 300000}",ok,FEASIBLE,True,0.07966072420906013,0.07966072420906013,True,58.559491900000005,45.793,1.0,300007.0,1558981,315.438,,5,714,
stockOrch_146588263_infrastructure_150|random-search#seed9,stockOrch,150,146588263,stockOrch_146588263_infrastructure_150,random-search,9,"{""iterations_count"": 1000, ""seed"": 9, ""time_budget_ms"": 300000}",ok,FEASIBLE,True,0.11532910132614402,0.11532910132614402,True,93.05310156499999,36.0,1.0,300020.0,2311911,313.972,,5,714,
stockOrch_146588263_infrastructure_150|evolutionary-heuristics#seed10,stockOrch,150,146588263,stockOrch_146588263_infrastructure_150,evolutionary-heuristics,10,"{""algorithm"": ""NSGAII"", ""max_evaluations"": 1000, ""operators"": ""UNIFORM"", ""population_size"": 20, ""seed"": 10, ""time_budget_ms"": 300000}",ok,FEASIBLE,True,0.07966072420906013,0.07966072420906013,True,58.559491900000005,45.793,1.0,300015.0,2461564,313.859,,5,714,
stockOrch_146588263_infrastructure_150|random-search#seed10,stockOrch,150,146588263,stockOrch_146588263_infrastructure_150,random-search,10,"{""iterations_count"": 1000, ""seed"": 10, ""time_budget_ms"": 300000}",ok,FEASIBLE,True,0.1115222457478828,0.1115222457478828,True,87.05714423,42.0,1.0,299969.0,2661962,303.76,,5,714,
stockOrch_146588263_infrastructure_155|evolutionary-heuristics#seed1,stockOrch,155,146588263,stockOrch_146588263_infrastructure_155,evolutionary-heuristics,1,"{""algorithm"": ""NSGAII"", ""max_evaluations"": 1000, ""operators"": ""UNIFORM"", ""population_size"": 20, ""seed"": 1, ""time_budget_ms"": 300000}",ok,FEASIBLE,True,0.09767427308289439,0.09767427308289439,True,77.0902999,45.0,1.0,299969.0,2450474,305.169,,5,775,
stockOrch_146588263_infrastructure_155|random-search#seed1,stockOrch,155,146588263,stockOrch_146588263_infrastructure_155,random-search,1,"{""iterations_count"": 1000, ""seed"": 1, ""time_budget_ms"": 300000}",ok,FEASIBLE,True,0.09184158182034909,0.09184158182034909,True,69.11889405,49.242999999999995,1.0,300008.0,2458829,305.094,,5,775,
stockOrch_146588263_infrastructure_155|evolutionary-heuristics#seed2,stockOrch,155,146588263,stockOrch_146588263_infrastructure_155,evolutionary-heuristics,2,"{""algorithm"": ""NSGAII"", ""max_evaluations"": 1000, ""operators"": ""UNIFORM"", ""population_size"": 20, ""seed"": 2, ""time_budget_ms"": 300000}",ok,FEASIBLE,True,0.08129480954739463,0.08129480954739463,True,57.847283700000006,51.074,1.0,300022.0,2438861,305.013,,5,775,
stockOrch_146588263_infrastructure_155|random-search#seed2,stockOrch,155,146588263,stockOrch_146588263_infrastructure_155,random-search,2,"{""iterations_count"": 1000, ""seed"": 2, ""time_budget_ms"": 300000}",ok,FEASIBLE,True,0.10604468085028444,0.10604468085028444,True,86.79146129,42.1425,1.0,300058.0,2520265,304.87,,5,775,
stockOrch_146588263_infrastructure_155|evolutionary-heuristics#seed3,stockOrch,155,146588263,stockOrch_146588263_infrastructure_155,evolutionary-heuristics,3,"{""algorithm"": ""NSGAII"", ""max_evaluations"": 1000, ""operators"": ""UNIFORM"", ""population_size"": 20, ""seed"": 3, ""time_budget_ms"": 300000}",ok,FEASIBLE,True,0.08129480954739463,0.08129480954739463,True,57.847283700000006,51.074,1.0,300044.0,2505972,305.273,,5,775,
stockOrch_146588263_infrastructure_155|random-search#seed3,stockOrch,155,146588263,stockOrch_146588263_infrastructure_155,random-search,3,"{""iterations_count"": 1000, ""seed"": 3, ""time_budget_ms"": 300000}",ok,FEASIBLE,True,0.1005365273063599,0.1005365273063599,True,77.30345606,49.793,1.0,300009.0,2567853,304.399,,5,775,
stockOrch_146588263_infrastructure_155|evolutionary-heuristics#seed4,stockOrch,155,146588263,stockOrch_146588263_infrastructure_155,evolutionary-heuristics,4,"{""algorithm"": ""NSGAII"", ""max_evaluations"": 1000, ""operators"": ""UNIFORM"", ""population_size"": 20, ""seed"": 4, ""time_budget_ms"": 300000}",ok,FEASIBLE,True,0.09767427308289439,0.09767427308289439,True,77.0902999,45.0,1.0,300009.0,2560715,304.963,,5,775,
stockOrch_146588263_infrastructure_155|random-search#seed4,stockOrch,155,146588263,stockOrch_146588263_infrastructure_155,random-search,4,"{""iterations_count"": 1000, ""seed"": 4, ""time_budget_ms"": 300000}",ok,FEASIBLE,True,0.08810219252840397,0.08810219252840397,True,65.47175376000001,49.242999999999995,1.0,300009.0,2527873,304.127,,5,775,
stockOrch_146588263_infrastructure_155|evolutionary-heuristics#seed5,stockOrch,155,146588263,stockOrch_146588263_infrastructure_155,evolutionary-heuristics,5,"{""algorithm"": ""NSGAII"", ""max_evaluations"": 1000, ""operators"": ""UNIFORM"", ""population_size"": 20, ""seed"": 5, ""time_budget_ms"": 300000}",ok,FEASIBLE,True,0.09767427308289439,0.09767427308289439,True,77.0902999,45.0,1.0,300009.0,2509362,304.914,,5,775,
stockOrch_146588263_infrastructure_155|random-search#seed5,stockOrch,155,146588263,stockOrch_146588263_infrastructure_155,random-search,5,"{""iterations_count"": 1000, ""seed"": 5, ""time_budget_ms"": 300000}",ok,FEASIBLE,True,0.10500346791261579,0.10500346791261579,True,85.85259523999999,42.0,1.0,300008.0,2474300,304.122,,5,775,
stockOrch_146588263_infrastructure_155|evolutionary-heuristics#seed6,stockOrch,155,146588263,stockOrch_146588263_infrastructure_155,evolutionary-heuristics,6,"{""algorithm"": ""NSGAII"", ""max_evaluations"": 1000, ""operators"": ""UNIFORM"", ""population_size"": 20, ""seed"": 6, ""time_budget_ms"": 300000}",ok,FEASIBLE,True,0.09767427308289439,0.09767427308289439,True,77.0902999,45.0,1.0,300007.0,2454424,304.743,,5,775,
stockOrch_146588263_infrastructure_155|random-search#seed6,stockOrch,155,146588263,stockOrch_146588263_infrastructure_155,random-search,6,"{""iterations_count"": 1000, ""seed"": 6, ""time_budget_ms"": 300000}",ok,FEASIBLE,True,0.09087345872189355,0.09087345872189355,True,68.1746541,49.242999999999995,1.0,300009.0,2613991,304.391,,5,775,
stockOrch_146588263_infrastructure_155|evolutionary-heuristics#seed7,stockOrch,155,146588263,stockOrch_146588263_infrastructure_155,evolutionary-heuristics,7,"{""algorithm"": ""NSGAII"", ""max_evaluations"": 1000, ""operators"": ""UNIFORM"", ""population_size"": 20, ""seed"": 7, ""time_budget_ms"": 300000}",ok,FEASIBLE,True,0.09767427308289439,0.09767427308289439,True,77.0902999,45.0,1.0,300009.0,2575113,304.677,,5,775,
stockOrch_146588263_infrastructure_155|random-search#seed7,stockOrch,155,146588263,stockOrch_146588263_infrastructure_155,random-search,7,"{""iterations_count"": 1000, ""seed"": 7, ""time_budget_ms"": 300000}",ok,FEASIBLE,True,0.1044212727849467,0.1044212727849467,True,84.208823695,44.0,1.0,299901.0,2521368,304.564,,5,775,
stockOrch_146588263_infrastructure_155|evolutionary-heuristics#seed8,stockOrch,155,146588263,stockOrch_146588263_infrastructure_155,evolutionary-heuristics,8,"{""algorithm"": ""NSGAII"", ""max_evaluations"": 1000, ""operators"": ""UNIFORM"", ""population_size"": 20, ""seed"": 8, ""time_budget_ms"": 300000}",ok,FEASIBLE,True,0.09767427308289439,0.09767427308289439,True,77.0902999,45.0,1.0,299900.0,2499342,305.362,,5,775,
stockOrch_146588263_infrastructure_155|random-search#seed8,stockOrch,155,146588263,stockOrch_146588263_infrastructure_155,random-search,8,"{""iterations_count"": 1000, ""seed"": 8, ""time_budget_ms"": 300000}",ok,FEASIBLE,True,0.10327342982501944,0.10327342982501944,True,80.54201214,48.735,1.0,299997.0,2543438,305.215,,5,775,
stockOrch_146588263_infrastructure_155|evolutionary-heuristics#seed9,stockOrch,155,146588263,stockOrch_146588263_infrastructure_155,evolutionary-heuristics,9,"{""algorithm"": ""NSGAII"", ""max_evaluations"": 1000, ""operators"": ""UNIFORM"", ""population_size"": 20, ""seed"": 9, ""time_budget_ms"": 300000}",ok,FEASIBLE,True,0.08129480954739463,0.08129480954739463,True,57.847283700000006,51.074,1.0,299998.0,2586426,306.673,,5,775,
stockOrch_146588263_infrastructure_155|random-search#seed9,stockOrch,155,146588263,stockOrch_146588263_infrastructure_155,random-search,9,"{""iterations_count"": 1000, ""seed"": 9, ""time_budget_ms"": 300000}",ok,FEASIBLE,True,0.10672863363665018,0.10672863363665018,True,87.80418665,41.5,1.0,300000.0,2552441,304.233,,5,775,
stockOrch_146588263_infrastructure_155|evolutionary-heuristics#seed10,stockOrch,155,146588263,stockOrch_146588263_infrastructure_155,evolutionary-heuristics,10,"{""algorithm"": ""NSGAII"", ""max_evaluations"": 1000, ""operators"": ""UNIFORM"", ""population_size"": 20, ""seed"": 10, ""time_budget_ms"": 300000}",ok,FEASIBLE,True,0.09767427308289439,0.09767427308289439,True,77.0902999,45.0,1.0,299993.0,2522174,304.829,,5,775,
stockOrch_146588263_infrastructure_155|random-search#seed10,stockOrch,155,146588263,stockOrch_146588263_infrastructure_155,random-search,10,"{""iterations_count"": 1000, ""seed"": 10, ""time_budget_ms"": 300000}",ok,FEASIBLE,True,0.10300781443536926,0.10300781443536926,True,80.93819615,47.516999999999996,1.0,299919.0,2493685,304.663,,5,775,
stockOrch_146588263_infrastructure_160|evolutionary-heuristics#seed1,stockOrch,160,146588263,stockOrch_146588263_infrastructure_160,evolutionary-heuristics,1,"{""algorithm"": ""NSGAII"", ""max_evaluations"": 1000, ""operators"": ""UNIFORM"", ""population_size"": 20, ""seed"": 1, ""time_budget_ms"": 300000}",ok,FEASIBLE,True,0.09421868253640096,0.09421868253640096,True,77.91199415,41.0,1.0,299923.0,2633161,304.877,,5,767,
stockOrch_146588263_infrastructure_160|random-search#seed1,stockOrch,160,146588263,stockOrch_146588263_infrastructure_160,random-search,1,"{""iterations_count"": 1000, ""seed"": 1, ""time_budget_ms"": 300000}",ok,FEASIBLE,True,0.10704868180974969,0.10704868180974969,True,92.99143637,27.0,1.0,299993.0,2461775,304.239,,5,767,
stockOrch_146588263_infrastructure_160|evolutionary-heuristics#seed2,stockOrch,160,146588263,stockOrch_146588263_infrastructure_160,evolutionary-heuristics,2,"{""algorithm"": ""NSGAII"", ""max_evaluations"": 1000, ""operators"": ""UNIFORM"", ""population_size"": 20, ""seed"": 2, ""time_budget_ms"": 300000}",ok,FEASIBLE,True,0.09421868253640096,0.09421868253640096,True,77.91199415,41.0,1.0,299993.0,2467334,304.663,,5,767,
stockOrch_146588263_infrastructure_160|random-search#seed2,stockOrch,160,146588263,stockOrch_146588263_infrastructure_160,random-search,2,"{""iterations_count"": 1000, ""seed"": 2, ""time_budget_ms"": 300000}",ok,FEASIBLE,True,0.09902082648469501,0.09902082648469501,True,82.64813523,38.0,1.0,299994.0,2659367,304.685,,5,767,
stockOrch_146588263_infrastructure_160|evolutionary-heuristics#seed3,stockOrch,160,146588263,stockOrch_146588263_infrastructure_160,evolutionary-heuristics,3,"{""algorithm"": ""NSGAII"", ""max_evaluations"": 1000, ""operators"": ""UNIFORM"", ""population_size"": 20, ""seed"": 3, ""time_budget_ms"": 300000}",ok,FEASIBLE,True,0.09421868253640096,0.09421868253640096,True,77.91199415,41.0,1.0,299993.0,2670901,305.02,,5,767,
stockOrch_146588263_infrastructure_160|random-search#seed3,stockOrch,160,146588263,stockOrch_146588263_infrastructure_160,random-search,3,"{""iterations_count"": 1000, ""seed"": 3, ""time_budget_ms"": 300000}",ok,FEASIBLE,True,0.10534486349746543,0.10534486349746543,True,85.66263327,42.0,1.0,299993.0,2508366,304.888,,5,767,
stockOrch_146588263_infrastructure_160|evolutionary-heuristics#seed4,stockOrch,160,146588263,stockOrch_146588263_infrastructure_160,evolutionary-heuristics,4,"{""algorithm"": ""NSGAII"", ""max_evaluations"": 1000, ""operators"": ""UNIFORM"", ""population_size"": 20, ""seed"": 4, ""time_budget_ms"": 300000}",ok,FEASIBLE,True,0.09421868253640096,0.09421868253640096,True,77.91199415,41.0,1.0,299993.0,2558386,305.393,,5,767,
stockOrch_146588263_infrastructure_160|random-search#seed4,stockOrch,160,146588263,stockOrch_146588263_infrastructure_160,random-search,4,"{""iterations_count"": 1000, ""seed"": 4, ""time_budget_ms"": 300000}",ok,FEASIBLE,True,0.11036251954658755,0.11036251954658755,True,89.94877061499999,40.5,1.0,300088.0,2609664,304.863,,5,767,
stockOrch_146588263_infrastructure_160|evolutionary-heuristics#seed5,stockOrch,160,146588263,stockOrch_146588263_infrastructure_160,evolutionary-heuristics,5,"{""algorithm"": ""NSGAII"", ""max_evaluations"": 1000, ""operators"": ""UNIFORM"", ""population_size"": 20, ""seed"": 5, ""time_budget_ms"": 300000}",ok,FEASIBLE,True,0.09421868253640096,0.09421868253640096,True,77.91199415,41.0,1.0,300088.0,2640883,304.599,,5,767,
stockOrch_146588263_infrastructure_160|random-search#seed5,stockOrch,160,146588263,stockOrch_146588263_infrastructure_160,random-search,5,"{""iterations_count"": 1000, ""seed"": 5, ""time_budget_ms"": 300000}",ok,FEASIBLE,True,0.11002858203437417,0.11002858203437417,True,90.919946735,37.5,1.0,300006.0,2643406,304.294,,5,767,
stockOrch_146588263_infrastructure_160|evolutionary-heuristics#seed6,stockOrch,160,146588263,stockOrch_146588263_infrastructure_160,evolutionary-heuristics,6,"{""algorithm"": ""NSGAII"", ""max_evaluations"": 1000, ""operators"": ""UNIFORM"", ""population_size"": 20, ""seed"": 6, ""time_budget_ms"": 300000}",ok,FEASIBLE,True,0.09421868253640096,0.09421868253640096,True,77.91199415,41.0,1.0,300005.0,2707334,304.636,,5,767,
stockOrch_146588263_infrastructure_160|random-search#seed6,stockOrch,160,146588263,stockOrch_146588263_infrastructure_160,random-search,6,"{""iterations_count"": 1000, ""seed"": 6, ""time_budget_ms"": 300000}",ok,FEASIBLE,True,0.1030531281204081,0.1030531281204081,True,85.60398289,38.0,1.0,300006.0,2676240,304.41,,5,767,
stockOrch_146588263_infrastructure_160|evolutionary-heuristics#seed7,stockOrch,160,146588263,stockOrch_146588263_infrastructure_160,evolutionary-heuristics,7,"{""algorithm"": ""NSGAII"", ""max_evaluations"": 1000, ""operators"": ""UNIFORM"", ""population_size"": 20, ""seed"": 7, ""time_budget_ms"": 300000}",ok,FEASIBLE,True,0.09421868253640096,0.09421868253640096,True,77.91199415,41.0,1.0,300005.0,2680261,304.744,,5,767,
stockOrch_146588263_infrastructure_160|random-search#seed7,stockOrch,160,146588263,stockOrch_146588263_infrastructure_160,random-search,7,"{""iterations_count"": 1000, ""seed"": 7, ""time_budget_ms"": 300000}",ok,FEASIBLE,True,0.10535932881423332,0.10535932881423332,True,87.69984769499999,37.0,1.0,299971.0,2674608,304.456,,5,767,
stockOrch_146588263_infrastructure_160|evolutionary-heuristics#seed8,stockOrch,160,146588263,stockOrch_146588263_infrastructure_160,evolutionary-heuristics,8,"{""algorithm"": ""NSGAII"", ""max_evaluations"": 1000, ""operators"": ""UNIFORM"", ""population_size"": 20, ""seed"": 8, ""time_budget_ms"": 300000}",ok,FEASIBLE,True,0.09421868253640096,0.09421868253640096,True,77.91199415,41.0,1.0,299971.0,2680841,304.652,,5,767,
stockOrch_146588263_infrastructure_160|random-search#seed8,stockOrch,160,146588263,stockOrch_146588263_infrastructure_160,random-search,8,"{""iterations_count"": 1000, ""seed"": 8, ""time_budget_ms"": 300000}",ok,FEASIBLE,True,0.10729054924107828,0.10729054924107828,True,87.08890322,42.0,1.0,300005.0,2686516,304.572,,5,767,
stockOrch_146588263_infrastructure_160|evolutionary-heuristics#seed9,stockOrch,160,146588263,stockOrch_146588263_infrastructure_160,evolutionary-heuristics,9,"{""algorithm"": ""NSGAII"", ""max_evaluations"": 1000, ""operators"": ""UNIFORM"", ""population_size"": 20, ""seed"": 9, ""time_budget_ms"": 300000}",ok,FEASIBLE,True,0.09421868253640096,0.09421868253640096,True,77.91199415,41.0,1.0,300006.0,2718258,304.966,,5,767,
stockOrch_146588263_infrastructure_160|random-search#seed9,stockOrch,160,146588263,stockOrch_146588263_infrastructure_160,random-search,9,"{""iterations_count"": 1000, ""seed"": 9, ""time_budget_ms"": 300000}",ok,FEASIBLE,True,0.11306550951173461,0.11306550951173461,True,90.10622692999999,45.0,1.0,300064.0,2655638,304.193,,5,767,
stockOrch_146588263_infrastructure_160|evolutionary-heuristics#seed10,stockOrch,160,146588263,stockOrch_146588263_infrastructure_160,evolutionary-heuristics,10,"{""algorithm"": ""NSGAII"", ""max_evaluations"": 1000, ""operators"": ""UNIFORM"", ""population_size"": 20, ""seed"": 10, ""time_budget_ms"": 300000}",ok,FEASIBLE,True,0.09421868253640096,0.09421868253640096,True,77.91199415,41.0,1.0,300065.0,2664873,304.718,,5,767,
stockOrch_146588263_infrastructure_160|random-search#seed10,stockOrch,160,146588263,stockOrch_146588263_infrastructure_160,random-search,10,"{""iterations_count"": 1000, ""seed"": 10, ""time_budget_ms"": 300000}",ok,FEASIBLE,True,0.09915873868639655,0.09915873868639655,True,80.92528104499999,42.5,1.0,300009.0,2679584,304.136,,5,767,
stockOrch_146588263_infrastructure_165|evolutionary-heuristics#seed1,stockOrch,165,146588263,stockOrch_146588263_infrastructure_165,evolutionary-heuristics,1,"{""algorithm"": ""NSGAII"", ""max_evaluations"": 1000, ""operators"": ""UNIFORM"", ""population_size"": 20, ""seed"": 1, ""time_budget_ms"": 300000}",ok,FEASIBLE,True,0.08972004597189584,0.08972004597189584,True,97.3229865,26.0,1.0,300009.0,2580410,304.598,,5,658,
stockOrch_146588263_infrastructure_165|random-search#seed1,stockOrch,165,146588263,stockOrch_146588263_infrastructure_165,random-search,1,"{""iterations_count"": 1000, ""seed"": 1, ""time_budget_ms"": 300000}",ok,FEASIBLE,True,0.09366139556058933,0.09366139556058933,True,99.70375701,28.0,1.0,300009.0,2540864,304.031,,5,658,
stockOrch_146588263_infrastructure_165|evolutionary-heuristics#seed2,stockOrch,165,146588263,stockOrch_146588263_infrastructure_165,evolutionary-heuristics,2,"{""algorithm"": ""NSGAII"", ""max_evaluations"": 1000, ""operators"": ""UNIFORM"", ""population_size"": 20, ""seed"": 2, ""time_budget_ms"": 300000}",ok,FEASIBLE,True,0.08972004597189584,0.08972004597189584,True,97.3229865,26.0,1.0,300009.0,2531721,304.471,,5,658,
stockOrch_146588263_infrastructure_165|random-search#seed2,stockOrch,165,146588263,stockOrch_146588263_infrastructure_165,random-search,2,"{""iterations_count"": 1000, ""seed"": 2, ""time_budget_ms"": 300000}",ok,FEASIBLE,True,0.10375502167356318,0.10375502167356318,True,106.32479980999999,32.0,1.0,300057.0,2517432,304.087,,5,658,
stockOrch_146588263_infrastructure_165|evolutionary-heuristics#seed3,stockOrch,165,146588263,stockOrch_146588263_infrastructure_165,evolutionary-heuristics,3,"{""algorithm"": ""NSGAII"", ""max_evaluations"": 1000, ""operators"": ""UNIFORM"", ""population_size"": 20, ""seed"": 3, ""time_budget_ms"": 300000}",ok,FEASIBLE,True,0.08972004597189584,0.08972004597189584,True,97.3229865,26.0,1.0,300057.0,2520981,304.458,,5,658,
stockOrch_146588263_infrastructure_165|random-search#seed3,stockOrch,165,146588263,stockOrch_146588263_infrastructure_165,random-search,3,"{""iterations_count"": 1000, ""seed"": 3, ""time_budget_ms"": 300000}",ok,FEASIBLE,True,0.09926127990875223,0.09926127990875223,True,101.377704185,34.5,1.0,300009.0,2484025,305.359,,5,658,
stockOrch_146588263_infrastructure_165|evolutionary-heuristics#seed4,stockOrch,165,146588263,stockOrch_146588263_infrastructure_165,evolutionary-heuristics,4,"{""algorithm"": ""NSGAII"", ""max_evaluations"": 1000, ""operators"": ""UNIFORM"", ""population_size"": 20, ""seed"": 4, ""time_budget_ms"": 300000}",ok,FEASIBLE,True,0.08972004597189584,0.08972004597189584,True,97.3229865,26.0,1.0,300010.0,2510203,304.66,,5,658,
stockOrch_146588263_infrastructure_165|random-search#seed4,stockOrch,165,146588263,stockOrch_146588263_infrastructure_165,random-search,4,"{""iterations_count"": 1000, ""seed"": 4, ""time_budget_ms"": 300000}",ok,FEASIBLE,True,0.09800579400336495,0.09800579400336495,True,97.986515415,39.5,1.0,300009.0,2594829,303.948,,5,658,
stockOrch_146588263_infrastructure_165|evolutionary-heuristics#seed5,stockOrch,165,146588263,stockOrch_146588263_infrastructure_165,evolutionary-heuristics,5,"{""algorithm"": ""NSGAII"", ""max_evaluations"": 1000, ""operators"": ""UNIFORM"", ""population_size"": 20, ""seed"": 5, ""time_budget_ms"": 300000}",ok,FEASIBLE,True,0.0898991834568695,0.0898991834568695,True,96.53954565999999,28.0,1.0,300009.0,2561339,304.659,,5,658,
stockOrch_146588263_infrastructure_165|random-search#seed5,stockOrch,165,146588263,stockOrch_146588263_infrastructure_165,random-search,5,"{""iterations_count"": 1000, ""seed"": 5, ""time_budget_ms"": 300000}",ok,FEASIBLE,True,0.09800722808446569,0.09800722808446569,True,97.98772155,39.5,1.0,299977.0,2417673,304.687,,5,658,
stockOrch_146588263_infrastructure_165|evolutionary-heuristics#seed6,stockOrch,165,146588263,stockOrch_146588263_infrastructure_165,evolutionary-heuristics,6,"{""algorithm"": ""NSGAII"", ""max_evaluations"": 1000, ""operators"": ""UNIFORM"", ""population_size"": 20, ""seed"": 6, ""time_budget_ms"": 300000}",ok,FEASIBLE,True,0.08972004597189584,0.08972004597189584,True,97.3229865,26.0,1.0,299977.0,2443243,305.049,,5,658,
stockOrch_146588263_infrastructure_165|random-search#seed6,stockOrch,165,146588263,stockOrch_146588263_infrastructure_165,random-search,6,"{""iterations_count"": 1000, ""seed"": 6, ""time_budget_ms"": 300000}",ok,FEASIBLE,True,0.10219114044698194,0.10219114044698194,True,98.47076441,46.0,1.0,300010.0,2522399,303.984,,5,658,
stockOrch_146588263_infrastructure_165|evolutionary-heuristics#seed7,stockOrch,165,146588263,stockOrch_146588263_infrastructure_165,evolutionary-heuristics,7,"{""algorithm"": ""NSGAII"", ""max_evaluations"": 1000, ""operators"": ""UNIFORM"", ""population_size"": 20, ""seed"": 7, ""time_budget_ms"": 300000}",ok,FEASIBLE,True,0.08972004597189584,0.08972004597189584,True,97.3229865,26.0,1.0,300009.0,2505099,304.643,,5,658,
stockOrch_146588263_infrastructure_165|random-search#seed7,stockOrch,165,146588263,stockOrch_146588263_infrastructure_165,random-search,7,"{""iterations_count"": 1000, ""seed"": 7, ""time_budget_ms"": 300000}",ok,FEASIBLE,True,0.10218826678414508,0.10218826678414508,True,106.875288535,28.0,1.0,300009.0,2507251,304.12,,5,658,
stockOrch_146588263_infrastructure_165|evolutionary-heuristics#seed8,stockOrch,165,146588263,stockOrch_146588263_infrastructure_165,evolutionary-heuristics,8,"{""algorithm"": ""NSGAII"", ""max_evaluations"": 1000, ""operators"": ""UNIFORM"", ""population_size"": 20, ""seed"": 8, ""time_budget_ms"": 300000}",ok,FEASIBLE,True,0.08972004597189584,0.08972004597189584,True,97.3229865,26.0,1.0,300009.0,2508643,304.521,,5,658,
stockOrch_146588263_infrastructure_165|random-search#seed8,stockOrch,165,146588263,stockOrch_146588263_infrastructure_165,random-search,8,"{""iterations_count"": 1000, ""seed"": 8, ""time_budget_ms"": 300000}",ok,FEASIBLE,True,0.10208192983744613,0.10208192983744613,True,102.348857115,37.5,1.0,300017.0,2565904,303.967,,5,658,
stockOrch_146588263_infrastructure_165|evolutionary-heuristics#seed9,stockOrch,165,146588263,stockOrch_146588263_infrastructure_165,evolutionary-heuristics,9,"{""algorithm"": ""NSGAII"", ""max_evaluations"": 1000, ""operators"": ""UNIFORM"", ""population_size"": 20, ""seed"": 9, ""time_budget_ms"": 300000}",ok,FEASIBLE,True,0.08972004597189584,0.08972004597189584,True,97.3229865,26.0,1.0,300017.0,2540313,304.564,,5,658,
stockOrch_146588263_infrastructure_165|random-search#seed9,stockOrch,165,146588263,stockOrch_146588263_infrastructure_165,random-search,9,"{""iterations_count"": 1000, ""seed"": 9, ""time_budget_ms"": 300000}",ok,FEASIBLE,True,0.09725254889661972,0.09725254889661972,True,95.25126278999998,44.0,1.0,300010.0,2591210,304.515,,5,658,
stockOrch_146588263_infrastructure_165|evolutionary-heuristics#seed10,stockOrch,165,146588263,stockOrch_146588263_infrastructure_165,evolutionary-heuristics,10,"{""algorithm"": ""NSGAII"", ""max_evaluations"": 1000, ""operators"": ""UNIFORM"", ""population_size"": 20, ""seed"": 10, ""time_budget_ms"": 300000}",ok,FEASIBLE,True,0.08972004597189584,0.08972004597189584,True,97.3229865,26.0,1.0,300009.0,2602554,304.57,,5,658,
stockOrch_146588263_infrastructure_165|random-search#seed10,stockOrch,165,146588263,stockOrch_146588263_infrastructure_165,random-search,10,"{""iterations_count"": 1000, ""seed"": 10, ""time_budget_ms"": 300000}",ok,FEASIBLE,True,0.1023364007372897,0.1023364007372897,True,99.760566385,43.5,1.0,300009.0,2525480,303.961,,5,658,
stockOrch_146588263_infrastructure_170|evolutionary-heuristics#seed1,stockOrch,170,146588263,stockOrch_146588263_infrastructure_170,evolutionary-heuristics,1,"{""algorithm"": ""NSGAII"", ""max_evaluations"": 1000, ""operators"": ""UNIFORM"", ""population_size"": 20, ""seed"": 1, ""time_budget_ms"": 300000}",ok,FEASIBLE,True,0.09349271195300722,0.09349271195300722,True,81.28845437,41.0,1.0,300009.0,2670132,305.452,,5,788,
stockOrch_146588263_infrastructure_170|random-search#seed1,stockOrch,170,146588263,stockOrch_146588263_infrastructure_170,random-search,1,"{""iterations_count"": 1000, ""seed"": 1, ""time_budget_ms"": 300000}",ok,FEASIBLE,True,0.08246669671865492,0.08246669671865492,True,68.95129202999999,44.290499999999994,1.0,299970.0,2626977,304.316,,5,788,
stockOrch_146588263_infrastructure_170|evolutionary-heuristics#seed2,stockOrch,170,146588263,stockOrch_146588263_infrastructure_170,evolutionary-heuristics,2,"{""algorithm"": ""NSGAII"", ""max_evaluations"": 1000, ""operators"": ""UNIFORM"", ""population_size"": 20, ""seed"": 2, ""time_budget_ms"": 300000}",ok,FEASIBLE,True,0.07244473732158424,0.07244473732158424,True,57.847283700000006,47.074,1.0,299969.0,2678835,305.326,,5,788,
stockOrch_146588263_infrastructure_170|random-search#seed2,stockOrch,170,146588263,stockOrch_146588263_infrastructure_170,random-search,2,"{""iterations_count"": 1000, ""seed"": 2, ""time_budget_ms"": 300000}",ok,FEASIBLE,True,0.10037339388153657,0.10037339388153657,True,83.395142725,49.516999999999996,1.0,300008.0,2650862,304.574,,5,788,
stockOrch_146588263_infrastructure_170|evolutionary-heuristics#seed3,stockOrch,170,146588263,stockOrch_146588263_infrastructure_170,evolutionary-heuristics,3,"{""algorithm"": ""NSGAII"", ""max_evaluations"": 1000, ""operators"": ""UNIFORM"", ""population_size"": 20, ""seed"": 3, ""time_budget_ms"": 300000}",ok,FEASIBLE,True,0.09349271195300722,0.09349271195300722,True,81.28845437,41.0,1.0,300008.0,2730671,304.951,,5,788,
stockOrch_146588263_infrastructure_170|random-search#seed3,stockOrch,170,146588263,stockOrch_146588263_infrastructure_170,random-search,3,"{""iterations_count"": 1000, ""seed"": 3, ""time_budget_ms"": 300000}",ok,FEASIBLE,True,0.0978808345115455,0.0978808345115455,True,87.62175062,37.0,1.0,300008.0,2652610,304.656,,5,788,
stockOrch_146588263_infrastructure_170|evolutionary-heuristics#seed4,stockOrch,170,146588263,stockOrch_146588263_infrastructure_170,evolutionary-heuristics,4,"{""algorithm"": ""NSGAII"", ""max_evaluations"": 1000, ""operators"": ""UNIFORM"", ""population_size"": 20, ""seed"": 4, ""time_budget_ms"": 300000}",ok,FEASIBLE,True,0.08301284322774093,0.08301284322774093,True,71.845211925,39.8125,1.0,300008.0,2669906,304.978,,5,788,
stockOrch_146588263_infrastructure_170|random-search#seed4,stockOrch,170,146588263,stockOrch_146588263_infrastructure_170,random-search,4,"{""iterations_count"": 1000, ""seed"": 4, ""time_budget_ms"": 300000}",ok,FEASIBLE,True,0.09653691596120761,0.09653691596120761,True,78.186374395,52.3935,1.0,300014.0,2597713,304.559,,5,788,
stockOrch_146588263_infrastructure_170|evolutionary-heuristics#seed5,stockOrch,170,146588263,stockOrch_146588263_infrastructure_170,evolutionary-heuristics,5,"{""algorithm"": ""NSGAII"", ""max_evaluations"": 1000, ""operators"": ""UNIFORM"", ""population_size"": 20, ""seed"": 5, ""time_budget_ms"": 300000}",ok,FEASIBLE,True,0.07244473732158424,0.07244473732158424,True,57.847283700000006,47.074,1.0,300015.0,2641561,304.863,,5,788,
stockOrch_146588263_infrastructure_170|random-search#seed5,stockOrch,170,146588263,stockOrch_146588263_infrastructure_170,random-search,5,"{""iterations_count"": 1000, ""seed"": 5, ""time_budget_ms"": 300000}",ok,FEASIBLE,True,0.08179972777971956,0.08179972777971956,True,67.13239906,46.516999999999996,1.0,300009.0,2612049,304.555,,5,788,
stockOrch_146588263_infrastructure_170|evolutionary-heuristics#seed6,stockOrch,170,146588263,stockOrch_146588263_infrastructure_170,evolutionary-heuristics,6,"{""algorithm"": ""NSGAII"", ""max_evaluations"": 1000, ""operators"": ""UNIFORM"", ""population_size"": 20, ""seed"": 6, ""time_budget_ms"": 300000}",ok,FEASIBLE,True,0.08301284322774093,0.08301284322774093,True,71.845211925,39.8125,1.0,300009.0,2635370,305.098,,5,788,
stockOrch_146588263_infrastructure_170|random-search#seed6,stockOrch,170,146588263,stockOrch_146588263_infrastructure_170,random-search,6,"{""iterations_count"": 1000, ""seed"": 6, ""time_budget_ms"": 300000}",ok,FEASIBLE,True,0.10185682310386185,0.10185682310386185,True,90.120191605,39.5,1.0,300009.0,2580546,304.743,,5,788,
stockOrch_146588263_infrastructure_170|evolutionary-heuristics#seed7,stockOrch,170,146588263,stockOrch_146588263_infrastructure_170,evolutionary-heuristics,7,"{""algorithm"": ""NSGAII"", ""max_evaluations"": 1000, ""operators"": ""UNIFORM"", ""population_size"": 20, ""seed"": 7, ""time_budget_ms"": 300000}",ok,FEASIBLE,True,0.09349271195300722,0.09349271195300722,True,81.28845437,41.0,1.0,300010.0,2672406,304.987,,5,788,
stockOrch_146588263_infrastructure_170|random-search#seed7,stockOrch,170,146588263,stockOrch_146588263_infrastructure_170,random-search,7,"{""iterations_count"": 1000, ""seed"": 7, ""time_budget_ms"": 300000}",ok,FEASIBLE,True,0.10472125075490653,0.10472125075490653,True,88.485639775,47.793,1.0,299990.0,2505168,304.604,,5,788,
stockOrch_146588263_infrastructure_170|evolutionary-heuristics#seed8,stockOrch,170,146588263,stockOrch_146588263_infrastructure_170,evolutionary-heuristics,8,"{""algorithm"": ""NSGAII"", ""max_evaluations"": 1000, ""operators"": ""UNIFORM"", ""population_size"": 20, ""seed"": 8, ""time_budget_ms"": 300000}",ok,FEASIBLE,True,0.09349271195300722,0.09349271195300722,True,81.28845437,41.0,1.0,299991.0,2531454,304.989,,5,788,
stockOrch_146588263_infrastructure_170|random-search#seed8,stockOrch,170,146588263,stockOrch_146588263_infrastructure_170,random-search,8,"{""iterations_count"": 1000, ""seed"": 8, ""time_budget_ms"": 300000}",ok,FEASIBLE,True,0.09337367613551525,0.09337367613551525,True,79.15707953500001,44.8125,1.0,300009.0,2554579,305.235,,5,788,
stockOrch_146588263_infrastructure_170|evolutionary-heuristics#seed9,stockOrch,170,146588263,stockOrch_146588263_infrastructure_170,evolutionary-heuristics,9,"{""algorithm"": ""NSGAII"", ""max_evaluations"": 1000, ""operators"": ""UNIFORM"", ""population_size"": 20, ""seed"": 9, ""time_budget_ms"": 300000}",ok,FEASIBLE,True,0.07244473732158424,0.07244473732158424,True,57.847283700000006,47.074,1.0,300009.0,2640616,305.63,,5,788,
stockOrch_146588263_infrastructure_170|random-search#seed9,stockOrch,170,146588263,stockOrch_146588263_infrastructure_170,random-search,9,"{""iterations_count"": 1000, ""seed"": 9, ""time_budget_ms"": 300000}",ok,FEASIBLE,True,0.10043499597606863,0.10043499597606863,True,89.01829296,39.0,1.0,300009.0,2260213,305.03,,5,788,
stockOrch_146588263_infrastructure_170|evolutionary-heuristics#seed10,stockOrch,170,146588263,stockOrch_146588263_infrastructure_170,evolutionary-heuristics,10,"{""algorithm"": ""NSGAII"", ""max_evaluations"": 1000, ""operators"": ""UNIFORM"", ""population_size"": 20, ""seed"": 10, ""time_budget_ms"": 300000}",ok,FEASIBLE,True,0.07244473732158424,0.07244473732158424,True,57.847283700000006,47.074,1.0,300009.0,2274661,306.16,,5,788,
stockOrch_146588263_infrastructure_170|random-search#seed10,stockOrch,170,146588263,stockOrch_146588263_infrastructure_170,random-search,10,"{""iterations_count"": 1000, ""seed"": 10, ""time_budget_ms"": 300000}",ok,FEASIBLE,True,0.08031602887793558,0.08031602887793558,True,64.53442254500001,48.7325,1.0,299991.0,2262416,304.781,,5,788,
stockOrch_146588263_infrastructure_175|evolutionary-heuristics#seed1,stockOrch,175,146588263,stockOrch_146588263_infrastructure_175,evolutionary-heuristics,1,"{""algorithm"": ""NSGAII"", ""max_evaluations"": 1000, ""operators"": ""UNIFORM"", ""population_size"": 20, ""seed"": 1, ""time_budget_ms"": 300000}",ok,FEASIBLE,True,0.08985480376807911,0.08985480376807911,True,84.6280508,25.0,1.0,299994.0,2319257,306.803,,5,803,
stockOrch_146588263_infrastructure_175|random-search#seed1,stockOrch,175,146588263,stockOrch_146588263_infrastructure_175,random-search,1,"{""iterations_count"": 1000, ""seed"": 1, ""time_budget_ms"": 300000}",ok,FEASIBLE,True,0.10321090457696236,0.10321090457696236,True,87.81445953,41.5,1.0,300009.0,2437611,305.043,,5,803,
stockOrch_146588263_infrastructure_175|evolutionary-heuristics#seed2,stockOrch,175,146588263,stockOrch_146588263_infrastructure_175,evolutionary-heuristics,2,"{""algorithm"": ""NSGAII"", ""max_evaluations"": 1000, ""operators"": ""UNIFORM"", ""population_size"": 20, ""seed"": 2, ""time_budget_ms"": 300000}",ok,FEASIBLE,True,0.08985480376807911,0.08985480376807911,True,84.6280508,25.0,1.0,300010.0,2458063,305.987,,5,803,
stockOrch_146588263_infrastructure_175|random-search#seed2,stockOrch,175,146588263,stockOrch_146588263_infrastructure_175,random-search,2,"{""iterations_count"": 1000, ""seed"": 2, ""time_budget_ms"": 300000}",ok,FEASIBLE,True,0.09453840702305757,0.09453840702305757,True,82.77820301999999,38.0,1.0,300009.0,2336399,308.748,,5,803,
stockOrch_146588263_infrastructure_175|evolutionary-heuristics#seed3,stockOrch,175,146588263,stockOrch_146588263_infrastructure_175,evolutionary-heuristics,3,"{""algorithm"": ""NSGAII"", ""max_evaluations"": 1000, ""operators"": ""UNIFORM"", ""population_size"": 20, ""seed"": 3, ""time_budget_ms"": 300000}",ok,FEASIBLE,True,0.08985480376807911,0.08985480376807911,True,84.6280508,25.0,1.0,300009.0,2472258,306.537,,5,803,
stockOrch_146588263_infrastructure_175|random-search#seed3,stockOrch,175,146588263,stockOrch_146588263_infrastructure_175,random-search,3,"{""iterations_count"": 1000, ""seed"": 3, ""time_budget_ms"": 300000}",ok,FEASIBLE,True,0.09599288197115088,0.09599288197115088,True,83.04163995500001,40.0,1.0,299990.0,2231754,304.916,,5,803,
stockOrch_146588263_infrastructure_175|evolutionary-heuristics#seed4,stockOrch,175,146588263,stockOrch_146588263_infrastructure_175,evolutionary-heuristics,4,"{""algorithm"": ""NSGAII"", ""max_evaluations"": 1000, ""operators"": ""UNIFORM"", ""population_size"": 20, ""seed"": 4, ""time_budget_ms"": 300000}",ok,FEASIBLE,True,0.08985480376807911,0.08985480376807911,True,84.6280508,25.0,1.0,299990.0,2349449,308.333,,5,803,
stockOrch_146588263_infrastructure_175|random-search#seed4,stockOrch,175,146588263,stockOrch_146588263_infrastructure_175,random-search,4,"{""iterations_count"": 1000, ""seed"": 4, ""time_budget_ms"": 300000}",ok,FEASIBLE,True,0.10618674456795169,0.10618674456795169,True,93.738441805,32.5,1.0,300010.0,2166749,305.255,,5,803,
stockOrch_146588263_infrastructure_175|evolutionary-heuristics#seed5,stockOrch,175,146588263,stockOrch_146588263_infrastructure_175,evolutionary-heuristics,5,"{""algorithm"": ""NSGAII"", ""max_evaluations"": 1000, ""operators"": ""UNIFORM"", ""population_size"": 20, ""seed"": 5, ""time_budget_ms"": 300000}",ok,FEASIBLE,True,0.08985480376807911,0.08985480376807911,True,84.6280508,25.0,1.0,300009.0,2284224,306.593,,5,803,
stockOrch_146588263_infrastructure_175|random-search#seed5,stockOrch,175,146588263,stockOrch_146588263_infrastructure_175,random-search,5,"{""iterations_count"": 1000, ""seed"": 5, ""time_budget_ms"": 300000}",ok,FEASIBLE,True,0.10257416452161253,0.10257416452161253,True,87.95597679,40.0,1.0,300009.0,2251634,305.216,,5,803,
stockOrch_146588263_infrastructure_175|evolutionary-heuristics#seed6,stockOrch,175,146588263,stockOrch_146588263_infrastructure_175,evolutionary-heuristics,6,"{""algorithm"": ""NSGAII"", ""max_evaluations"": 1000, ""operators"": ""UNIFORM"", ""population_size"": 20, ""seed"": 6, ""time_budget_ms"": 300000}",ok,FEASIBLE,True,0.08985480376807911,0.08985480376807911,True,84.6280508,25.0,1.0,300009.0,2351364,306.568,,5,803,
stockOrch_146588263_infrastructure_175|random-search#seed6,stockOrch,175,146588263,stockOrch_146588263_infrastructure_175,random-search,6,"{""iterations_count"": 1000, ""seed"": 6, ""time_budget_ms"": 300000}",ok,FEASIBLE,True,0.10627016561547702,0.10627016561547702,True,94.21205353,31.5,1.0,299979.0,1891202,306.128,,5,803,
stockOrch_146588263_infrastructure_175|evolutionary-heuristics#seed7,stockOrch,175,146588263,stockOrch_146588263_infrastructure_175,evolutionary-heuristics,7,"{""algorithm"": ""NSGAII"", ""max_evaluations"": 1000, ""operators"": ""UNIFORM"", ""population_size"": 20, ""seed"": 7, ""time_budget_ms"": 300000}",ok,FEASIBLE,True,0.08985480376807911,0.08985480376807911,True,84.6280508,25.0,1.0,299979.0,1988841,306.753,,5,803,
stockOrch_146588263_infrastructure_175|random-search#seed7,stockOrch,175,146588263,stockOrch_146588263_infrastructure_175,random-search,7,"{""iterations_count"": 1000, ""seed"": 7, ""time_budget_ms"": 300000}",ok,FEASIBLE,True,0.10096412039858883,0.10096412039858883,True,86.54807403,40.5,1.0,300010.0,2208376,306.562,,5,803,
stockOrch_146588263_infrastructure_175|evolutionary-heuristics#seed8,stockOrch,175,146588263,stockOrch_146588263_infrastructure_175,evolutionary-heuristics,8,"{""algorithm"": ""NSGAII"", ""max_evaluations"": 1000, ""operators"": ""UNIFORM"", ""population_size"": 20, ""seed"": 8, ""time_budget_ms"": 300000}",ok,FEASIBLE,True,0.08985480376807911,0.08985480376807911,True,84.6280508,25.0,1.0,300009.0,2263599,306.635,,5,803,
stockOrch_146588263_infrastructure_175|random-search#seed8,stockOrch,175,146588263,stockOrch_146588263_infrastructure_175,random-search,8,"{""iterations_count"": 1000, ""seed"": 8, ""time_budget_ms"": 300000}",ok,FEASIBLE,True,0.10698080517428499,0.10698080517428499,True,91.040817715,40.5,1.0,300012.0,1660339,306.97,,5,803,
stockOrch_146588263_infrastructure_175|evolutionary-heuristics#seed9,stockOrch,175,146588263,stockOrch_146588263_infrastructure_175,evolutionary-heuristics,9,"{""algorithm"": ""NSGAII"", ""max_evaluations"": 1000, ""operators"": ""UNIFORM"", ""population_size"": 20, ""seed"": 9, ""time_budget_ms"": 300000}",ok,FEASIBLE,True,0.08985480376807911,0.08985480376807911,True,84.6280508,25.0,1.0,299989.0,1709939,306.472,,5,803,
stockOrch_146588263_infrastructure_175|random-search#seed9,stockOrch,175,146588263,stockOrch_146588263_infrastructure_175,random-search,9,"{""iterations_count"": 1000, ""seed"": 9, ""time_budget_ms"": 300000}",ok,FEASIBLE,True,0.10714349483315488,0.10714349483315488,True,90.33966029,42.5,1.0,299982.0,1738986,309.796,,5,803,
stockOrch_146588263_infrastructure_175|evolutionary-heuristics#seed10,stockOrch,175,146588263,stockOrch_146588263_infrastructure_175,evolutionary-heuristics,10,"{""algorithm"": ""NSGAII"", ""max_evaluations"": 1000, ""operators"": ""UNIFORM"", ""population_size"": 20, ""seed"": 10, ""time_budget_ms"": 300000}",ok,FEASIBLE,True,0.08985480376807911,0.08985480376807911,True,84.6280508,25.0,1.0,300000.0,1772142,307.325,,5,803,
stockOrch_146588263_infrastructure_175|random-search#seed10,stockOrch,175,146588263,stockOrch_146588263_infrastructure_175,random-search,10,"{""iterations_count"": 1000, ""seed"": 10, ""time_budget_ms"": 300000}",ok,FEASIBLE,True,0.10213931829112834,0.10213931829112834,True,91.744471435,30.0,1.0,300014.0,1829472,310.813,,5,803,
stockOrch_146588263_infrastructure_180|evolutionary-heuristics#seed1,stockOrch,180,146588263,stockOrch_146588263_infrastructure_180,evolutionary-heuristics,1,"{""algorithm"": ""NSGAII"", ""max_evaluations"": 1000, ""operators"": ""UNIFORM"", ""population_size"": 20, ""seed"": 1, ""time_budget_ms"": 300000}",ok,FEASIBLE,True,0.08088105186546697,0.08088105186546699,True,80.756001,41.0,1.0,300009.0,2097381,311.704,,5,884,
stockOrch_146588263_infrastructure_180|random-search#seed1,stockOrch,180,146588263,stockOrch_146588263_infrastructure_180,random-search,1,"{""iterations_count"": 1000, ""seed"": 1, ""time_budget_ms"": 300000}",ok,FEASIBLE,True,0.09317519532850335,0.09317519532850335,True,91.21001417000001,41.0,1.0,300011.0,2234437,307.441,,5,884,
stockOrch_146588263_infrastructure_180|evolutionary-heuristics#seed2,stockOrch,180,146588263,stockOrch_146588263_infrastructure_180,evolutionary-heuristics,2,"{""algorithm"": ""NSGAII"", ""max_evaluations"": 1000, ""operators"": ""UNIFORM"", ""population_size"": 20, ""seed"": 2, ""time_budget_ms"": 300000}",ok,FEASIBLE,True,0.08088105186546697,0.08088105186546699,True,80.756001,41.0,1.0,299999.0,2294296,307.462,,5,884,
stockOrch_146588263_infrastructure_180|random-search#seed2,stockOrch,180,146588263,stockOrch_146588263_infrastructure_180,random-search,2,"{""iterations_count"": 1000, ""seed"": 2, ""time_budget_ms"": 300000}",ok,FEASIBLE,True,0.08924526615739628,0.08924526615739628,True,90.926240815,34.5,1.0,300007.0,2192847,306.528,,5,884,
stockOrch_146588263_infrastructure_180|evolutionary-heuristics#seed3,stockOrch,180,146588263,stockOrch_146588263_infrastructure_180,evolutionary-heuristics,3,"{""algorithm"": ""NSGAII"", ""max_evaluations"": 1000, ""operators"": ""UNIFORM"", ""population_size"": 20, ""seed"": 3, ""time_budget_ms"": 300000}",ok,FEASIBLE,True,0.08088105186546697,0.08088105186546699,True,80.756001,41.0,1.0,300009.0,2418225,308.468,,5,884,
stockOrch_146588263_infrastructure_180|random-search#seed3,stockOrch,180,146588263,stockOrch_146588263_infrastructure_180,random-search,3,"{""iterations_count"": 1000, ""seed"": 3, ""time_budget_ms"": 300000}",ok,FEASIBLE,True,0.09158251643851868,0.09158251643851868,True,91.26707803000001,38.0,1.0,300009.0,2501331,305.498,,5,884,
stockOrch_146588263_infrastructure_180|evolutionary-heuristics#seed4,stockOrch,180,146588263,stockOrch_146588263_infrastructure_180,evolutionary-heuristics,4,"{""algorithm"": ""NSGAII"", ""max_evaluations"": 1000, ""operators"": ""UNIFORM"", ""population_size"": 20, ""seed"": 4, ""time_budget_ms"": 300000}",ok,FEASIBLE,True,0.08088105186546697,0.08088105186546699,True,80.756001,41.0,1.0,300009.0,2647556,305.464,,5,884,
stockOrch_146588263_infrastructure_180|random-search#seed4,stockOrch,180,146588263,stockOrch_146588263_infrastructure_180,random-search,4,"{""iterations_count"": 1000, ""seed"": 4, ""time_budget_ms"": 300000}",ok,FEASIBLE,True,0.089524356281308,0.089524356281308,True,85.75335247,46.0,1.0,299947.0,2570773,305.123,,5,884,
stockOrch_146588263_infrastructure_180|evolutionary-heuristics#seed5,stockOrch,180,146588263,stockOrch_146588263_infrastructure_180,evolutionary-heuristics,5,"{""algorithm"": ""NSGAII"", ""max_evaluations"": 1000, ""operators"": ""UNIFORM"", ""population_size"": 20, ""seed"": 5, ""time_budget_ms"": 300000}",ok,FEASIBLE,True,0.08088105186546697,0.08088105186546699,True,80.756001,41.0,1.0,299947.0,2685922,306.426,,5,884,
stockOrch_146588263_infrastructure_180|random-search#seed5,stockOrch,180,146588263,stockOrch_146588263_infrastructure_180,random-search,5,"{""iterations_count"": 1000, ""seed"": 5, ""time_budget_ms"": 300000}",ok,FEASIBLE,True,0.09079553414610386,0.09079553414610386,True,87.77517164999999,44.0,1.0,300004.0,2476789,305.072,,5,884,
stockOrch_146588263_infrastructure_180|evolutionary-heuristics#seed6,stockOrch,180,146588263,stockOrch_146588263_infrastructure_180,evolutionary-heuristics,6,"{""algorithm"": ""NSGAII"", ""max_evaluations"": 1000, ""operators"": ""UNIFORM"", ""population_size"": 20, ""seed"": 6, ""time_budget_ms"": 300000}",ok,FEASIBLE,True,0.08088105186546697,0.08088105186546699,True,80.756001,41.0,1.0,300004.0,2562960,305.375,,5,884,
stockOrch_146588263_infrastructure_180|random-search#seed6,stockOrch,180,146588263,stockOrch_146588263_infrastructure_180,random-search,6,"{""iterations_count"": 1000, ""seed"": 6, ""time_budget_ms"": 300000}",ok,FEASIBLE,True,0.09637372009025695,0.09637372009025695,True,97.2229672,34.0,1.0,300004.0,1909960,305.87,,5,884,
stockOrch_146588263_infrastructure_180|evolutionary-heuristics#seed7,stockOrch,180,146588263,stockOrch_146588263_infrastructure_180,evolutionary-heuristics,7,"{""algorithm"": ""NSGAII"", ""max_evaluations"": 1000, ""operators"": ""UNIFORM"", ""population_size"": 20, ""seed"": 7, ""time_budget_ms"": 300000}",ok,FEASIBLE,True,0.08088105186546697,0.08088105186546699,True,80.756001,41.0,1.0,300004.0,1993589,305.447,,5,884,
stockOrch_146588263_infrastructure_180|random-search#seed7,stockOrch,180,146588263,stockOrch_146588263_infrastructure_180,random-search,7,"{""iterations_count"": 1000, ""seed"": 7, ""time_budget_ms"": 300000}",ok,FEASIBLE,True,0.08803097071189617,0.08803097071189617,True,87.07097953,40.5,1.0,300022.0,2274940,308.318,,5,884,
stockOrch_146588263_infrastructure_180|evolutionary-heuristics#seed8,stockOrch,180,146588263,stockOrch_146588263_infrastructure_180,evolutionary-heuristics,8,"{""algorithm"": ""NSGAII"", ""max_evaluations"": 1000, ""operators"": ""UNIFORM"", ""population_size"": 20, ""seed"": 8, ""time_budget_ms"": 300000}",ok,FEASIBLE,True,0.08088105186546697,0.08088105186546699,True,80.756001,41.0,1.0,300023.0,2410021,306.881,,5,884,
stockOrch_146588263_infrastructure_180|random-search#seed8,stockOrch,180,146588263,stockOrch_146588263_infrastructure_180,random-search,8,"{""iterations_count"": 1000, ""seed"": 8, ""time_budget_ms"": 300000}",ok,FEASIBLE,True,0.09261477784725762,0.09261477784725762,True,89.08689307499999,44.5,1.0,300009.0,1984348,306.586,,5,884,
stockOrch_146588263_infrastructure_180|evolutionary-heuristics#seed9,stockOrch,180,146588263,stockOrch_146588263_infrastructure_180,evolutionary-heuristics,9,"{""algorithm"": ""NSGAII"", ""max_evaluations"": 1000, ""operators"": ""UNIFORM"", ""population_size"": 20, ""seed"": 9, ""time_budget_ms"": 300000}",ok,FEASIBLE,True,0.08088105186546697,0.08088105186546699,True,80.756001,41.0,1.0,300009.0,2115988,307.185,,5,884,
stockOrch_146588263_infrastructure_180|random-search#seed9,stockOrch,180,146588263,stockOrch_146588263_infrastructure_180,random-search,9,"{""iterations_count"": 1000, ""seed"": 9, ""time_budget_ms"": 300000}",ok,FEASIBLE,True,0.09335382494190742,0.09335382494190742,True,92.538038975,38.5,1.0,300008.0,2349177,305.132,,5,884,
stockOrch_146588263_infrastructure_180|evolutionary-heuristics#seed10,stockOrch,180,146588263,stockOrch_146588263_infrastructure_180,evolutionary-heuristics,10,"{""algorithm"": ""NSGAII"", ""max_evaluations"": 1000, ""operators"": ""UNIFORM"", ""population_size"": 20, ""seed"": 10, ""time_budget_ms"": 300000}",ok,FEASIBLE,True,0.08088105186546697,0.08088105186546699,True,80.756001,41.0,1.0,300010.0,2504117,306.985,,5,884,
stockOrch_146588263_infrastructure_180|random-search#seed10,stockOrch,180,146588263,stockOrch_146588263_infrastructure_180,random-search,10,"{""iterations_count"": 1000, ""seed"": 10, ""time_budget_ms"": 300000}",ok,FEASIBLE,True,0.09690800114143183,0.09690800114143183,True,92.972752975,44.0,1.0,299998.0,1999577,306.381,,5,884,
stockOrch_146588263_infrastructure_185|evolutionary-heuristics#seed1,stockOrch,185,146588263,stockOrch_146588263_infrastructure_185,evolutionary-heuristics,1,"{""algorithm"": ""NSGAII"", ""max_evaluations"": 1000, ""operators"": ""UNIFORM"", ""population_size"": 20, ""seed"": 1, ""time_budget_ms"": 300000}",ok,FEASIBLE,True,0.07541460747306614,0.07541460747306614,True,93.48890349999999,25.0,1.0,299995.0,1859171,308.527,,5,866,
stockOrch_146588263_infrastructure_185|random-search#seed1,stockOrch,185,146588263,stockOrch_146588263_infrastructure_185,random-search,1,"{""iterations_count"": 1000, ""seed"": 1, ""time_budget_ms"": 300000}",ok,FEASIBLE,True,0.0905164403062993,0.0905164403062993,True,96.620565505,46.5,1.0,300010.0,1736724,308.294,,5,866,
stockOrch_146588263_infrastructure_185|evolutionary-heuristics#seed2,stockOrch,185,146588263,stockOrch_146588263_infrastructure_185,evolutionary-heuristics,2,"{""algorithm"": ""NSGAII"", ""max_evaluations"": 1000, ""operators"": ""UNIFORM"", ""population_size"": 20, ""seed"": 2, ""time_budget_ms"": 300000}",ok,FEASIBLE,True,0.0729352753977941,0.0729352753977941,True,88.43531389,30.0,1.0,300009.0,1780704,307.298,,5,866,
stockOrch_146588263_infrastructure_185|random-search#seed2,stockOrch,185,146588263,stockOrch_146588263_infrastructure_185,random-search,2,"{""iterations_count"": 1000, ""seed"": 2, ""time_budget_ms"": 300000}",ok,FEASIBLE,True,0.08511141174922442,0.08511141174922442,True,96.726443275,36.5,1.0,300009.0,2076921,306.587,,5,866,
stockOrch_146588263_infrastructure_185|evolutionary-heuristics#seed3,stockOrch,185,146588263,stockOrch_146588263_infrastructure_185,evolutionary-heuristics,3,"{""algorithm"": ""NSGAII"", ""max_evaluations"": 1000, ""operators"": ""UNIFORM"", ""population_size"": 20, ""seed"": 3, ""time_budget_ms"": 300000}",ok,FEASIBLE,True,0.0729352753977941,0.0729352753977941,True,88.43531389,30.0,1.0,300009.0,2144397,308.387,,5,866,
stockOrch_146588263_infrastructure_185|random-search#seed3,stockOrch,185,146588263,stockOrch_146588263_infrastructure_185,random-search,3,"{""iterations_count"": 1000, ""seed"": 3, ""time_budget_ms"": 300000}",ok,FEASIBLE,True,0.08257168850794931,0.08257168850794931,True,96.93648082,31.5,1.0,299956.0,2028360,307.07,,5,866,
stockOrch_146588263_infrastructure_185|evolutionary-heuristics#seed4,stockOrch,185,146588263,stockOrch_146588263_infrastructure_185,evolutionary-heuristics,4,"{""algorithm"": ""NSGAII"", ""max_evaluations"": 1000, ""operators"": ""UNIFORM"", ""population_size"": 20, ""seed"": 4, ""time_budget_ms"": 300000}",ok,FEASIBLE,True,0.07541460747306614,0.07541460747306614,True,93.48890349999999,25.0,1.0,299955.0,2090018,307.927,,5,866,
stockOrch_146588263_infrastructure_185|random-search#seed4,stockOrch,185,146588263,stockOrch_146588263_infrastructure_185,random-search,4,"{""iterations_count"": 1000, ""seed"": 4, ""time_budget_ms"": 300000}",ok,FEASIBLE,True,0.08438767055029842,0.08438767055029842,True,94.96362809500002,38.5,1.0,300006.0,2006955,306.893,,5,866,
stockOrch_146588263_infrastructure_185|evolutionary-heuristics#seed5,stockOrch,185,146588263,stockOrch_146588263_infrastructure_185,evolutionary-heuristics,5,"{""algorithm"": ""NSGAII"", ""max_evaluations"": 1000, ""operators"": ""UNIFORM"", ""population_size"": 20, ""seed"": 5, ""time_budget_ms"": 300000}",ok,FEASIBLE,True,0.07541460747306614,0.07541460747306614,True,93.48890349999999,25.0,1.0,300006.0,2120404,307.049,,5,866,
stockOrch_146588263_infrastructure_185|random-search#seed5,stockOrch,185,146588263,stockOrch_146588263_infrastructure_185,random-search,5,"{""iterations_count"": 1000, ""seed"": 5, ""time_budget_ms"": 300000}",ok,FEASIBLE,True,0.0810780963886796,0.0810780963886796,True,94.69682972499999,33.0,1.0,299980.0,2148835,306.162,,5,866,
stockOrch_146588263_infrastructure_185|evolutionary-heuristics#seed6,stockOrch,185,146588263,stockOrch_146588263_infrastructure_185,evolutionary-heuristics,6,"{""algorithm"": ""NSGAII"", ""max_evaluations"": 1000, ""operators"": ""UNIFORM"", ""population_size"": 20, ""seed"": 6, ""time_budget_ms"": 300000}",ok,FEASIBLE,True,0.0729352753977941,0.0729352753977941,True,88.43531389,30.0,1.0,300006.0,2140120,305.946,,5,866,
stockOrch_146588263_infrastructure_185|random-search#seed6,stockOrch,185,146588263,stockOrch_146588263_infrastructure_185,random-search,6,"{""iterations_count"": 1000, ""seed"": 6, ""time_budget_ms"": 300000}",ok,FEASIBLE,True,0.08590554408714139,0.08590554408714139,True,94.29966292,42.5,1.0,300013.0,2075797,307.606,,5,866,
stockOrch_146588263_infrastructure_185|evolutionary-heuristics#seed7,stockOrch,185,146588263,stockOrch_146588263_infrastructure_185,evolutionary-heuristics,7,"{""algorithm"": ""NSGAII"", ""max_evaluations"": 1000, ""operators"": ""UNIFORM"", ""population_size"": 20, ""seed"": 7, ""time_budget_ms"": 300000}",ok,FEASIBLE,True,0.0729352753977941,0.0729352753977941,True,88.43531389,30.0,1.0,299987.0,2144112,306.906,,5,866,
stockOrch_146588263_infrastructure_185|random-search#seed7,stockOrch,185,146588263,stockOrch_146588263_infrastructure_185,random-search,7,"{""iterations_count"": 1000, ""seed"": 7, ""time_budget_ms"": 300000}",ok,FEASIBLE,True,0.08515767866761464,0.08515767866761464,True,99.16595033,32.0,1.0,300009.0,2087018,306.25,,5,866,
stockOrch_146588263_infrastructure_185|evolutionary-heuristics#seed8,stockOrch,185,146588263,stockOrch_146588263_infrastructure_185,evolutionary-heuristics,8,"{""algorithm"": ""NSGAII"", ""max_evaluations"": 1000, ""operators"": ""UNIFORM"", ""population_size"": 20, ""seed"": 8, ""time_budget_ms"": 300000}",ok,FEASIBLE,True,0.0729352753977941,0.0729352753977941,True,88.43531389,30.0,1.0,300008.0,2167148,305.967,,5,866,
stockOrch_146588263_infrastructure_185|random-search#seed8,stockOrch,185,146588263,stockOrch_146588263_infrastructure_185,random-search,8,"{""iterations_count"": 1000, ""seed"": 8, ""time_budget_ms"": 300000}",ok,FEASIBLE,True,0.08888414789021117,0.08888414789021117,True,97.70630338999999,41.5,1.0,300006.0,2349469,305.371,,5,866,
stockOrch_146588263_infrastructure_185|evolutionary-heuristics#seed9,stockOrch,185,146588263,stockOrch_146588263_infrastructure_185,evolutionary-heuristics,9,"{""algorithm"": ""NSGAII"", ""max_evaluations"": 1000, ""operators"": ""UNIFORM"", ""population_size"": 20, ""seed"": 9, ""time_budget_ms"": 300000}",ok,FEASIBLE,True,0.0729352753977941,0.0729352753977941,True,88.43531389,30.0,1.0,300003.0,2337860,305.393,,5,866,
stockOrch_146588263_infrastructure_185|random-search#seed9,stockOrch,185,146588263,stockOrch_146588263_infrastructure_185,random-search,9,"{""iterations_count"": 1000, ""seed"": 9, ""time_budget_ms"": 300000}",ok,FEASIBLE,True,0.08960752020553443,0.08960752020553443,True,104.790669185,29.5,1.0,300003.0,2255374,306.549,,5,866,
stockOrch_146588263_infrastructure_185|evolutionary-heuristics#seed10,stockOrch,185,146588263,stockOrch_146588263_infrastructure_185,evolutionary-heuristics,10,"{""algorithm"": ""NSGAII"", ""max_evaluations"": 1000, ""operators"": ""UNIFORM"", ""population_size"": 20, ""seed"": 10, ""time_budget_ms"": 300000}",ok,FEASIBLE,True,0.0729352753977941,0.0729352753977941,True,88.43531389,30.0,1.0,300001.0,2328499,306.464,,5,866,
stockOrch_146588263_infrastructure_185|random-search#seed10,stockOrch,185,146588263,stockOrch_146588263_infrastructure_185,random-search,10,"{""iterations_count"": 1000, ""seed"": 10, ""time_budget_ms"": 300000}",ok,FEASIBLE,True,0.09096293618063363,0.09096293618063363,True,99.44630655499999,42.0,1.0,300008.0,2428141,305.675,,5,866,
stockOrch_146588263_infrastructure_190|evolutionary-heuristics#seed1,stockOrch,190,146588263,stockOrch_146588263_infrastructure_190,evolutionary-heuristics,1,"{""algorithm"": ""NSGAII"", ""max_evaluations"": 1000, ""operators"": ""UNIFORM"", ""population_size"": 20, ""seed"": 1, ""time_budget_ms"": 300000}",ok,FEASIBLE,True,0.07635187509786162,0.07635187509786162,True,93.695056955,23.0,1.0,300008.0,2387732,306.359,,5,1039,
stockOrch_146588263_infrastructure_190|random-search#seed1,stockOrch,190,146588263,stockOrch_146588263_infrastructure_190,random-search,1,"{""iterations_count"": 1000, ""seed"": 1, ""time_budget_ms"": 300000}",ok,FEASIBLE,True,0.08290856925554656,0.08290856925554656,True,91.27940305499999,39.5,1.0,300009.0,2259593,306.151,,5,1039,
stockOrch_146588263_infrastructure_190|evolutionary-heuristics#seed2,stockOrch,190,146588263,stockOrch_146588263_infrastructure_190,evolutionary-heuristics,2,"{""algorithm"": ""NSGAII"", ""max_evaluations"": 1000, ""operators"": ""UNIFORM"", ""population_size"": 20, ""seed"": 2, ""time_budget_ms"": 300000}",ok,FEASIBLE,True,0.07635187509786162,0.07635187509786162,True,93.695056955,23.0,1.0,300008.0,2270766,306.762,,5,1039,
stockOrch_146588263_infrastructure_190|random-search#seed2,stockOrch,190,146588263,stockOrch_146588263_infrastructure_190,random-search,2,"{""iterations_count"": 1000, ""seed"": 2, ""time_budget_ms"": 300000}",ok,FEASIBLE,True,0.07830915040645041,0.07830915040645041,True,88.98222434499999,35.5,1.0,299979.0,2308684,306.135,,5,1039,
stockOrch_146588263_infrastructure_190|evolutionary-heuristics#seed3,stockOrch,190,146588263,stockOrch_146588263_infrastructure_190,evolutionary-heuristics,3,"{""algorithm"": ""NSGAII"", ""max_evaluations"": 1000, ""operators"": ""UNIFORM"", ""population_size"": 20, ""seed"": 3, ""time_budget_ms"": 300000}",ok,FEASIBLE,True,0.07581230059004891,0.07581230059004891,True,88.43531389,32.0,1.0,299979.0,2317618,305.982,,5,1039,
stockOrch_146588263_infrastructure_190|random-search#seed3,stockOrch,190,146588263,stockOrch_146588263_infrastructure_190,random-search,3,"{""iterations_count"": 1000, ""seed"": 3, ""time_budget_ms"": 300000}",ok,FEASIBLE,True,0.08255609841406585,0.08255609841406585,True,90.151326045,41.0,1.0,300008.0,2462787,306.703,,5,1039,
stockOrch_146588263_infrastructure_190|evolutionary-heuristics#seed4,stockOrch,190,146588263,stockOrch_146588263_infrastructure_190,evolutionary-heuristics,4,"{""algorithm"": ""NSGAII"", ""max_evaluations"": 1000, ""operators"": ""UNIFORM"", ""population_size"": 20, ""seed"": 4, ""time_budget_ms"": 300000}",ok,FEASIBLE,True,0.07581230059004891,0.07581230059004891,True,88.43531389,32.0,1.0,300009.0,2466223,305.912,,5,1039,
stockOrch_146588263_infrastructure_190|random-search#seed4,stockOrch,190,146588263,stockOrch_146588263_infrastructure_190,random-search,4,"{""iterations_count"": 1000, ""seed"": 4, ""time_budget_ms"": 300000}",ok,FEASIBLE,True,0.08467819866678661,0.08467819866678661,True,92.97429122499999,39.5,1.0,300009.0,2399771,306.009,,5,1039,
stockOrch_146588263_infrastructure_190|evolutionary-heuristics#seed5,stockOrch,190,146588263,stockOrch_146588263_infrastructure_190,evolutionary-heuristics,5,"{""algorithm"": ""NSGAII"", ""max_evaluations"": 1000, ""operators"": ""UNIFORM"", ""population_size"": 20, ""seed"": 5, ""time_budget_ms"": 300000}",ok,FEASIBLE,True,0.07581230059004891,0.07581230059004891,True,88.43531389,32.0,1.0,300010.0,2443727,306.954,,5,1039,
stockOrch_146588263_infrastructure_190|random-search#seed5,stockOrch,190,146588263,stockOrch_146588263_infrastructure_190,random-search,5,"{""iterations_count"": 1000, ""seed"": 5, ""time_budget_ms"": 300000}",ok,FEASIBLE,True,0.08089928565514268,0.08089928565514268,True,88.82798731,40.5,1.0,299984.0,2417289,305.696,,5,1039,
stockOrch_146588263_infrastructure_190|evolutionary-heuristics#seed6,stockOrch,190,146588263,stockOrch_146588263_infrastructure_190,evolutionary-heuristics,6,"{""algorithm"": ""NSGAII"", ""max_evaluations"": 1000, ""operators"": ""UNIFORM"", ""population_size"": 20, ""seed"": 6, ""time_budget_ms"": 300000}",ok,FEASIBLE,True,0.07581230059004891,0.07581230059004891,True,88.43531389,32.0,1.0,299981.0,2423806,305.887,,5,1039,
stockOrch_146588263_infrastructure_190|random-search#seed6,stockOrch,190,146588263,stockOrch_146588263_infrastructure_190,random-search,6,"{""iterations_count"": 1000, ""seed"": 6, ""time_budget_ms"": 300000}",ok,FEASIBLE,True,0.08275800164095484,0.08275800164095484,True,93.770171285,34.5,1.0,300009.0,2431695,305.942,,5,1039,
stockOrch_146588263_infrastructure_190|evolutionary-heuristics#seed7,stockOrch,190,146588263,stockOrch_146588263_infrastructure_190,evolutionary-heuristics,7,"{""algorithm"": ""NSGAII"", ""max_evaluations"": 1000, ""operators"": ""UNIFORM"", ""population_size"": 20, ""seed"": 7, ""time_budget_ms"": 300000}",ok,FEASIBLE,True,0.07581230059004891,0.07581230059004891,True,88.43531389,32.0,1.0,300009.0,2464242,305.915,,5,1039,
stockOrch_146588263_infrastructure_190|random-search#seed7,stockOrch,190,146588263,stockOrch_146588263_infrastructure_190,random-search,7,"{""iterations_count"": 1000, ""seed"": 7, ""time_budget_ms"": 300000}",ok,FEASIBLE,True,0.08250928522436124,0.08250928522436124,True,91.68747596,38.0,1.0,300009.0,2460679,305.884,,5,1039,
stockOrch_146588263_infrastructure_190|evolutionary-heuristics#seed8,stockOrch,190,146588263,stockOrch_146588263_infrastructure_190,evolutionary-heuristics,8,"{""algorithm"": ""NSGAII"", ""max_evaluations"": 1000, ""operators"": ""UNIFORM"", ""population_size"": 20, ""seed"": 8, ""time_budget_ms"": 300000}",ok,FEASIBLE,True,0.07635187509786162,0.07635187509786162,True,93.695056955,23.0,1.0,300010.0,2434026,305.706,,5,1039,
stockOrch_146588263_infrastructure_190|random-search#seed8,stockOrch,190,146588263,stockOrch_146588263_infrastructure_190,random-search,8,"{""iterations_count"": 1000, ""seed"": 8, ""time_budget_ms"": 300000}",ok,FEASIBLE,True,0.08397159819302683,0.08397159819302683,True,90.45305082,43.0,1.0,299968.0,2441790,305.688,,5,1039,
stockOrch_146588263_infrastructure_190|evolutionary-heuristics#seed9,stockOrch,190,146588263,stockOrch_146588263_infrastructure_190,evolutionary-heuristics,9,"{""algorithm"": ""NSGAII"", ""max_evaluations"": 1000, ""operators"": ""UNIFORM"", ""population_size"": 20, ""seed"": 9, ""time_budget_ms"": 300000}",ok,FEASIBLE,True,0.07581230059004891,0.07581230059004891,True,88.43531389,32.0,1.0,299967.0,2432618,305.678,,5,1039,
stockOrch_146588263_infrastructure_190|random-search#seed9,stockOrch,190,146588263,stockOrch_146588263_infrastructure_190,random-search,9,"{""iterations_count"": 1000, ""seed"": 9, ""time_budget_ms"": 300000}",ok,FEASIBLE,True,0.08366323168359367,0.08366323168359367,True,91.47519660500001,40.5,1.0,300008.0,2492232,305.776,,5,1039,
stockOrch_146588263_infrastructure_190|evolutionary-heuristics#seed10,stockOrch,190,146588263,stockOrch_146588263_infrastructure_190,evolutionary-heuristics,10,"{""algorithm"": ""NSGAII"", ""max_evaluations"": 1000, ""operators"": ""UNIFORM"", ""population_size"": 20, ""seed"": 10, ""time_budget_ms"": 300000}",ok,FEASIBLE,True,0.07635187509786162,0.07635187509786162,True,93.695056955,23.0,1.0,300008.0,2461723,305.69,,5,1039,
stockOrch_146588263_infrastructure_190|random-search#seed10,stockOrch,190,146588263,stockOrch_146588263_infrastructure_190,random-search,10,"{""iterations_count"": 1000, ""seed"": 10, ""time_budget_ms"": 300000}",ok,FEASIBLE,True,0.0818852883803859,0.0818852883803859,True,88.19135976,43.5,1.0,300008.0,2466813,305.689,,5,1039,
stockOrch_146588263_infrastructure_195|evolutionary-heuristics#seed1,stockOrch,195,146588263,stockOrch_146588263_infrastructure_195,evolutionary-heuristics,1,"{""algorithm"": ""NSGAII"", ""max_evaluations"": 1000, ""operators"": ""UNIFORM"", ""population_size"": 20, ""seed"": 1, ""time_budget_ms"": 300000}",ok,FEASIBLE,True,0.07164881732336248,0.0716488173233625,True,80.44739071,31.0,1.0,300007.0,2762438,304.735,,5,713,
stockOrch_146588263_infrastructure_195|random-search#seed1,stockOrch,195,146588263,stockOrch_146588263_infrastructure_195,random-search,1,"{""iterations_count"": 1000, ""seed"": 1, ""time_budget_ms"": 300000}",ok,FEASIBLE,True,0.08904358452012195,0.08904358452012195,True,94.81655068999999,36.0,1.0,299963.0,2683023,304.676,,5,713,
stockOrch_146588263_infrastructure_195|evolutionary-heuristics#seed2,stockOrch,195,146588263,stockOrch_146588263_infrastructure_195,evolutionary-heuristics,2,"{""algorithm"": ""NSGAII"", ""max_evaluations"": 1000, ""operators"": ""UNIFORM"", ""population_size"": 20, ""seed"": 2, ""time_budget_ms"": 300000}",ok,FEASIBLE,True,0.07164881732336248,0.0716488173233625,True,80.44739071,31.0,1.0,299963.0,2754883,304.626,,5,713,
stockOrch_146588263_infrastructure_195|random-search#seed2,stockOrch,195,146588263,stockOrch_146588263_infrastructure_195,random-search,2,"{""iterations_count"": 1000, ""seed"": 2, ""time_budget_ms"": 300000}",ok,FEASIBLE,True,0.08451578284148019,0.08451578284148019,True,90.10342467,36.5,1.0,300006.0,2654556,304.825,,5,713,
stockOrch_146588263_infrastructure_195|evolutionary-heuristics#seed3,stockOrch,195,146588263,stockOrch_146588263_infrastructure_195,evolutionary-heuristics,3,"{""algorithm"": ""NSGAII"", ""max_evaluations"": 1000, ""operators"": ""UNIFORM"", ""population_size"": 20, ""seed"": 3, ""time_budget_ms"": 300000}",ok,FEASIBLE,True,0.07164881732336248,0.0716488173233625,True,80.44739071,31.0,1.0,300006.0,2690460,304.645,,5,713,
stockOrch_146588263_infrastructure_195|random-search#seed3,stockOrch,195,146588263,stockOrch_146588263_infrastructure_195,random-search,3,"{""iterations_count"": 1000, ""seed"": 3, ""time_budget_ms"": 300000}",ok,FEASIBLE,True,0.08105432465605178,0.08105432465605178,True,88.59687008,33.0,1.0,300006.0,2651584,304.961,,5,713,
stockOrch_146588263_infrastructure_195|evolutionary-heuristics#seed4,stockOrch,195,146588263,stockOrch_146588263_infrastructure_195,evolutionary-heuristics,4,"{""algorithm"": ""NSGAII"", ""max_evaluations"": 1000, ""operators"": ""UNIFORM"", ""population_size"": 20, ""seed"": 4, ""time_budget_ms"": 300000}",ok,FEASIBLE,True,0.07164881732336248,0.0716488173233625,True,80.44739071,31.0,1.0,300007.0,2653276,305.006,,5,713,
stockOrch_146588263_infrastructure_195|random-search#seed4,stockOrch,195,146588263,stockOrch_146588263_infrastructure_195,random-search,4,"{""iterations_count"": 1000, ""seed"": 4, ""time_budget_ms"": 300000}",ok,FEASIBLE,True,0.08669458933351569,0.08669458933351569,True,94.941693015,31.5,1.0,300003.0,2481428,305.419,,5,713,
stockOrch_146588263_infrastructure_195|evolutionary-heuristics#seed5,stockOrch,195,146588263,stockOrch_146588263_infrastructure_195,evolutionary-heuristics,5,"{""algorithm"": ""NSGAII"", ""max_evaluations"": 1000, ""operators"": ""UNIFORM"", ""population_size"": 20, ""seed"": 5, ""time_budget_ms"": 300000}",ok,FEASIBLE,True,0.07164881732336248,0.0716488173233625,True,80.44739071,31.0,1.0,300003.0,2544370,305.475,,5,713,
stockOrch_146588263_infrastructure_195|random-search#seed5,stockOrch,195,146588263,stockOrch_146588263_infrastructure_195,random-search,5,"{""iterations_count"": 1000, ""seed"": 5, ""time_budget_ms"": 300000}",ok,FEASIBLE,True,0.0819479900280553,0.0819479900280553,True,90.01386222,32.0,1.0,300009.0,2472952,305.42,,5,713,
stockOrch_146588263_infrastructure_195|evolutionary-heuristics#seed6,stockOrch,195,146588263,stockOrch_146588263_infrastructure_195,evolutionary-heuristics,6,"{""algorithm"": ""NSGAII"", ""max_evaluations"": 1000, ""operators"": ""UNIFORM"", ""population_size"": 20, ""seed"": 6, ""time_budget_ms"": 300000}",ok,FEASIBLE,True,0.07164881732336248,0.0716488173233625,True,80.44739071,31.0,1.0,300007.0,2496450,305.391,,5,713,
stockOrch_146588263_infrastructure_195|random-search#seed6,stockOrch,195,146588263,stockOrch_146588263_infrastructure_195,random-search,6,"{""iterations_count"": 1000, ""seed"": 6, ""time_budget_ms"": 300000}",ok,FEASIBLE,True,0.08393411632770464,0.08393411632770464,True,87.3724638,40.5,1.0,300010.0,2796238,305.809,,5,713,
stockOrch_146588263_infrastructure_195|evolutionary-heuristics#seed7,stockOrch,195,146588263,stockOrch_146588263_infrastructure_195,evolutionary-heuristics,7,"{""algorithm"": ""NSGAII"", ""max_evaluations"": 1000, ""operators"": ""UNIFORM"", ""population_size"": 20, ""seed"": 7, ""time_budget_ms"": 300000}",ok,FEASIBLE,True,0.07164881732336248,0.0716488173233625,True,80.44739071,31.0,1.0,300010.0,2871562,304.996,,5,713,
stockOrch_146588263_infrastructure_195|random-search#seed7,stockOrch,195,146588263,stockOrch_146588263_infrastructure_195,random-search,7,"{""iterations_count"": 1000, ""seed"": 7, ""time_budget_ms"": 300000}",ok,FEASIBLE,True,0.08187532930591325,0.08187532930591325,True,89.13249504499998,33.5,1.0,300040.0,2810992,304.813,,5,713,
stockOrch_146588263_infrastructure_195|evolutionary-heuristics#seed8,stockOrch,195,146588263,stockOrch_146588263_infrastructure_195,evolutionary-heuristics,8,"{""algorithm"": ""NSGAII"", ""max_evaluations"": 1000, ""operators"": ""UNIFORM"", ""population_size"": 20, ""seed"": 8, ""time_budget_ms"": 300000}",ok,FEASIBLE,True,0.07164881732336248,0.0716488173233625,True,80.44739071,31.0,1.0,300040.0,2858990,305.204,,5,713,
stockOrch_146588263_infrastructure_195|random-search#seed8,stockOrch,195,146588263,stockOrch_146588263_infrastructure_195,random-search,8,"{""iterations_count"": 1000, ""seed"": 8, ""time_budget_ms"": 300000}",ok,FEASIBLE,True,0.08056650648915795,0.08056650648915795,True,88.65822086,32.0,1.0,300010.0,2783461,304.77,,5,713,
stockOrch_146588263_infrastructure_195|evolutionary-heuristics#seed9,stockOrch,195,146588263,stockOrch_146588263_infrastructure_195,evolutionary-heuristics,9,"{""algorithm"": ""NSGAII"", ""max_evaluations"": 1000, ""operators"": ""UNIFORM"", ""population_size"": 20, ""seed"": 9, ""time_budget_ms"": 300000}",ok,FEASIBLE,True,0.07164881732336248,0.0716488173233625,True,80.44739071,31.0,1.0,300009.0,2810866,304.947,,5,713,
stockOrch_146588263_infrastructure_195|random-search#seed9,stockOrch,195,146588263,stockOrch_146588263_infrastructure_195,random-search,9,"{""iterations_count"": 1000, ""seed"": 9, ""time_budget_ms"": 300000}",ok,FEASIBLE,True,0.0833707981820625,0.0833707981820625,True,87.89977068000002,38.5,1.0,300009.0,2794427,304.585,,5,713,
stockOrch_146588263_infrastructure_195|evolutionary-heuristics#seed10,stockOrch,195,146588263,stockOrch_146588263_infrastructure_195,evolutionary-heuristics,10,"{""algorithm"": ""NSGAII"", ""max_evaluations"": 1000, ""operators"": ""UNIFORM"", ""population_size"": 20, ""seed"": 10, ""time_budget_ms"": 300000}",ok,FEASIBLE,True,0.07164881732336248,0.0716488173233625,True,80.44739071,31.0,1.0,300008.0,2825843,304.671,,5,713,
stockOrch_146588263_infrastructure_195|random-search#seed10,stockOrch,195,146588263,stockOrch_146588263_infrastructure_195,random-search,10,"{""iterations_count"": 1000, ""seed"": 10, ""time_budget_ms"": 300000}",ok,FEASIBLE,True,0.08893302729993147,0.08893302729993147,True,94.70806156500001,36.0,1.0,299997.0,2811287,304.816,,5,713,
stockOrch_146588263_infrastructure_200|evolutionary-heuristics#seed1,stockOrch,200,146588263,stockOrch_146588263_infrastructure_200,evolutionary-heuristics,1,"{""algorithm"": ""NSGAII"", ""max_evaluations"": 1000, ""operators"": ""UNIFORM"", ""population_size"": 20, ""seed"": 1, ""time_budget_ms"": 300000}",ok,FEASIBLE,True,0.08946548130817655,0.08946548130817655,True,79.93681153,36.0,1.0,299997.0,2599222,305.051,,5,745,
stockOrch_146588263_infrastructure_200|random-search#seed1,stockOrch,200,146588263,stockOrch_146588263_infrastructure_200,random-search,1,"{""iterations_count"": 1000, ""seed"": 1, ""time_budget_ms"": 300000}",ok,FEASIBLE,True,0.10034516764688059,0.10034516764688059,True,89.84406308999999,37.0,1.0,300012.0,2032150,305.173,,5,745,
stockOrch_146588263_infrastructure_200|evolutionary-heuristics#seed2,stockOrch,200,146588263,stockOrch_146588263_infrastructure_200,evolutionary-heuristics,2,"{""algorithm"": ""NSGAII"", ""max_evaluations"": 1000, ""operators"": ""UNIFORM"", ""population_size"": 20, ""seed"": 2, ""time_budget_ms"": 300000}",ok,FEASIBLE,True,0.08946548130817655,0.08946548130817655,True,79.93681153,36.0,1.0,300023.0,1973399,304.982,,5,745,
stockOrch_146588263_infrastructure_200|random-search#seed2,stockOrch,200,146588263,stockOrch_146588263_infrastructure_200,random-search,2,"{""iterations_count"": 1000, ""seed"": 2, ""time_budget_ms"": 300000}",ok,FEASIBLE,True,0.09904811648014711,0.09904811648014711,True,88.07216480999999,38.0,1.0,300010.0,2472963,305.942,,5,745,
stockOrch_146588263_infrastructure_200|evolutionary-heuristics#seed3,stockOrch,200,146588263,stockOrch_146588263_infrastructure_200,evolutionary-heuristics,3,"{""algorithm"": ""NSGAII"", ""max_evaluations"": 1000, ""operators"": ""UNIFORM"", ""population_size"": 20, ""seed"": 3, ""time_budget_ms"": 300000}",ok,FEASIBLE,True,0.08946548130817655,0.08946548130817655,True,79.93681153,36.0,1.0,300010.0,2555687,306.774,,5,745,
stockOrch_146588263_infrastructure_200|random-search#seed3,stockOrch,200,146588263,stockOrch_146588263_infrastructure_200,random-search,3,"{""iterations_count"": 1000, ""seed"": 3, ""time_budget_ms"": 300000}",ok,FEASIBLE,True,0.09432833307488213,0.09432833307488213,True,77.9563787,48.588,1.0,299997.0,2351110,305.509,,5,745,
stockOrch_146588263_infrastructure_200|evolutionary-heuristics#seed4,stockOrch,200,146588263,stockOrch_146588263_infrastructure_200,evolutionary-heuristics,4,"{""algorithm"": ""NSGAII"", ""max_evaluations"": 1000, ""operators"": ""UNIFORM"", ""population_size"": 20, ""seed"": 4, ""time_budget_ms"": 300000}",ok,FEASIBLE,True,0.08946548130817655,0.08946548130817655,True,79.93681153,36.0,1.0,299996.0,2386924,305.739,,5,745,
stockOrch_146588263_infrastructure_200|random-search#seed4,stockOrch,200,146588263,stockOrch_146588263_infrastructure_200,random-search,4,"{""iterations_count"": 1000, ""seed"": 4, ""time_budget_ms"": 300000}",ok,FEASIBLE,True,0.08283728168605377,0.08283728168605377,True,69.04629341,44.588,1.0,300009.0,2370445,305.224,,5,745,
stockOrch_146588263_infrastructure_200|evolutionary-heuristics#seed5,stockOrch,200,146588263,stockOrch_146588263_infrastructure_200,evolutionary-heuristics,5,"{""algorithm"": ""NSGAII"", ""max_evaluations"": 1000, ""operators"": ""UNIFORM"", ""population_size"": 20, ""seed"": 5, ""time_budget_ms"": 300000}",ok,FEASIBLE,True,0.08946548130817655,0.08946548130817655,True,79.93681153,36.0,1.0,300008.0,2309365,305.089,,5,745,
stockOrch_146588263_infrastructure_200|random-search#seed5,stockOrch,200,146588263,stockOrch_146588263_infrastructure_200,random-search,5,"{""iterations_count"": 1000, ""seed"": 5, ""time_budget_ms"": 300000}",ok,FEASIBLE,True,0.09481378846498256,0.09481378846498256,True,84.53871703499999,37.0,1.0,300009.0,2151975,306.228,,5,745,
stockOrch_146588263_infrastructure_200|evolutionary-heuristics#seed6,stockOrch,200,146588263,stockOrch_146588263_infrastructure_200,evolutionary-heuristics,6,"{""algorithm"": ""NSGAII"", ""max_evaluations"": 1000, ""operators"": ""UNIFORM"", ""population_size"": 20, ""seed"": 6, ""time_budget_ms"": 300000}",ok,FEASIBLE,True,0.08946548130817655,0.08946548130817655,True,79.93681153,36.0,1.0,300008.0,2209666,307.078,,5,745,
stockOrch_146588263_infrastructure_200|random-search#seed6,stockOrch,200,146588263,stockOrch_146588263_infrastructure_200,random-search,6,"{""iterations_count"": 1000, ""seed"": 6, ""time_budget_ms"": 300000}",ok,FEASIBLE,True,0.0868816264960599,0.0868816264960599,True,75.83091876,39.0835,1.0,299953.0,2088130,305.724,,5,745,
stockOrch_146588263_infrastructure_200|evolutionary-heuristics#seed7,stockOrch,200,146588263,stockOrch_146588263_infrastructure_200,evolutionary-heuristics,7,"{""algorithm"": ""NSGAII"", ""max_evaluations"": 1000, ""operators"": ""UNIFORM"", ""population_size"": 20, ""seed"": 7, ""time_budget_ms"": 300000}",ok,FEASIBLE,True,0.08946548130817655,0.08946548130817655,True,79.93681153,36.0,1.0,299952.0,2128772,306.652,,5,745,
stockOrch_146588263_infrastructure_200|random-search#seed7,stockOrch,200,146588263,stockOrch_146588263_infrastructure_200,random-search,7,"{""iterations_count"": 1000, ""seed"": 7, ""time_budget_ms"": 300000}",ok,FEASIBLE,True,0.08221325711808448,0.08221325711808448,True,67.91991931,45.588,1.0,300006.0,2415796,305.857,,5,745,
stockOrch_146588263_infrastructure_200|evolutionary-heuristics#seed8,stockOrch,200,146588263,stockOrch_146588263_infrastructure_200,evolutionary-heuristics,8,"{""algorithm"": ""NSGAII"", ""max_evaluations"": 1000, ""operators"": ""UNIFORM"", ""population_size"": 20, ""seed"": 8, ""time_budget_ms"": 300000}",ok,FEASIBLE,True,0.08946548130817655,0.08946548130817655,True,79.93681153,36.0,1.0,300006.0,2480868,305.647,,5,745,
stockOrch_146588263_infrastructure_200|random-search#seed8,stockOrch,200,146588263,stockOrch_146588263_infrastructure_200,random-search,8,"{""iterations_count"": 1000, ""seed"": 8, ""time_budget_ms"": 300000}",ok,FEASIBLE,True,0.09795614457075807,0.09795614457075807,True,79.85978533,51.574,1.0,300007.0,2520990,305.092,,5,745,
stockOrch_146588263_infrastructure_200|evolutionary-heuristics#seed9,stockOrch,200,146588263,stockOrch_146588263_infrastructure_200,evolutionary-heuristics,9,"{""algorithm"": ""NSGAII"", ""max_evaluations"": 1000, ""operators"": ""UNIFORM"", ""population_size"": 20, ""seed"": 9, ""time_budget_ms"": 300000}",ok,FEASIBLE,True,0.08946548130817655,0.08946548130817655,True,79.93681153,36.0,1.0,300006.0,2538274,305.385,,5,745,
stockOrch_146588263_infrastructure_200|random-search#seed9,stockOrch,200,146588263,stockOrch_146588263_infrastructure_200,random-search,9,"{""iterations_count"": 1000, ""seed"": 9, ""time_budget_ms"": 300000}",ok,FEASIBLE,True,0.10039384459563969,0.10039384459563969,True,87.51542797500001,41.5,1.0,299972.0,2436480,305.097,,5,745,
stockOrch_146588263_infrastructure_200|evolutionary-heuristics#seed10,stockOrch,200,146588263,stockOrch_146588263_infrastructure_200,evolutionary-heuristics,10,"{""algorithm"": ""NSGAII"", ""max_evaluations"": 1000, ""operators"": ""UNIFORM"", ""population_size"": 20, ""seed"": 10, ""time_budget_ms"": 300000}",ok,FEASIBLE,True,0.08946548130817655,0.08946548130817655,True,79.93681153,36.0,1.0,299970.0,2473788,305.814,,5,745,
stockOrch_146588263_infrastructure_200|random-search#seed10,stockOrch,200,146588263,stockOrch_146588263_infrastructure_200,random-search,10,"{""iterations_count"": 1000, ""seed"": 10, ""time_budget_ms"": 300000}",ok,FEASIBLE,True,0.10115566973752776,0.10115566973752776,True,90.09359545000001,38.0,1.0,300006.0,2522693,305.18,,5,745,
stockOrch_146588263_infrastructure_205|evolutionary-heuristics#seed1,stockOrch,205,146588263,stockOrch_146588263_infrastructure_205,evolutionary-heuristics,1,"{""algorithm"": ""NSGAII"", ""max_evaluations"": 1000, ""operators"": ""UNIFORM"", ""population_size"": 20, ""seed"": 1, ""time_budget_ms"": 300000}",ok,FEASIBLE,True,0.07602328027408355,0.07602328027408355,True,58.807623240000005,40.793,1.0,300007.0,2328254,307.028,,5,1259,
stockOrch_146588263_infrastructure_205|random-search#seed1,stockOrch,205,146588263,stockOrch_146588263_infrastructure_205,random-search,1,"{""iterations_count"": 1000, ""seed"": 1, ""time_budget_ms"": 300000}",ok,FEASIBLE,True,0.11683715440029491,0.11683715440029491,True,94.91700449999999,38.0,1.0,300006.0,2284100,307.127,,5,1259,
stockOrch_146588263_infrastructure_205|evolutionary-heuristics#seed2,stockOrch,205,146588263,stockOrch_146588263_infrastructure_205,evolutionary-heuristics,2,"{""algorithm"": ""NSGAII"", ""max_evaluations"": 1000, ""operators"": ""UNIFORM"", ""population_size"": 20, ""seed"": 2, ""time_budget_ms"": 300000}",ok,FEASIBLE,True,0.07602328027408355,0.07602328027408355,True,58.807623240000005,40.793,1.0,300006.0,2309494,306.936,,5,1259,
stockOrch_146588263_infrastructure_205|random-search#seed2,stockOrch,205,146588263,stockOrch_146588263_infrastructure_205,random-search,2,"{""iterations_count"": 1000, ""seed"": 2, ""time_budget_ms"": 300000}",ok,FEASIBLE,True,0.11340607254906937,0.11340607254906937,True,93.86851096,34.0,1.0,299960.0,2252046,308.304,,5,1259,
stockOrch_146588263_infrastructure_205|evolutionary-heuristics#seed3,stockOrch,205,146588263,stockOrch_146588263_infrastructure_205,evolutionary-heuristics,3,"{""algorithm"": ""NSGAII"", ""max_evaluations"": 1000, ""operators"": ""UNIFORM"", ""population_size"": 20, ""seed"": 3, ""time_budget_ms"": 300000}",ok,FEASIBLE,True,0.09822923702393302,0.09822923702393302,True,81.39763328999999,33.0,1.0,299959.0,2342583,306.881,,5,1259,
stockOrch_146588263_infrastructure_205|random-search#seed3,stockOrch,205,146588263,stockOrch_146588263_infrastructure_205,random-search,3,"{""iterations_count"": 1000, ""seed"": 3, ""time_budget_ms"": 300000}",ok,FEASIBLE,True,0.11557184753890254,0.11557184753890254,True,93.83817564499999,38.0,1.0,300004.0,2341699,306.975,,5,1259,
stockOrch_146588263_infrastructure_205|evolutionary-heuristics#seed4,stockOrch,205,146588263,stockOrch_146588263_infrastructure_205,evolutionary-heuristics,4,"{""algorithm"": ""NSGAII"", ""max_evaluations"": 1000, ""operators"": ""UNIFORM"", ""population_size"": 20, ""seed"": 4, ""time_budget_ms"": 300000}",ok,FEASIBLE,True,0.09822923702393302,0.09822923702393302,True,81.39763328999999,33.0,1.0,300004.0,2453511,306.918,,5,1259,
stockOrch_146588263_infrastructure_205|random-search#seed4,stockOrch,205,146588263,stockOrch_146588263_infrastructure_205,random-search,4,"{""iterations_count"": 1000, ""seed"": 4, ""time_budget_ms"": 300000}",ok,FEASIBLE,True,0.11397338240651425,0.11397338240651425,True,91.536826925,40.0,1.0,300005.0,2338077,306.867,,5,1259,
stockOrch_146588263_infrastructure_205|evolutionary-heuristics#seed5,stockOrch,205,146588263,stockOrch_146588263_infrastructure_205,evolutionary-heuristics,5,"{""algorithm"": ""NSGAII"", ""max_evaluations"": 1000, ""operators"": ""UNIFORM"", ""population_size"": 20, ""seed"": 5, ""time_budget_ms"": 300000}",ok,FEASIBLE,True,0.09822923702393302,0.09822923702393302,True,81.39763328999999,33.0,1.0,300004.0,2394832,307.037,,5,1259,
stockOrch_146588263_infrastructure_205|random-search#seed5,stockOrch,205,146588263,stockOrch_146588263_infrastructure_205,random-search,5,"{""iterations_count"": 1000, ""seed"": 5, ""time_budget_ms"": 300000}",ok,FEASIBLE,True,0.11729834734973942,0.11729834734973942,True,94.371766205,40.0,1.0,300005.0,2311402,306.975,,5,1259,
stockOrch_146588263_infrastructure_205|evolutionary-heuristics#seed6,stockOrch,205,146588263,stockOrch_146588263_infrastructure_205,evolutionary-heuristics,6,"{""algorithm"": ""NSGAII"", ""max_evaluations"": 1000, ""operators"": ""UNIFORM"", ""population_size"": 20, ""seed"": 6, ""time_budget_ms"": 300000}",ok,FEASIBLE,True,0.09822923702393302,0.09822923702393302,True,81.39763328999999,33.0,1.0,300005.0,2384761,306.88,,5,1259,
stockOrch_146588263_infrastructure_205|random-search#seed6,stockOrch,205,146588263,stockOrch_146588263_infrastructure_205,random-search,6,"{""iterations_count"": 1000, ""seed"": 6, ""time_budget_ms"": 300000}",ok,FEASIBLE,True,0.110622440385671,0.110622440385671,True,84.577253725,48.742999999999995,1.0,300033.0,2267509,307.277,,5,1259,
stockOrch_146588263_infrastructure_205|evolutionary-heuristics#seed7,stockOrch,205,146588263,stockOrch_146588263_infrastructure_205,evolutionary-heuristics,7,"{""algorithm"": ""NSGAII"", ""max_evaluations"": 1000, ""operators"": ""UNIFORM"", ""population_size"": 20, ""seed"": 7, ""time_budget_ms"": 300000}",ok,FEASIBLE,True,0.09822923702393302,0.09822923702393302,True,81.39763328999999,33.0,1.0,300032.0,2294085,306.937,,5,1259,
stockOrch_146588263_infrastructure_205|random-search#seed7,stockOrch,205,146588263,stockOrch_146588263_infrastructure_205,random-search,7,"{""iterations_count"": 1000, ""seed"": 7, ""time_budget_ms"": 300000}",ok,FEASIBLE,True,0.11324368303497895,0.11324368303497895,True,91.85313065500002,38.0,1.0,300009.0,2353586,308.307,,5,1259,
stockOrch_146588263_infrastructure_205|evolutionary-heuristics#seed8,stockOrch,205,146588263,stockOrch_146588263_infrastructure_205,evolutionary-heuristics,8,"{""algorithm"": ""NSGAII"", ""max_evaluations"": 1000, ""operators"": ""UNIFORM"", ""population_size"": 20, ""seed"": 8, ""time_budget_ms"": 300000}",ok,FEASIBLE,True,0.09822923702393302,0.09822923702393302,True,81.39763328999999,33.0,1.0,300010.0,2415604,306.925,,5,1259,
stockOrch_146588263_infrastructure_205|random-search#seed8,stockOrch,205,146588263,stockOrch_146588263_infrastructure_205,random-search,8,"{""iterations_count"": 1000, ""seed"": 8, ""time_budget_ms"": 300000}",ok,FEASIBLE,True,0.1069916070568688,0.1069916070568688,True,88.39939459499999,34.0,1.0,300009.0,2186517,306.727,,5,1259,
stockOrch_146588263_infrastructure_205|evolutionary-heuristics#seed9,stockOrch,205,146588263,stockOrch_146588263_infrastructure_205,evolutionary-heuristics,9,"{""algorithm"": ""NSGAII"", ""max_evaluations"": 1000, ""operators"": ""UNIFORM"", ""population_size"": 20, ""seed"": 9, ""time_budget_ms"": 300000}",ok,FEASIBLE,True,0.09822923702393302,0.09822923702393302,True,81.39763328999999,33.0,1.0,300009.0,2318726,308.675,,5,1259,
stockOrch_146588263_infrastructure_205|random-search#seed9,stockOrch,205,146588263,stockOrch_146588263_infrastructure_205,random-search,9,"{""iterations_count"": 1000, ""seed"": 9, ""time_budget_ms"": 300000}",ok,FEASIBLE,True,0.11256429812903965,0.11256429812903965,True,91.74310277500001,37.0,1.0,299981.0,2411184,306.745,,5,1259,
stockOrch_146588263_infrastructure_205|evolutionary-heuristics#seed10,stockOrch,205,146588263,stockOrch_146588263_infrastructure_205,evolutionary-heuristics,10,"{""algorithm"": ""NSGAII"", ""max_evaluations"": 1000, ""operators"": ""UNIFORM"", ""population_size"": 20, ""seed"": 10, ""time_budget_ms"": 300000}",ok,FEASIBLE,True,0.09822923702393302,0.09822923702393302,True,81.39763328999999,33.0,1.0,299996.0,2456883,306.703,,5,1259,
stockOrch_146588263_infrastructure_205|random-search#seed10,stockOrch,205,146588263,stockOrch_146588263_infrastructure_205,random-search,10,"{""iterations_count"": 1000, ""seed"": 10, ""time_budget_ms"": 300000}",ok,FEASIBLE,True,0.11063649208997166,0.11063649208997166,True,89.86479692,37.5,1.0,300009.0,2420381,306.817,,5,1259,
stockOrch_146588263_infrastructure_210|evolutionary-heuristics#seed1,stockOrch,210,146588263,stockOrch_146588263_infrastructure_210,evolutionary-heuristics,1,"{""algorithm"": ""NSGAII"", ""max_evaluations"": 1000, ""operators"": ""UNIFORM"", ""population_size"": 20, ""seed"": 1, ""time_budget_ms"": 300000}",ok,FEASIBLE,True,0.08959267235373651,0.08959267235373651,True,89.67074618,28.0,1.0,300009.0,3217064,305.219,,5,759,
stockOrch_146588263_infrastructure_210|random-search#seed1,stockOrch,210,146588263,stockOrch_146588263_infrastructure_210,random-search,1,"{""iterations_count"": 1000, ""seed"": 1, ""time_budget_ms"": 300000}",ok,FEASIBLE,True,0.09490220758514739,0.09490220758514739,True,88.611192335,39.5,1.0,300010.0,3081352,305.036,,5,759,
stockOrch_146588263_infrastructure_210|evolutionary-heuristics#seed2,stockOrch,210,146588263,stockOrch_146588263_infrastructure_210,evolutionary-heuristics,2,"{""algorithm"": ""NSGAII"", ""max_evaluations"": 1000, ""operators"": ""UNIFORM"", ""population_size"": 20, ""seed"": 2, ""time_budget_ms"": 300000}",ok,FEASIBLE,True,0.08959267235373651,0.08959267235373651,True,89.67074618,28.0,1.0,300012.0,3182586,304.945,,5,759,
stockOrch_146588263_infrastructure_210|random-search#seed2,stockOrch,210,146588263,stockOrch_146588263_infrastructure_210,random-search,2,"{""iterations_count"": 1000, ""seed"": 2, ""time_budget_ms"": 300000}",ok,FEASIBLE,True,0.1009224137934301,0.1009224137934301,True,93.971294435,41.0,1.0,300016.0,3102796,304.994,,5,759,
stockOrch_146588263_infrastructure_210|evolutionary-heuristics#seed3,stockOrch,210,146588263,stockOrch_146588263_infrastructure_210,evolutionary-heuristics,3,"{""algorithm"": ""NSGAII"", ""max_evaluations"": 1000, ""operators"": ""UNIFORM"", ""population_size"": 20, ""seed"": 3, ""time_budget_ms"": 300000}",ok,FEASIBLE,True,0.08886566942090121,0.08886566942090121,True,88.35183491,29.0,1.0,300012.0,3210419,304.975,,5,759,
stockOrch_146588263_infrastructure_210|random-search#seed3,stockOrch,210,146588263,stockOrch_146588263_infrastructure_210,random-search,3,"{""iterations_count"": 1000, ""seed"": 3, ""time_budget_ms"": 300000}",ok,FEASIBLE,True,0.09940524008550503,0.09940524008550503,True,98.376058195,30.5,1.0,299994.0,3115057,305.223,,5,759,
stockOrch_146588263_infrastructure_210|evolutionary-heuristics#seed4,stockOrch,210,146588263,stockOrch_146588263_infrastructure_210,evolutionary-heuristics,4,"{""algorithm"": ""NSGAII"", ""max_evaluations"": 1000, ""operators"": ""UNIFORM"", ""population_size"": 20, ""seed"": 4, ""time_budget_ms"": 300000}",ok,FEASIBLE,True,0.08886566942090121,0.08886566942090121,True,88.35183491,29.0,1.0,299993.0,3177538,304.922,,5,759,
stockOrch_146588263_infrastructure_210|random-search#seed4,stockOrch,210,146588263,stockOrch_146588263_infrastructure_210,random-search,4,"{""iterations_count"": 1000, ""seed"": 4, ""time_budget_ms"": 300000}",ok,FEASIBLE,True,0.09790265199261716,0.09790265199261716,True,91.99205306,39.0,1.0,300009.0,3092586,305.625,,5,759,
stockOrch_146588263_infrastructure_210|evolutionary-heuristics#seed5,stockOrch,210,146588263,stockOrch_146588263_infrastructure_210,evolutionary-heuristics,5,"{""algorithm"": ""NSGAII"", ""max_evaluations"": 1000, ""operators"": ""UNIFORM"", ""population_size"": 20, ""seed"": 5, ""time_budget_ms"": 300000}",ok,FEASIBLE,True,0.08482984297820195,0.08482984297820195,True,76.12765726,43.173,1.0,300002.0,3246439,304.947,,5,759,
stockOrch_146588263_infrastructure_210|random-search#seed5,stockOrch,210,146588263,stockOrch_146588263_infrastructure_210,random-search,5,"{""iterations_count"": 1000, ""seed"": 5, ""time_budget_ms"": 300000}",ok,FEASIBLE,True,0.10036347701903062,0.10036347701903062,True,95.100321315,38.0,1.0,299992.0,3110126,304.983,,5,759,
stockOrch_146588263_infrastructure_210|evolutionary-heuristics#seed6,stockOrch,210,146588263,stockOrch_146588263_infrastructure_210,evolutionary-heuristics,6,"{""algorithm"": ""NSGAII"", ""max_evaluations"": 1000, ""operators"": ""UNIFORM"", ""population_size"": 20, ""seed"": 6, ""time_budget_ms"": 300000}",ok,FEASIBLE,True,0.08959267235373651,0.08959267235373651,True,89.67074618,28.0,1.0,300008.0,3210514,305.447,,5,759,
stockOrch_146588263_infrastructure_210|random-search#seed6,stockOrch,210,146588263,stockOrch_146588263_infrastructure_210,random-search,6,"{""iterations_count"": 1000, ""seed"": 6, ""time_budget_ms"": 300000}",ok,FEASIBLE,True,0.1022832779092756,0.1022832779092756,True,95.94436967,40.0,1.0,300009.0,3091920,305.049,,5,759,
stockOrch_146588263_infrastructure_210|evolutionary-heuristics#seed7,stockOrch,210,146588263,stockOrch_146588263_infrastructure_210,evolutionary-heuristics,7,"{""algorithm"": ""NSGAII"", ""max_evaluations"": 1000, ""operators"": ""UNIFORM"", ""population_size"": 20, ""seed"": 7, ""time_budget_ms"": 300000}",ok,FEASIBLE,True,0.08886566942090121,0.08886566942090121,True,88.35183491,29.0,1.0,300009.0,3154695,305.485,,5,759,
stockOrch_146588263_infrastructure_210|random-search#seed7,stockOrch,210,146588263,stockOrch_146588263_infrastructure_210,random-search,7,"{""iterations_count"": 1000, ""seed"": 7, ""time_budget_ms"": 300000}",ok,FEASIBLE,True,0.10482091683357726,0.10482091683357726,True,96.85742342,43.0,1.0,300010.0,2988733,304.998,,5,759,
stockOrch_146588263_infrastructure_210|evolutionary-heuristics#seed8,stockOrch,210,146588263,stockOrch_146588263_infrastructure_210,evolutionary-heuristics,8,"{""algorithm"": ""NSGAII"", ""max_evaluations"": 1000, ""operators"": ""UNIFORM"", ""population_size"": 20, ""seed"": 8, ""time_budget_ms"": 300000}",ok,FEASIBLE,True,0.08482984297820195,0.08482984297820195,True,76.12765726,43.173,1.0,299970.0,3069700,305.569,,5,759,
stockOrch_146588263_infrastructure_210|random-search#seed8,stockOrch,210,146588263,stockOrch_146588263_infrastructure_210,random-search,8,"{""iterations_count"": 1000, ""seed"": 8, ""time_budget_ms"": 300000}",ok,FEASIBLE,True,0.10590545504452233,0.10590545504452233,True,101.104121815,37.5,1.0,299966.0,3058239,305.255,,5,759,
stockOrch_146588263_infrastructure_210|evolutionary-heuristics#seed9,stockOrch,210,146588263,stockOrch_146588263_infrastructure_210,evolutionary-heuristics,9,"{""algorithm"": ""NSGAII"", ""max_evaluations"": 1000, ""operators"": ""UNIFORM"", ""population_size"": 20, ""seed"": 9, ""time_budget_ms"": 300000}",ok,FEASIBLE,True,0.08959267235373651,0.08959267235373651,True,89.67074618,28.0,1.0,300004.0,3205645,305.134,,5,759,
stockOrch_146588263_infrastructure_210|random-search#seed9,stockOrch,210,146588263,stockOrch_146588263_infrastructure_210,random-search,9,"{""iterations_count"": 1000, ""seed"": 9, ""time_budget_ms"": 300000}",ok,FEASIBLE,True,0.1022995678651556,0.1022995678651556,True,96.81411469,38.5,1.0,300010.0,3114783,305.334,,5,759,
stockOrch_146588263_infrastructure_210|evolutionary-heuristics#seed10,stockOrch,210,146588263,stockOrch_146588263_infrastructure_210,evolutionary-heuristics,10,"{""algorithm"": ""NSGAII"", ""max_evaluations"": 1000, ""operators"": ""UNIFORM"", ""population_size"": 20, ""seed"": 10, ""time_budget_ms"": 300000}",ok,FEASIBLE,True,0.08886566942090121,0.08886566942090121,True,88.35183491,29.0,1.0,300008.0,3184715,305.007,,5,759,
stockOrch_146588263_infrastructure_210|random-search#seed10,stockOrch,210,146588263,stockOrch_146588263_infrastructure_210,random-search,10,"{""iterations_count"": 1000, ""seed"": 10, ""time_budget_ms"": 300000}",ok,FEASIBLE,True,0.10013804843210951,0.10013804843210951,True,96.004916565,36.0,1.0,299997.0,2954529,304.969,,5,759,
stockOrch_146588263_infrastructure_215|evolutionary-heuristics#seed1,stockOrch,215,146588263,stockOrch_146588263_infrastructure_215,evolutionary-heuristics,1,"{""algorithm"": ""NSGAII"", ""max_evaluations"": 1000, ""operators"": ""UNIFORM"", ""population_size"": 20, ""seed"": 1, ""time_budget_ms"": 300000}",ok,FEASIBLE,True,0.1073548863968568,0.1073548863968568,True,85.87081367,28.0,1.0,299989.0,2434922,308.054,,5,1199,
stockOrch_146588263_infrastructure_215|random-search#seed1,stockOrch,215,146588263,stockOrch_146588263_infrastructure_215,random-search,1,"{""iterations_count"": 1000, ""seed"": 1, ""time_budget_ms"": 300000}",ok,FEASIBLE,True,0.12524726550009302,0.12524726550009302,True,93.69019768,42.5,1.0,300000.0,2498971,306.901,,5,1199,
stockOrch_146588263_infrastructure_215|evolutionary-heuristics#seed2,stockOrch,215,146588263,stockOrch_146588263_infrastructure_215,evolutionary-heuristics,2,"{""algorithm"": ""NSGAII"", ""max_evaluations"": 1000, ""operators"": ""UNIFORM"", ""population_size"": 20, ""seed"": 2, ""time_budget_ms"": 300000}",ok,FEASIBLE,True,0.08655884695250299,0.08655884695250299,True,65.142887325,37.8125,1.0,300008.0,2493536,306.73,,5,1199,
stockOrch_146588263_infrastructure_215|random-search#seed2,stockOrch,215,146588263,stockOrch_146588263_infrastructure_215,random-search,2,"{""iterations_count"": 1000, ""seed"": 2, ""time_budget_ms"": 300000}",ok,FEASIBLE,True,0.1199031752380445,0.1199031752380445,True,91.865039295,37.0,1.0,300009.0,2489322,306.945,,5,1199,
stockOrch_146588263_infrastructure_215|evolutionary-heuristics#seed3,stockOrch,215,146588263,stockOrch_146588263_infrastructure_215,evolutionary-heuristics,3,"{""algorithm"": ""NSGAII"", ""max_evaluations"": 1000, ""operators"": ""UNIFORM"", ""population_size"": 20, ""seed"": 3, ""time_budget_ms"": 300000}",ok,FEASIBLE,True,0.1073548863968568,0.1073548863968568,True,85.87081367,28.0,1.0,300010.0,2520980,306.734,,5,1199,
stockOrch_146588263_infrastructure_215|random-search#seed3,stockOrch,215,146588263,stockOrch_146588263_infrastructure_215,random-search,3,"{""iterations_count"": 1000, ""seed"": 3, ""time_budget_ms"": 300000}",ok,FEASIBLE,True,0.10794823815727063,0.10794823815727063,True,74.86221929,54.295,1.0,300013.0,2482712,307.048,,5,1199,
stockOrch_146588263_infrastructure_215|evolutionary-heuristics#seed4,stockOrch,215,146588263,stockOrch_146588263_infrastructure_215,evolutionary-heuristics,4,"{""algorithm"": ""NSGAII"", ""max_evaluations"": 1000, ""operators"": ""UNIFORM"", ""population_size"": 20, ""seed"": 4, ""time_budget_ms"": 300000}",ok,FEASIBLE,True,0.08655884695250299,0.08655884695250299,True,65.142887325,37.8125,1.0,300016.0,2496438,307.295,,5,1199,
stockOrch_146588263_infrastructure_215|random-search#seed4,stockOrch,215,146588263,stockOrch_146588263_infrastructure_215,random-search,4,"{""iterations_count"": 1000, ""seed"": 4, ""time_budget_ms"": 300000}",ok,FEASIBLE,True,0.12050947760067102,0.12050947760067102,True,90.59847710999999,41.0,1.0,300010.0,2486529,306.989,,5,1199,
stockOrch_146588263_infrastructure_215|evolutionary-heuristics#seed5,stockOrch,215,146588263,stockOrch_146588263_infrastructure_215,evolutionary-heuristics,5,"{""algorithm"": ""NSGAII"", ""max_evaluations"": 1000, ""operators"": ""UNIFORM"", ""population_size"": 20, ""seed"": 5, ""time_budget_ms"": 300000}",ok,FEASIBLE,True,0.1073548863968568,0.1073548863968568,True,85.87081367,28.0,1.0,300010.0,2558294,306.902,,5,1199,
stockOrch_146588263_infrastructure_215|random-search#seed5,stockOrch,215,146588263,stockOrch_146588263_infrastructure_215,random-search,5,"{""iterations_count"": 1000, ""seed"": 5, ""time_budget_ms"": 300000}",ok,FEASIBLE,True,0.12350333102390125,0.12350333102390125,True,100.16817629,24.5,1.0,300010.0,2444117,306.728,,5,1199,
stockOrch_146588263_infrastructure_215|evolutionary-heuristics#seed6,stockOrch,215,146588263,stockOrch_146588263_infrastructure_215,evolutionary-heuristics,6,"{""algorithm"": ""NSGAII"", ""max_evaluations"": 1000, ""operators"": ""UNIFORM"", ""population_size"": 20, ""seed"": 6, ""time_budget_ms"": 300000}",ok,FEASIBLE,True,0.1073548863968568,0.1073548863968568,True,85.87081367,28.0,1.0,300008.0,2514933,307.087,,5,1199,
stockOrch_146588263_infrastructure_215|random-search#seed6,stockOrch,215,146588263,stockOrch_146588263_infrastructure_215,random-search,6,"{""iterations_count"": 1000, ""seed"": 6, ""time_budget_ms"": 300000}",ok,FEASIBLE,True,0.11235146103619376,0.11235146103619376,True,86.329916535,36.0,1.0,300008.0,2491441,306.938,,5,1199,
stockOrch_146588263_infrastructure_215|evolutionary-heuristics#seed7,stockOrch,215,146588263,stockOrch_146588263_infrastructure_215,evolutionary-heuristics,7,"{""algorithm"": ""NSGAII"", ""max_evaluations"": 1000, ""operators"": ""UNIFORM"", ""population_size"": 20, ""seed"": 7, ""time_budget_ms"": 300000}",ok,FEASIBLE,True,0.1073548863968568,0.1073548863968568,True,85.87081367,28.0,1.0,300008.0,2486137,306.747,,5,1199,
stockOrch_146588263_infrastructure_215|random-search#seed7,stockOrch,215,146588263,stockOrch_146588263_infrastructure_215,random-search,7,"{""iterations_count"": 1000, ""seed"": 7, ""time_budget_ms"": 300000}",ok,FEASIBLE,True,0.1244541850999357,0.1244541850999357,True,93.06305823999999,42.5,1.0,300010.0,2497766,306.991,,5,1199,
stockOrch_146588263_infrastructure_215|evolutionary-heuristics#seed8,stockOrch,215,146588263,stockOrch_146588263_infrastructure_215,evolutionary-heuristics,8,"{""algorithm"": ""NSGAII"", ""max_evaluations"": 1000, ""operators"": ""UNIFORM"", ""population_size"": 20, ""seed"": 8, ""time_budget_ms"": 300000}",ok,FEASIBLE,True,0.08808578290438492,0.08808578290438492,True,64.34221016,42.413,1.0,300009.0,2504738,306.78,,5,1199,
stockOrch_146588263_infrastructure_215|random-search#seed8,stockOrch,215,146588263,stockOrch_146588263_infrastructure_215,random-search,8,"{""iterations_count"": 1000, ""seed"": 8, ""time_budget_ms"": 300000}",ok,FEASIBLE,True,0.1189130733908255,0.1189130733908255,True,92.609856125,33.5,1.0,300009.0,2449510,306.924,,5,1199,
stockOrch_146588263_infrastructure_215|evolutionary-heuristics#seed9,stockOrch,215,146588263,stockOrch_146588263_infrastructure_215,evolutionary-heuristics,9,"{""algorithm"": ""NSGAII"", ""max_evaluations"": 1000, ""operators"": ""UNIFORM"", ""population_size"": 20, ""seed"": 9, ""time_budget_ms"": 300000}",ok,FEASIBLE,True,0.08655884695250299,0.08655884695250299,True,65.142887325,37.8125,1.0,300009.0,2454788,306.839,,5,1199,
stockOrch_146588263_infrastructure_215|random-search#seed9,stockOrch,215,146588263,stockOrch_146588263_infrastructure_215,random-search,9,"{""iterations_count"": 1000, ""seed"": 9, ""time_budget_ms"": 300000}",ok,FEASIBLE,True,0.11496373680898647,0.11496373680898647,True,87.95910914,37.0,1.0,299989.0,2203484,306.914,,5,1199,
stockOrch_146588263_infrastructure_215|evolutionary-heuristics#seed10,stockOrch,215,146588263,stockOrch_146588263_infrastructure_215,evolutionary-heuristics,10,"{""algorithm"": ""NSGAII"", ""max_evaluations"": 1000, ""operators"": ""UNIFORM"", ""population_size"": 20, ""seed"": 10, ""time_budget_ms"": 300000}",ok,FEASIBLE,True,0.1073548863968568,0.1073548863968568,True,85.87081367,28.0,1.0,299991.0,2237857,311.141,,5,1199,
stockOrch_146588263_infrastructure_215|random-search#seed10,stockOrch,215,146588263,stockOrch_146588263_infrastructure_215,random-search,10,"{""iterations_count"": 1000, ""seed"": 10, ""time_budget_ms"": 300000}",ok,FEASIBLE,True,0.11905875785843328,0.11905875785843328,True,86.788207125,47.101,1.0,300009.0,2410820,307.298,,5,1199,
stockOrch_146588263_infrastructure_220|evolutionary-heuristics#seed1,stockOrch,220,146588263,stockOrch_146588263_infrastructure_220,evolutionary-heuristics,1,"{""algorithm"": ""NSGAII"", ""max_evaluations"": 1000, ""operators"": ""UNIFORM"", ""population_size"": 20, ""seed"": 1, ""time_budget_ms"": 300000}",ok,FEASIBLE,True,0.0711105825887737,0.0711105825887737,True,65.171698785,37.201499999999996,1.0,300009.0,2737261,305.68,,5,780,
stockOrch_146588263_infrastructure_220|random-search#seed1,stockOrch,220,146588263,stockOrch_146588263_infrastructure_220,random-search,1,"{""iterations_count"": 1000, ""seed"": 1, ""time_budget_ms"": 300000}",ok,FEASIBLE,True,0.09193268219351622,0.09193268219351622,True,84.365445555,41.101,1.0,300009.0,2752071,306.137,,5,780,
stockOrch_146588263_infrastructure_220|evolutionary-heuristics#seed2,stockOrch,220,146588263,stockOrch_146588263_infrastructure_220,evolutionary-heuristics,2,"{""algorithm"": ""NSGAII"", ""max_evaluations"": 1000, ""operators"": ""UNIFORM"", ""population_size"": 20, ""seed"": 2, ""time_budget_ms"": 300000}",ok,FEASIBLE,True,0.0711105825887737,0.0711105825887737,True,65.171698785,37.201499999999996,1.0,300009.0,2825737,306.111,,5,780,
stockOrch_146588263_infrastructure_220|random-search#seed2,stockOrch,220,146588263,stockOrch_146588263_infrastructure_220,random-search,2,"{""iterations_count"": 1000, ""seed"": 2, ""time_budget_ms"": 300000}",ok,FEASIBLE,True,0.1026059438420198,0.1026059438420198,True,99.63320816,33.5,1.0,299947.0,2854518,305.833,,5,780,
stockOrch_146588263_infrastructure_220|evolutionary-heuristics#seed3,stockOrch,220,146588263,stockOrch_146588263_infrastructure_220,evolutionary-heuristics,3,"{""algorithm"": ""NSGAII"", ""max_evaluations"": 1000, ""operators"": ""UNIFORM"", ""population_size"": 20, ""seed"": 3, ""time_budget_ms"": 300000}",ok,FEASIBLE,True,0.0711105825887737,0.0711105825887737,True,65.171698785,37.201499999999996,1.0,299945.0,2894533,305.435,,5,780,
stockOrch_146588263_infrastructure_220|random-search#seed3,stockOrch,220,146588263,stockOrch_146588263_infrastructure_220,random-search,3,"{""iterations_count"": 1000, ""seed"": 3, ""time_budget_ms"": 300000}",ok,FEASIBLE,True,0.08791412243025161,0.08791412243025161,True,79.87244506,41.742999999999995,1.0,300004.0,2830163,305.515,,5,780,
stockOrch_146588263_infrastructure_220|evolutionary-heuristics#seed4,stockOrch,220,146588263,stockOrch_146588263_infrastructure_220,evolutionary-heuristics,4,"{""algorithm"": ""NSGAII"", ""max_evaluations"": 1000, ""operators"": ""UNIFORM"", ""population_size"": 20, ""seed"": 4, ""time_budget_ms"": 300000}",ok,FEASIBLE,True,0.0711105825887737,0.0711105825887737,True,65.171698785,37.201499999999996,1.0,300004.0,2838901,305.549,,5,780,
stockOrch_146588263_infrastructure_220|random-search#seed4,stockOrch,220,146588263,stockOrch_146588263_infrastructure_220,random-search,4,"{""iterations_count"": 1000, ""seed"": 4, ""time_budget_ms"": 300000}",ok,FEASIBLE,True,0.0943112971293899,0.0943112971293899,True,82.60766726,48.531499999999994,1.0,300005.0,2831770,305.541,,5,780,
stockOrch_146588263_infrastructure_220|evolutionary-heuristics#seed5,stockOrch,220,146588263,stockOrch_146588263_infrastructure_220,evolutionary-heuristics,5,"{""algorithm"": ""NSGAII"", ""max_evaluations"": 1000, ""operators"": ""UNIFORM"", ""population_size"": 20, ""seed"": 5, ""time_budget_ms"": 300000}",ok,FEASIBLE,True,0.0711105825887737,0.0711105825887737,True,65.171698785,37.201499999999996,1.0,300005.0,2870110,305.478,,5,780,
stockOrch_146588263_infrastructure_220|random-search#seed5,stockOrch,220,146588263,stockOrch_146588263_infrastructure_220,random-search,5,"{""iterations_count"": 1000, ""seed"": 5, ""time_budget_ms"": 300000}",ok,FEASIBLE,True,0.0844679745175266,0.0844679745175266,True,72.678206415,48.201499999999996,1.0,299943.0,2834753,305.4,,5,780,
stockOrch_146588263_infrastructure_220|evolutionary-heuristics#seed6,stockOrch,220,146588263,stockOrch_146588263_infrastructure_220,evolutionary-heuristics,6,"{""algorithm"": ""NSGAII"", ""max_evaluations"": 1000, ""operators"": ""UNIFORM"", ""population_size"": 20, ""seed"": 6, ""time_budget_ms"": 300000}",ok,FEASIBLE,True,0.0711105825887737,0.0711105825887737,True,65.171698785,37.201499999999996,1.0,299942.0,2821490,305.5,,5,780,
stockOrch_146588263_infrastructure_220|random-search#seed6,stockOrch,220,146588263,stockOrch_146588263_infrastructure_220,random-search,6,"{""iterations_count"": 1000, ""seed"": 6, ""time_budget_ms"": 300000}",ok,FEASIBLE,True,0.09620315877361252,0.09620315877361252,True,86.468597915,45.1425,1.0,300001.0,2852594,305.442,,5,780,
stockOrch_146588263_infrastructure_220|evolutionary-heuristics#seed7,stockOrch,220,146588263,stockOrch_146588263_infrastructure_220,evolutionary-heuristics,7,"{""algorithm"": ""NSGAII"", ""max_evaluations"": 1000, ""operators"": ""UNIFORM"", ""population_size"": 20, ""seed"": 7, ""time_budget_ms"": 300000}",ok,FEASIBLE,True,0.0711105825887737,0.0711105825887737,True,65.171698785,37.201499999999996,1.0,300001.0,2843537,305.607,,5,780,
stockOrch_146588263_infrastructure_220|random-search#seed7,stockOrch,220,146588263,stockOrch_146588263_infrastructure_220,random-search,7,"{""iterations_count"": 1000, ""seed"": 7, ""time_budget_ms"": 300000}",ok,FEASIBLE,True,0.09498871315900914,0.09498871315900914,True,83.27981942000001,48.574,1.0,300001.0,2803084,305.758,,5,780,
stockOrch_146588263_infrastructure_220|evolutionary-heuristics#seed8,stockOrch,220,146588263,stockOrch_146588263_infrastructure_220,evolutionary-heuristics,8,"{""algorithm"": ""NSGAII"", ""max_evaluations"": 1000, ""operators"": ""UNIFORM"", ""population_size"": 20, ""seed"": 8, ""time_budget_ms"": 300000}",ok,FEASIBLE,True,0.0711105825887737,0.0711105825887737,True,65.171698785,37.201499999999996,1.0,299981.0,2813933,305.465,,5,780,
stockOrch_146588263_infrastructure_220|random-search#seed8,stockOrch,220,146588263,stockOrch_146588263_infrastructure_220,random-search,8,"{""iterations_count"": 1000, ""seed"": 8, ""time_budget_ms"": 300000}",ok,FEASIBLE,True,0.09197923335830993,0.09197923335830993,True,91.82253604,28.0,1.0,299973.0,2808909,305.488,,5,780,
stockOrch_146588263_infrastructure_220|evolutionary-heuristics#seed9,stockOrch,220,146588263,stockOrch_146588263_infrastructure_220,evolutionary-heuristics,9,"{""algorithm"": ""NSGAII"", ""max_evaluations"": 1000, ""operators"": ""UNIFORM"", ""population_size"": 20, ""seed"": 9, ""time_budget_ms"": 300000}",ok,FEASIBLE,True,0.089093172189115,0.089093172189115,True,88.85649897,28.0,1.0,299994.0,2851723,305.836,,5,780,
stockOrch_146588263_infrastructure_220|random-search#seed9,stockOrch,220,146588263,stockOrch_146588263_infrastructure_220,random-search,9,"{""iterations_count"": 1000, ""seed"": 9, ""time_budget_ms"": 300000}",ok,FEASIBLE,True,0.09575145778366248,0.09575145778366248,True,81.04932766,53.903999999999996,1.0,300055.0,2817063,305.584,,5,780,
stockOrch_146588263_infrastructure_220|evolutionary-heuristics#seed10,stockOrch,220,146588263,stockOrch_146588263_infrastructure_220,evolutionary-heuristics,10,"{""algorithm"": ""NSGAII"", ""max_evaluations"": 1000, ""operators"": ""UNIFORM"", ""population_size"": 20, ""seed"": 10, ""time_budget_ms"": 300000}",ok,FEASIBLE,True,0.0711105825887737,0.0711105825887737,True,65.171698785,37.201499999999996,1.0,300019.0,2829281,305.517,,5,780,
stockOrch_146588263_infrastructure_220|random-search#seed10,stockOrch,220,146588263,stockOrch_146588263_infrastructure_220,random-search,10,"{""iterations_count"": 1000, ""seed"": 10, ""time_budget_ms"": 300000}",ok,FEASIBLE,True,0.08947979543824905,0.08947979543824905,True,88.68828759,29.0,1.0,300007.0,2803104,305.514,,5,780,
stockOrch_146588263_infrastructure_50|evolutionary-heuristics#seed1,stockOrch,50,146588263,stockOrch_146588263_infrastructure_50,evolutionary-heuristics,1,"{""algorithm"": ""NSGAII"", ""max_evaluations"": 1000, ""operators"": ""UNIFORM"", ""population_size"": 20, ""seed"": 1, ""time_budget_ms"": 300000}",ok,FEASIBLE,True,0.13005322304356143,0.13005322304356143,True,102.72050145,18.0,1.0,300007.0,2923230,301.244,,5,333,
stockOrch_146588263_infrastructure_50|random-search#seed1,stockOrch,50,146588263,stockOrch_146588263_infrastructure_50,random-search,1,"{""iterations_count"": 1000, ""seed"": 1, ""time_budget_ms"": 300000}",ok,FEASIBLE,True,0.11788452013020112,0.11788452013020112,True,81.30212692,48.847,1.0,299979.0,3026851,301.256,,5,333,
stockOrch_146588263_infrastructure_50|evolutionary-heuristics#seed2,stockOrch,50,146588263,stockOrch_146588263_infrastructure_50,evolutionary-heuristics,2,"{""algorithm"": ""NSGAII"", ""max_evaluations"": 1000, ""operators"": ""UNIFORM"", ""population_size"": 20, ""seed"": 2, ""time_budget_ms"": 300000}",ok,FEASIBLE,True,0.13005322304356143,0.13005322304356143,True,102.72050145,18.0,1.0,299979.0,2908228,301.219,,5,333,
stockOrch_146588263_infrastructure_50|random-search#seed2,stockOrch,50,146588263,stockOrch_146588263_infrastructure_50,random-search,2,"{""iterations_count"": 1000, ""seed"": 2, ""time_budget_ms"": 300000}",ok,FEASIBLE,True,0.12910142063904562,0.12910142063904562,True,85.09259741,59.847,1.0,300006.0,2969329,301.279,,5,333,
stockOrch_146588263_infrastructure_50|evolutionary-heuristics#seed3,stockOrch,50,146588263,stockOrch_146588263_infrastructure_50,evolutionary-heuristics,3,"{""algorithm"": ""NSGAII"", ""max_evaluations"": 1000, ""operators"": ""UNIFORM"", ""population_size"": 20, ""seed"": 3, ""time_budget_ms"": 300000}",ok,FEASIBLE,True,0.13005322304356143,0.13005322304356143,True,102.72050145,18.0,1.0,300006.0,2843027,301.267,,5,333,
stockOrch_146588263_infrastructure_50|random-search#seed3,stockOrch,50,146588263,stockOrch_146588263_infrastructure_50,random-search,3,"{""iterations_count"": 1000, ""seed"": 3, ""time_budget_ms"": 300000}",ok,FEASIBLE,True,0.13320941639138925,0.13320941639138925,True,90.53771806,53.847,1.0,300009.0,2860420,301.494,,5,333,
stockOrch_146588263_infrastructure_50|evolutionary-heuristics#seed4,stockOrch,50,146588263,stockOrch_146588263_infrastructure_50,evolutionary-heuristics,4,"{""algorithm"": ""NSGAII"", ""max_evaluations"": 1000, ""operators"": ""UNIFORM"", ""population_size"": 20, ""seed"": 4, ""time_budget_ms"": 300000}",ok,FEASIBLE,True,0.1351960683150495,0.1351960683150495,True,102.45326695,28.0,1.0,300007.0,2798532,301.399,,5,333,
stockOrch_146588263_infrastructure_50|random-search#seed4,stockOrch,50,146588263,stockOrch_146588263_infrastructure_50,random-search,4,"{""iterations_count"": 1000, ""seed"": 4, ""time_budget_ms"": 300000}",ok,FEASIBLE,True,0.13138544077859263,0.13138544077859263,True,94.73141876999999,40.168,1.0,300031.0,2987588,301.602,,5,333,
stockOrch_146588263_infrastructure_50|evolutionary-heuristics#seed5,stockOrch,50,146588263,stockOrch_146588263_infrastructure_50,evolutionary-heuristics,5,"{""algorithm"": ""NSGAII"", ""max_evaluations"": 1000, ""operators"": ""UNIFORM"", ""population_size"": 20, ""seed"": 5, ""time_budget_ms"": 300000}",ok,FEASIBLE,True,0.11265854340445691,0.11265854340445691,True,78.14213492,47.168,1.0,300031.0,2937441,301.394,,5,333,
stockOrch_146588263_infrastructure_50|random-search#seed5,stockOrch,50,146588263,stockOrch_146588263_infrastructure_50,random-search,5,"{""iterations_count"": 1000, ""seed"": 5, ""time_budget_ms"": 300000}",ok,FEASIBLE,True,0.12469217077609954,0.12469217077609954,True,82.53260541,58.168,1.0,300009.0,3043270,301.199,,5,333,
stockOrch_146588263_infrastructure_50|evolutionary-heuristics#seed6,stockOrch,50,146588263,stockOrch_146588263_infrastructure_50,evolutionary-heuristics,6,"{""algorithm"": ""NSGAII"", ""max_evaluations"": 1000, ""operators"": ""UNIFORM"", ""population_size"": 20, ""seed"": 6, ""time_budget_ms"": 300000}",ok,FEASIBLE,True,0.1351960683150495,0.1351960683150495,True,102.45326695,28.0,1.0,300009.0,2909407,301.213,,5,333,
stockOrch_146588263_infrastructure_50|random-search#seed6,stockOrch,50,146588263,stockOrch_146588263_infrastructure_50,random-search,6,"{""iterations_count"": 1000, ""seed"": 6, ""time_budget_ms"": 300000}",ok,FEASIBLE,True,0.1281256263605101,0.1281256263605101,True,86.26857017,55.168,1.0,300009.0,2991171,301.571,,5,333,
stockOrch_146588263_infrastructure_50|evolutionary-heuristics#seed7,stockOrch,50,146588263,stockOrch_146588263_infrastructure_50,evolutionary-heuristics,7,"{""algorithm"": ""NSGAII"", ""max_evaluations"": 1000, ""operators"": ""UNIFORM"", ""population_size"": 20, ""seed"": 7, ""time_budget_ms"": 300000}",ok,FEASIBLE,True,0.13005322304356143,0.13005322304356143,True,102.72050145,18.0,1.0,300009.0,2961816,301.365,,5,333,
stockOrch_146588263_infrastructure_50|random-search#seed7,stockOrch,50,146588263,stockOrch_146588263_infrastructure_50,random-search,7,"{""iterations_count"": 1000, ""seed"": 7, ""time_budget_ms"": 300000}",ok,FEASIBLE,True,0.12654473874562844,0.12654473874562844,True,84.8325065,55.847,1.0,299989.0,3073657,301.231,,5,333,
stockOrch_146588263_infrastructure_50|evolutionary-heuristics#seed8,stockOrch,50,146588263,stockOrch_146588263_infrastructure_50,evolutionary-heuristics,8,"{""algorithm"": ""NSGAII"", ""max_evaluations"": 1000, ""operators"": ""UNIFORM"", ""population_size"": 20, ""seed"": 8, ""time_budget_ms"": 300000}",ok,FEASIBLE,True,0.1351960683150495,0.1351960683150495,True,102.45326695,28.0,1.0,299988.0,2984980,301.23,,5,333,
stockOrch_146588263_infrastructure_50|random-search#seed8,stockOrch,50,146588263,stockOrch_146588263_infrastructure_50,random-search,8,"{""iterations_count"": 1000, ""seed"": 8, ""time_budget_ms"": 300000}",ok,FEASIBLE,True,0.11706779326740299,0.11706779326740299,True,80.70212692,48.847,1.0,300009.0,3091384,301.288,,5,333,
stockOrch_146588263_infrastructure_50|evolutionary-heuristics#seed9,stockOrch,50,146588263,stockOrch_146588263_infrastructure_50,evolutionary-heuristics,9,"{""algorithm"": ""NSGAII"", ""max_evaluations"": 1000, ""operators"": ""UNIFORM"", ""population_size"": 20, ""seed"": 9, ""time_budget_ms"": 300000}",ok,FEASIBLE,True,0.13005322304356143,0.13005322304356143,True,102.72050145,18.0,1.0,300009.0,2956340,301.218,,5,333,
stockOrch_146588263_infrastructure_50|random-search#seed9,stockOrch,50,146588263,stockOrch_146588263_infrastructure_50,random-search,9,"{""iterations_count"": 1000, ""seed"": 9, ""time_budget_ms"": 300000}",ok,FEASIBLE,True,0.12813050124631853,0.12813050124631853,True,85.05853957000001,58.168,1.0,300009.0,3047721,301.237,,5,333,
stockOrch_146588263_infrastructure_50|evolutionary-heuristics#seed10,stockOrch,50,146588263,stockOrch_146588263_infrastructure_50,evolutionary-heuristics,10,"{""algorithm"": ""NSGAII"", ""max_evaluations"": 1000, ""operators"": ""UNIFORM"", ""population_size"": 20, ""seed"": 10, ""time_budget_ms"": 300000}",ok,FEASIBLE,True,0.13005322304356143,0.13005322304356143,True,102.72050145,18.0,1.0,300009.0,2955099,301.209,,5,333,
stockOrch_146588263_infrastructure_50|random-search#seed10,stockOrch,50,146588263,stockOrch_146588263_infrastructure_50,random-search,10,"{""iterations_count"": 1000, ""seed"": 10, ""time_budget_ms"": 300000}",ok,FEASIBLE,True,0.133570483002189,0.133570483002189,True,90.26857817,55.168,1.0,300021.0,3087972,301.287,,5,333,
stockOrch_146588263_infrastructure_55|evolutionary-heuristics#seed1,stockOrch,55,146588263,stockOrch_146588263_infrastructure_55,evolutionary-heuristics,1,"{""algorithm"": ""NSGAII"", ""max_evaluations"": 1000, ""operators"": ""UNIFORM"", ""population_size"": 20, ""seed"": 1, ""time_budget_ms"": 300000}",ok,FEASIBLE,True,0.11928786450158847,0.11928786450158847,True,91.32199878,52.074,1.0,300022.0,3191586,301.351,,5,354,
stockOrch_146588263_infrastructure_55|random-search#seed1,stockOrch,55,146588263,stockOrch_146588263_infrastructure_55,random-search,1,"{""iterations_count"": 1000, ""seed"": 1, ""time_budget_ms"": 300000}",ok,FEASIBLE,True,0.13399963888841926,0.13399963888841926,True,103.28885829000001,48.074,1.0,300009.0,3277622,301.258,,5,354,
stockOrch_146588263_infrastructure_55|evolutionary-heuristics#seed2,stockOrch,55,146588263,stockOrch_146588263_infrastructure_55,evolutionary-heuristics,2,"{""algorithm"": ""NSGAII"", ""max_evaluations"": 1000, ""operators"": ""UNIFORM"", ""population_size"": 20, ""seed"": 2, ""time_budget_ms"": 300000}",ok,FEASIBLE,True,0.11928786450158847,0.11928786450158847,True,91.32199878,52.074,1.0,300009.0,3168881,301.284,,5,354,
stockOrch_146588263_infrastructure_55|random-search#seed2,stockOrch,55,146588263,stockOrch_146588263_infrastructure_55,random-search,2,"{""iterations_count"": 1000, ""seed"": 2, ""time_budget_ms"": 300000}",ok,FEASIBLE,True,0.12889660568988265,0.12889660568988265,True,97.730245725,53.074,1.0,300009.0,3240932,301.402,,5,354,
stockOrch_146588263_infrastructure_55|evolutionary-heuristics#seed3,stockOrch,55,146588263,stockOrch_146588263_infrastructure_55,evolutionary-heuristics,3,"{""algorithm"": ""NSGAII"", ""max_evaluations"": 1000, ""operators"": ""UNIFORM"", ""population_size"": 20, ""seed"": 3, ""time_budget_ms"": 300000}",ok,FEASIBLE,True,0.11928786450158847,0.11928786450158847,True,91.32199878,52.074,1.0,300009.0,3143038,301.243,,5,354,
stockOrch_146588263_infrastructure_55|random-search#seed3,stockOrch,55,146588263,stockOrch_146588263_infrastructure_55,random-search,3,"{""iterations_count"": 1000, ""seed"": 3, ""time_budget_ms"": 300000}",ok,FEASIBLE,True,0.12382403554842497,0.12382403554842497,True,94.92088583,51.074,1.0,299977.0,3221596,301.296,,5,354,
stockOrch_146588263_infrastructure_55|evolutionary-heuristics#seed4,stockOrch,55,146588263,stockOrch_146588263_infrastructure_55,evolutionary-heuristics,4,"{""algorithm"": ""NSGAII"", ""max_evaluations"": 1000, ""operators"": ""UNIFORM"", ""population_size"": 20, ""seed"": 4, ""time_budget_ms"": 300000}",ok,FEASIBLE,True,0.11928786450158847,0.11928786450158847,True,91.32199878,52.074,1.0,299976.0,3193470,301.273,,5,354,
stockOrch_146588263_infrastructure_55|random-search#seed4,stockOrch,55,146588263,stockOrch_146588263_infrastructure_55,random-search,4,"{""iterations_count"": 1000, ""seed"": 4, ""time_budget_ms"": 300000}",ok,FEASIBLE,True,0.11964123591971934,0.11964123591971934,True,91.57199928,52.074,1.0,300009.0,3261267,301.296,,5,354,
stockOrch_146588263_infrastructure_55|evolutionary-heuristics#seed5,stockOrch,55,146588263,stockOrch_146588263_infrastructure_55,evolutionary-heuristics,5,"{""algorithm"": ""NSGAII"", ""max_evaluations"": 1000, ""operators"": ""UNIFORM"", ""population_size"": 20, ""seed"": 5, ""time_budget_ms"": 300000}",ok,FEASIBLE,True,0.11928786450158847,0.11928786450158847,True,91.32199878,52.074,1.0,300009.0,3177194,301.299,,5,354,
stockOrch_146588263_infrastructure_55|random-search#seed5,stockOrch,55,146588263,stockOrch_146588263_infrastructure_55,random-search,5,"{""iterations_count"": 1000, ""seed"": 5, ""time_budget_ms"": 300000}",ok,FEASIBLE,True,0.1321225694530306,0.1321225694530306,True,97.28482491999999,60.074,1.0,300009.0,3077207,301.25,,5,354,
stockOrch_146588263_infrastructure_55|evolutionary-heuristics#seed6,stockOrch,55,146588263,stockOrch_146588263_infrastructure_55,evolutionary-heuristics,6,"{""algorithm"": ""NSGAII"", ""max_evaluations"": 1000, ""operators"": ""UNIFORM"", ""population_size"": 20, ""seed"": 6, ""time_budget_ms"": 300000}",ok,FEASIBLE,True,0.11928786450158847,0.11928786450158847,True,91.32199878,52.074,1.0,300009.0,3005366,301.379,,5,354,
stockOrch_146588263_infrastructure_55|random-search#seed6,stockOrch,55,146588263,stockOrch_146588263_infrastructure_55,random-search,6,"{""iterations_count"": 1000, ""seed"": 6, ""time_budget_ms"": 300000}",ok,FEASIBLE,True,0.13196518533161156,0.13196518533161156,True,101.849538695,48.074,1.0,299975.0,3258935,301.256,,5,354,
stockOrch_146588263_infrastructure_55|evolutionary-heuristics#seed7,stockOrch,55,146588263,stockOrch_146588263_infrastructure_55,evolutionary-heuristics,7,"{""algorithm"": ""NSGAII"", ""max_evaluations"": 1000, ""operators"": ""UNIFORM"", ""population_size"": 20, ""seed"": 7, ""time_budget_ms"": 300000}",ok,FEASIBLE,True,0.11928786450158847,0.11928786450158847,True,91.32199878,52.074,1.0,299975.0,3143979,301.223,,5,354,
stockOrch_146588263_infrastructure_55|random-search#seed7,stockOrch,55,146588263,stockOrch_146588263_infrastructure_55,random-search,7,"{""iterations_count"": 1000, ""seed"": 7, ""time_budget_ms"": 300000}",ok,FEASIBLE,True,0.13087695351410622,0.13087695351410622,True,100.68997324,49.074,1.0,300009.0,3183702,301.316,,5,354,
stockOrch_146588263_infrastructure_55|evolutionary-heuristics#seed8,stockOrch,55,146588263,stockOrch_146588263_infrastructure_55,evolutionary-heuristics,8,"{""algorithm"": ""NSGAII"", ""max_evaluations"": 1000, ""operators"": ""UNIFORM"", ""population_size"": 20, ""seed"": 8, ""time_budget_ms"": 300000}",ok,FEASIBLE,True,0.11928786450158847,0.11928786450158847,True,91.32199878,52.074,1.0,300009.0,3142066,301.363,,5,354,
stockOrch_146588263_infrastructure_55|random-search#seed8,stockOrch,55,146588263,stockOrch_146588263_infrastructure_55,random-search,8,"{""iterations_count"": 1000, ""seed"": 8, ""time_budget_ms"": 300000}",ok,FEASIBLE,True,0.12170380703963977,0.12170380703963977,True,93.42088283000001,51.074,1.0,300009.0,3021174,301.293,,5,354,
stockOrch_146588263_infrastructure_55|evolutionary-heuristics#seed9,stockOrch,55,146588263,stockOrch_146588263_infrastructure_55,evolutionary-heuristics,9,"{""algorithm"": ""NSGAII"", ""max_evaluations"": 1000, ""operators"": ""UNIFORM"", ""population_size"": 20, ""seed"": 9, ""time_budget_ms"": 300000}",ok,FEASIBLE,True,0.11928786450158847,0.11928786450158847,True,91.32199878,52.074,1.0,300009.0,2913707,301.329,,5,354,
stockOrch_146588263_infrastructure_55|random-search#seed9,stockOrch,55,146588263,stockOrch_146588263_infrastructure_55,random-search,9,"{""iterations_count"": 1000, ""seed"": 9, ""time_budget_ms"": 300000}",ok,FEASIBLE,True,0.1213504356215089,0.1213504356215089,True,93.17088233000001,51.074,1.0,300017.0,2966679,301.422,,5,354,
stockOrch_146588263_infrastructure_55|evolutionary-heuristics#seed10,stockOrch,55,146588263,stockOrch_146588263_infrastructure_55,evolutionary-heuristics,10,"{""algorithm"": ""NSGAII"", ""max_evaluations"": 1000, ""operators"": ""UNIFORM"", ""population_size"": 20, ""seed"": 10, ""time_budget_ms"": 300000}",ok,FEASIBLE,True,0.11928786450158847,0.11928786450158847,True,91.32199878,52.074,1.0,300017.0,2893996,301.435,,5,354,
stockOrch_146588263_infrastructure_55|random-search#seed10,stockOrch,55,146588263,stockOrch_146588263_infrastructure_55,random-search,10,"{""iterations_count"": 1000, ""seed"": 10, ""time_budget_ms"": 300000}",ok,FEASIBLE,True,0.12382403554842497,0.12382403554842497,True,94.92088583,51.074,1.0,300010.0,3019549,301.518,,5,354,
stockOrch_146588263_infrastructure_60|evolutionary-heuristics#seed1,stockOrch,60,146588263,stockOrch_146588263_infrastructure_60,evolutionary-heuristics,1,"{""algorithm"": ""NSGAII"", ""max_evaluations"": 1000, ""operators"": ""UNIFORM"", ""population_size"": 20, ""seed"": 1, ""time_budget_ms"": 300000}",ok,FEASIBLE,True,0.09095989679414251,0.09095989679414251,True,59.90097749,46.016999999999996,1.0,300009.0,2895572,301.33,,5,330,
stockOrch_146588263_infrastructure_60|random-search#seed1,stockOrch,60,146588263,stockOrch_146588263_infrastructure_60,random-search,1,"{""iterations_count"": 1000, ""seed"": 1, ""time_budget_ms"": 300000}",ok,FEASIBLE,True,0.11066822317427967,0.11066822317427967,True,71.65110796,51.742999999999995,1.0,300009.0,2936209,301.423,,5,330,
stockOrch_146588263_infrastructure_60|evolutionary-heuristics#seed2,stockOrch,60,146588263,stockOrch_146588263_infrastructure_60,evolutionary-heuristics,2,"{""algorithm"": ""NSGAII"", ""max_evaluations"": 1000, ""operators"": ""UNIFORM"", ""population_size"": 20, ""seed"": 2, ""time_budget_ms"": 300000}",ok,FEASIBLE,True,0.09095989679414251,0.09095989679414251,True,59.90097749,46.016999999999996,1.0,300009.0,2888023,301.365,,5,330,
stockOrch_146588263_infrastructure_60|random-search#seed2,stockOrch,60,146588263,stockOrch_146588263_infrastructure_60,random-search,2,"{""iterations_count"": 1000, ""seed"": 2, ""time_budget_ms"": 300000}",ok,FEASIBLE,True,0.1012987295787645,0.1012987295787645,True,66.46063123,48.016999999999996,1.0,299994.0,2986524,301.327,,5,330,
stockOrch_146588263_infrastructure_60|evolutionary-heuristics#seed3,stockOrch,60,146588263,stockOrch_146588263_infrastructure_60,evolutionary-heuristics,3,"{""algorithm"": ""NSGAII"", ""max_evaluations"": 1000, ""operators"": ""UNIFORM"", ""population_size"": 20, ""seed"": 3, ""time_budget_ms"": 300000}",ok,FEASIBLE,True,0.09095989679414251,0.09095989679414251,True,59.90097749,46.016999999999996,1.0,299994.0,2909220,301.392,,5,330,
stockOrch_146588263_infrastructure_60|random-search#seed3,stockOrch,60,146588263,stockOrch_146588263_infrastructure_60,random-search,3,"{""iterations_count"": 1000, ""seed"": 3, ""time_budget_ms"": 300000}",ok,FEASIBLE,True,0.11066822317427967,0.11066822317427967,True,71.65110796,51.742999999999995,1.0,300008.0,3064223,301.531,,5,330,
stockOrch_146588263_infrastructure_60|evolutionary-heuristics#seed4,stockOrch,60,146588263,stockOrch_146588263_infrastructure_60,evolutionary-heuristics,4,"{""algorithm"": ""NSGAII"", ""max_evaluations"": 1000, ""operators"": ""UNIFORM"", ""population_size"": 20, ""seed"": 4, ""time_budget_ms"": 300000}",ok,FEASIBLE,True,0.09095989679414251,0.09095989679414251,True,59.90097749,46.016999999999996,1.0,300009.0,3066306,301.43,,5,330,
stockOrch_146588263_infrastructure_60|random-search#seed4,stockOrch,60,146588263,stockOrch_146588263_infrastructure_60,random-search,4,"{""iterations_count"": 1000, ""seed"": 4, ""time_budget_ms"": 300000}",ok,FEASIBLE,True,0.09989168134432239,0.09989168134432239,True,65.46062923,48.016999999999996,1.0,300010.0,3090687,301.348,,5,330,
stockOrch_146588263_infrastructure_60|evolutionary-heuristics#seed5,stockOrch,60,146588263,stockOrch_146588263_infrastructure_60,evolutionary-heuristics,5,"{""algorithm"": ""NSGAII"", ""max_evaluations"": 1000, ""operators"": ""UNIFORM"", ""population_size"": 20, ""seed"": 5, ""time_budget_ms"": 300000}",ok,FEASIBLE,True,0.09095989679414251,0.09095989679414251,True,59.90097749,46.016999999999996,1.0,300009.0,3023802,301.309,,5,330,
stockOrch_146588263_infrastructure_60|random-search#seed5,stockOrch,60,146588263,stockOrch_146588263_infrastructure_60,random-search,5,"{""iterations_count"": 1000, ""seed"": 5, ""time_budget_ms"": 300000}",ok,FEASIBLE,True,0.09342223120441617,0.09342223120441617,True,61.65098099000001,46.016999999999996,1.0,299984.0,3147800,301.303,,5,330,
stockOrch_146588263_infrastructure_60|evolutionary-heuristics#seed6,stockOrch,60,146588263,stockOrch_146588263_infrastructure_60,evolutionary-heuristics,6,"{""algorithm"": ""NSGAII"", ""max_evaluations"": 1000, ""operators"": ""UNIFORM"", ""population_size"": 20, ""seed"": 6, ""time_budget_ms"": 300000}",ok,FEASIBLE,True,0.09095989679414251,0.09095989679414251,True,59.90097749,46.016999999999996,1.0,299984.0,3092794,301.433,,5,330,
stockOrch_146588263_infrastructure_60|random-search#seed6,stockOrch,60,146588263,stockOrch_146588263_infrastructure_60,random-search,6,"{""iterations_count"": 1000, ""seed"": 6, ""time_budget_ms"": 300000}",ok,FEASIBLE,True,0.1189106929192925,0.1189106929192925,True,82.13730983,40.0,1.0,300009.0,3181158,301.281,,5,330,
stockOrch_146588263_infrastructure_60|evolutionary-heuristics#seed7,stockOrch,60,146588263,stockOrch_146588263_infrastructure_60,evolutionary-heuristics,7,"{""algorithm"": ""NSGAII"", ""max_evaluations"": 1000, ""operators"": ""UNIFORM"", ""population_size"": 20, ""seed"": 7, ""time_budget_ms"": 300000}",ok,FEASIBLE,True,0.09095989679414251,0.09095989679414251,True,59.90097749,46.016999999999996,1.0,300009.0,3133030,301.266,,5,330,
stockOrch_146588263_infrastructure_60|random-search#seed7,stockOrch,60,146588263,stockOrch_146588263_infrastructure_60,random-search,7,"{""iterations_count"": 1000, ""seed"": 7, ""time_budget_ms"": 300000}",ok,FEASIBLE,True,0.1022157575040466,0.1022157575040466,True,67.90062025,46.016999999999996,1.0,300010.0,3142447,301.315,,5,330,
stockOrch_146588263_infrastructure_60|evolutionary-heuristics#seed8,stockOrch,60,146588263,stockOrch_146588263_infrastructure_60,evolutionary-heuristics,8,"{""algorithm"": ""NSGAII"", ""max_evaluations"": 1000, ""operators"": ""UNIFORM"", ""population_size"": 20, ""seed"": 8, ""time_budget_ms"": 300000}",ok,FEASIBLE,True,0.09095989679414251,0.09095989679414251,True,59.90097749,46.016999999999996,1.0,300009.0,3064559,301.345,,5,330,
stockOrch_146588263_infrastructure_60|random-search#seed8,stockOrch,60,146588263,stockOrch_146588263_infrastructure_60,random-search,8,"{""iterations_count"": 1000, ""seed"": 8, ""time_budget_ms"": 300000}",ok,FEASIBLE,True,0.11932414895161304,0.11932414895161304,True,79.27146101,48.016999999999996,1.0,299987.0,3227073,301.347,,5,330,
stockOrch_146588263_infrastructure_60|evolutionary-heuristics#seed9,stockOrch,60,146588263,stockOrch_146588263_infrastructure_60,evolutionary-heuristics,9,"{""algorithm"": ""NSGAII"", ""max_evaluations"": 1000, ""operators"": ""UNIFORM"", ""population_size"": 20, ""seed"": 9, ""time_budget_ms"": 300000}",ok,FEASIBLE,True,0.09095989679414251,0.09095989679414251,True,59.90097749,46.016999999999996,1.0,299987.0,3152126,301.295,,5,330,
stockOrch_146588263_infrastructure_60|random-search#seed9,stockOrch,60,146588263,stockOrch_146588263_infrastructure_60,random-search,9,"{""iterations_count"": 1000, ""seed"": 9, ""time_budget_ms"": 300000}",ok,FEASIBLE,True,0.10328033909684373,0.10328033909684373,True,67.47485471,49.016999999999996,1.0,300009.0,3193649,301.32,,5,330,
stockOrch_146588263_infrastructure_60|evolutionary-heuristics#seed10,stockOrch,60,146588263,stockOrch_146588263_infrastructure_60,evolutionary-heuristics,10,"{""algorithm"": ""NSGAII"", ""max_evaluations"": 1000, ""operators"": ""UNIFORM"", ""population_size"": 20, ""seed"": 10, ""time_budget_ms"": 300000}",ok,FEASIBLE,True,0.09095989679414251,0.09095989679414251,True,59.90097749,46.016999999999996,1.0,300009.0,3110550,301.325,,5,330,
stockOrch_146588263_infrastructure_60|random-search#seed10,stockOrch,60,146588263,stockOrch_146588263_infrastructure_60,random-search,10,"{""iterations_count"": 1000, ""seed"": 10, ""time_budget_ms"": 300000}",ok,FEASIBLE,True,0.11619144743994254,0.11619144743994254,True,74.78826484999999,53.742999999999995,1.0,300009.0,3181278,301.335,,5,330,
stockOrch_146588263_infrastructure_65|evolutionary-heuristics#seed1,stockOrch,65,146588263,stockOrch_146588263_infrastructure_65,evolutionary-heuristics,1,"{""algorithm"": ""NSGAII"", ""max_evaluations"": 1000, ""operators"": ""UNIFORM"", ""population_size"": 20, ""seed"": 1, ""time_budget_ms"": 300000}",ok,FEASIBLE,True,0.11852161945111524,0.11852161945111524,True,88.43531389,32.0,1.0,300009.0,3040311,301.716,,5,452,
stockOrch_146588263_infrastructure_65|random-search#seed1,stockOrch,65,146588263,stockOrch_146588263_infrastructure_65,random-search,1,"{""iterations_count"": 1000, ""seed"": 1, ""time_budget_ms"": 300000}",ok,FEASIBLE,True,0.4311897094736785,0.4311897094736785,True,65.427441485,53.6655,0.66,299902.0,3064883,301.657,,5,452,
stockOrch_146588263_infrastructure_65|evolutionary-heuristics#seed2,stockOrch,65,146588263,stockOrch_146588263_infrastructure_65,evolutionary-heuristics,2,"{""algorithm"": ""NSGAII"", ""max_evaluations"": 1000, ""operators"": ""UNIFORM"", ""population_size"": 20, ""seed"": 2, ""time_budget_ms"": 300000}",ok,FEASIBLE,True,0.44265013812442344,0.44265013812442344,True,88.18051363,22.0,0.66,299900.0,2981446,301.508,,5,452,
stockOrch_146588263_infrastructure_65|random-search#seed2,stockOrch,65,146588263,stockOrch_146588263_infrastructure_65,random-search,2,"{""iterations_count"": 1000, ""seed"": 2, ""time_budget_ms"": 300000}",ok,FEASIBLE,True,0.444899668943686,0.444899668943686,True,87.117735205,28.5,0.66,299998.0,3069805,301.672,,5,452,
stockOrch_146588263_infrastructure_65|evolutionary-heuristics#seed3,stockOrch,65,146588263,stockOrch_146588263_infrastructure_65,evolutionary-heuristics,3,"{""algorithm"": ""NSGAII"", ""max_evaluations"": 1000, ""operators"": ""UNIFORM"", ""population_size"": 20, ""seed"": 3, ""time_budget_ms"": 300000}",ok,FEASIBLE,True,0.4285311602040906,0.4285311602040906,True,69.27480481,40.024,0.66,299999.0,3017040,301.736,,5,452,
stockOrch_146588263_infrastructure_65|random-search#seed3,stockOrch,65,146588263,stockOrch_146588263_infrastructure_65,random-search,3,"{""iterations_count"": 1000, ""seed"": 3, ""time_budget_ms"": 300000}",ok,FEASIBLE,True,0.4434811636634163,0.4434811636634163,True,87.96236610999999,24.0,0.66,299999.0,3061613,301.665,,5,452,
stockOrch_146588263_infrastructure_65|evolutionary-heuristics#seed4,stockOrch,65,146588263,stockOrch_146588263_infrastructure_65,evolutionary-heuristics,4,"{""algorithm"": ""NSGAII"", ""max_evaluations"": 1000, ""operators"": ""UNIFORM"", ""population_size"": 20, ""seed"": 4, ""time_budget_ms"": 300000}",ok,FEASIBLE,True,0.4285311602040906,0.4285311602040906,True,69.27480481,40.024,0.66,299999.0,3004370,301.625,,5,452,
stockOrch_146588263_infrastructure_65|random-search#seed4,stockOrch,65,146588263,stockOrch_146588263_infrastructure_65,random-search,4,"{""iterations_count"": 1000, ""seed"": 4, ""time_budget_ms"": 300000}",ok,FEASIBLE,True,0.4439126228847452,0.4439126228847452,True,74.40607719,55.955,0.66,300037.0,3046961,301.802,,5,452,
stockOrch_146588263_infrastructure_65|evolutionary-heuristics#seed5,stockOrch,65,146588263,stockOrch_146588263_infrastructure_65,evolutionary-heuristics,5,"{""algorithm"": ""NSGAII"", ""max_evaluations"": 1000, ""operators"": ""UNIFORM"", ""population_size"": 20, ""seed"": 5, ""time_budget_ms"": 300000}",ok,FEASIBLE,True,0.44265013812442344,0.44265013812442344,True,88.18051363,22.0,0.66,300038.0,2988497,301.688,,5,452,
stockOrch_146588263_infrastructure_65|random-search#seed5,stockOrch,65,146588263,stockOrch_146588263_infrastructure_65,random-search,5,"{""iterations_count"": 1000, ""seed"": 5, ""time_budget_ms"": 300000}",ok,FEASIBLE,True,0.44377286853483644,0.44377286853483644,True,87.973640765,24.5,0.66,300007.0,3071427,301.695,,5,452,
stockOrch_146588263_infrastructure_65|evolutionary-heuristics#seed6,stockOrch,65,146588263,stockOrch_146588263_infrastructure_65,evolutionary-heuristics,6,"{""algorithm"": ""NSGAII"", ""max_evaluations"": 1000, ""operators"": ""UNIFORM"", ""population_size"": 20, ""seed"": 6, ""time_budget_ms"": 300000}",ok,FEASIBLE,True,0.44265013812442344,0.44265013812442344,True,88.18051363,22.0,0.66,300007.0,2985346,301.742,,5,452,
stockOrch_146588263_infrastructure_65|random-search#seed6,stockOrch,65,146588263,stockOrch_146588263_infrastructure_65,random-search,6,"{""iterations_count"": 1000, ""seed"": 6, ""time_budget_ms"": 300000}",ok,FEASIBLE,True,0.44338295586006127,0.44338295586006127,True,74.42565955999999,54.955,0.66,300008.0,2990673,301.667,,5,452,
stockOrch_146588263_infrastructure_65|evolutionary-heuristics#seed7,stockOrch,65,146588263,stockOrch_146588263_infrastructure_65,evolutionary-heuristics,7,"{""algorithm"": ""NSGAII"", ""max_evaluations"": 1000, ""operators"": ""UNIFORM"", ""population_size"": 20, ""seed"": 7, ""time_budget_ms"": 300000}",ok,FEASIBLE,True,0.4285311602040906,0.4285311602040906,True,69.27480481,40.024,0.66,300008.0,2956625,301.698,,5,452,
stockOrch_146588263_infrastructure_65|random-search#seed7,stockOrch,65,146588263,stockOrch_146588263_infrastructure_65,random-search,7,"{""iterations_count"": 1000, ""seed"": 7, ""time_budget_ms"": 300000}",ok,FEASIBLE,True,0.44144392408922484,0.44144392408922484,True,73.62212894,53.307,0.66,300021.0,3078797,301.756,,5,452,
stockOrch_146588263_infrastructure_65|evolutionary-heuristics#seed8,stockOrch,65,146588263,stockOrch_146588263_infrastructure_65,evolutionary-heuristics,8,"{""algorithm"": ""NSGAII"", ""max_evaluations"": 1000, ""operators"": ""UNIFORM"", ""population_size"": 20, ""seed"": 8, ""time_budget_ms"": 300000}",ok,FEASIBLE,True,0.44265013812442344,0.44265013812442344,True,88.18051363,22.0,0.66,300021.0,3029494,301.686,,5,452,
stockOrch_146588263_infrastructure_65|random-search#seed8,stockOrch,65,146588263,stockOrch_146588263_infrastructure_65,random-search,8,"{""iterations_count"": 1000, ""seed"": 8, ""time_budget_ms"": 300000}",ok,FEASIBLE,True,0.44338295586006127,0.44338295586006127,True,74.42565955999999,54.955,0.66,300009.0,2975006,301.704,,5,452,
stockOrch_146588263_infrastructure_65|evolutionary-heuristics#seed9,stockOrch,65,146588263,stockOrch_146588263_infrastructure_65,evolutionary-heuristics,9,"{""algorithm"": ""NSGAII"", ""max_evaluations"": 1000, ""operators"": ""UNIFORM"", ""population_size"": 20, ""seed"": 9, ""time_budget_ms"": 300000}",ok,FEASIBLE,True,0.4285311602040906,0.4285311602040906,True,69.27480481,40.024,0.66,300008.0,2874583,301.679,,5,452,
stockOrch_146588263_infrastructure_65|random-search#seed9,stockOrch,65,146588263,stockOrch_146588263_infrastructure_65,random-search,9,"{""iterations_count"": 1000, ""seed"": 9, ""time_budget_ms"": 300000}",ok,FEASIBLE,True,0.4467316951173541,0.4467316951173541,True,87.68432355,30.5,0.66,299981.0,2926316,301.885,,5,452,
stockOrch_146588263_infrastructure_65|evolutionary-heuristics#seed10,stockOrch,65,146588263,stockOrch_146588263_infrastructure_65,evolutionary-heuristics,10,"{""algorithm"": ""NSGAII"", ""max_evaluations"": 1000, ""operators"": ""UNIFORM"", ""population_size"": 20, ""seed"": 10, ""time_budget_ms"": 300000}",ok,FEASIBLE,True,0.4285311602040906,0.4285311602040906,True,69.27480481,40.024,0.66,299981.0,2899834,301.778,,5,452,
stockOrch_146588263_infrastructure_65|random-search#seed10,stockOrch,65,146588263,stockOrch_146588263_infrastructure_65,random-search,10,"{""iterations_count"": 1000, ""seed"": 10, ""time_budget_ms"": 300000}",ok,FEASIBLE,True,0.43510565338092044,0.43510565338092044,True,69.226102175,51.9895,0.66,299911.0,3015608,301.64,,5,452,
stockOrch_146588263_infrastructure_70|evolutionary-heuristics#seed1,stockOrch,70,146588263,stockOrch_146588263_infrastructure_70,evolutionary-heuristics,1,"{""algorithm"": ""NSGAII"", ""max_evaluations"": 1000, ""operators"": ""UNIFORM"", ""population_size"": 20, ""seed"": 1, ""time_budget_ms"": 300000}",ok,FEASIBLE,True,0.1023207991286833,0.1023207991286833,True,82.36931940000001,42.0,1.0,299911.0,3387992,301.504,,5,454,
stockOrch_146588263_infrastructure_70|random-search#seed1,stockOrch,70,146588263,stockOrch_146588263_infrastructure_70,random-search,1,"{""iterations_count"": 1000, ""seed"": 1, ""time_budget_ms"": 300000}",ok,FEASIBLE,True,0.12253828783182089,0.12253828783182089,True,93.81123481,45.5,1.0,299996.0,3569690,301.652,,5,454,
stockOrch_146588263_infrastructure_70|evolutionary-heuristics#seed2,stockOrch,70,146588263,stockOrch_146588263_infrastructure_70,evolutionary-heuristics,2,"{""algorithm"": ""NSGAII"", ""max_evaluations"": 1000, ""operators"": ""UNIFORM"", ""population_size"": 20, ""seed"": 2, ""time_budget_ms"": 300000}",ok,FEASIBLE,True,0.1023207991286833,0.1023207991286833,True,82.36931940000001,42.0,1.0,299997.0,3396968,301.585,,5,454,
stockOrch_146588263_infrastructure_70|random-search#seed2,stockOrch,70,146588263,stockOrch_146588263_infrastructure_70,random-search,2,"{""iterations_count"": 1000, ""seed"": 2, ""time_budget_ms"": 300000}",ok,FEASIBLE,True,0.11143316091700314,0.11143316091700314,True,87.73153117,43.0,1.0,299995.0,3544991,301.613,,5,454,
stockOrch_146588263_infrastructure_70|evolutionary-heuristics#seed3,stockOrch,70,146588263,stockOrch_146588263_infrastructure_70,evolutionary-heuristics,3,"{""algorithm"": ""NSGAII"", ""max_evaluations"": 1000, ""operators"": ""UNIFORM"", ""population_size"": 20, ""seed"": 3, ""time_budget_ms"": 300000}",ok,FEASIBLE,True,0.1023207991286833,0.1023207991286833,True,82.36931940000001,42.0,1.0,299996.0,3389131,301.677,,5,454,
stockOrch_146588263_infrastructure_70|random-search#seed3,stockOrch,70,146588263,stockOrch_146588263_infrastructure_70,random-search,3,"{""iterations_count"": 1000, ""seed"": 3, ""time_budget_ms"": 300000}",ok,FEASIBLE,True,0.10810334427364508,0.10810334427364508,True,90.26026415999999,30.0,1.0,300016.0,3598858,301.654,,5,454,
stockOrch_146588263_infrastructure_70|evolutionary-heuristics#seed4,stockOrch,70,146588263,stockOrch_146588263_infrastructure_70,evolutionary-heuristics,4,"{""algorithm"": ""NSGAII"", ""max_evaluations"": 1000, ""operators"": ""UNIFORM"", ""population_size"": 20, ""seed"": 4, ""time_budget_ms"": 300000}",ok,FEASIBLE,True,0.1023207991286833,0.1023207991286833,True,82.36931940000001,42.0,1.0,300019.0,3478302,301.626,,5,454,
stockOrch_146588263_infrastructure_70|random-search#seed4,stockOrch,70,146588263,stockOrch_146588263_infrastructure_70,random-search,4,"{""iterations_count"": 1000, ""seed"": 4, ""time_budget_ms"": 300000}",ok,FEASIBLE,True,0.10754761161849366,0.10754761161849366,True,85.47120499,42.5,1.0,300002.0,3579345,301.602,,5,454,
stockOrch_146588263_infrastructure_70|evolutionary-heuristics#seed5,stockOrch,70,146588263,stockOrch_146588263_infrastructure_70,evolutionary-heuristics,5,"{""algorithm"": ""NSGAII"", ""max_evaluations"": 1000, ""operators"": ""UNIFORM"", ""population_size"": 20, ""seed"": 5, ""time_budget_ms"": 300000}",ok,FEASIBLE,True,0.1023207991286833,0.1023207991286833,True,82.36931940000001,42.0,1.0,300002.0,3397653,301.675,,5,454,
stockOrch_146588263_infrastructure_70|random-search#seed5,stockOrch,70,146588263,stockOrch_146588263_infrastructure_70,random-search,5,"{""iterations_count"": 1000, ""seed"": 5, ""time_budget_ms"": 300000}",ok,FEASIBLE,True,0.12019858856374238,0.12019858856374238,True,96.60597528999999,33.5,1.0,300003.0,3540591,301.573,,5,454,
stockOrch_146588263_infrastructure_70|evolutionary-heuristics#seed6,stockOrch,70,146588263,stockOrch_146588263_infrastructure_70,evolutionary-heuristics,6,"{""algorithm"": ""NSGAII"", ""max_evaluations"": 1000, ""operators"": ""UNIFORM"", ""population_size"": 20, ""seed"": 6, ""time_budget_ms"": 300000}",ok,FEASIBLE,True,0.1023207991286833,0.1023207991286833,True,82.36931940000001,42.0,1.0,300002.0,3436323,301.636,,5,454,
stockOrch_146588263_infrastructure_70|random-search#seed6,stockOrch,70,146588263,stockOrch_146588263_infrastructure_70,random-search,6,"{""iterations_count"": 1000, ""seed"": 6, ""time_budget_ms"": 300000}",ok,FEASIBLE,True,0.11535072023589275,0.11535072023589275,True,90.900015935,41.0,1.0,300046.0,3601635,301.705,,5,454,
stockOrch_146588263_infrastructure_70|evolutionary-heuristics#seed7,stockOrch,70,146588263,stockOrch_146588263_infrastructure_70,evolutionary-heuristics,7,"{""algorithm"": ""NSGAII"", ""max_evaluations"": 1000, ""operators"": ""UNIFORM"", ""population_size"": 20, ""seed"": 7, ""time_budget_ms"": 300000}",ok,FEASIBLE,True,0.1023207991286833,0.1023207991286833,True,82.36931940000001,42.0,1.0,300050.0,3457224,301.663,,5,454,
stockOrch_146588263_infrastructure_70|random-search#seed7,stockOrch,70,146588263,stockOrch_146588263_infrastructure_70,random-search,7,"{""iterations_count"": 1000, ""seed"": 7, ""time_budget_ms"": 300000}",ok,FEASIBLE,True,0.10810334427364508,0.10810334427364508,True,90.26026415999999,30.0,1.0,300010.0,3543746,301.638,,5,454,
stockOrch_146588263_infrastructure_70|evolutionary-heuristics#seed8,stockOrch,70,146588263,stockOrch_146588263_infrastructure_70,evolutionary-heuristics,8,"{""algorithm"": ""NSGAII"", ""max_evaluations"": 1000, ""operators"": ""UNIFORM"", ""population_size"": 20, ""seed"": 8, ""time_budget_ms"": 300000}",ok,FEASIBLE,True,0.1023207991286833,0.1023207991286833,True,82.36931940000001,42.0,1.0,300009.0,3461226,301.562,,5,454,
stockOrch_146588263_infrastructure_70|random-search#seed8,stockOrch,70,146588263,stockOrch_146588263_infrastructure_70,random-search,8,"{""iterations_count"": 1000, ""seed"": 8, ""time_budget_ms"": 300000}",ok,FEASIBLE,True,0.11879783379366016,0.11879783379366016,True,93.062865755,41.0,1.0,300009.0,3554573,301.617,,5,454,
stockOrch_146588263_infrastructure_70|evolutionary-heuristics#seed9,stockOrch,70,146588263,stockOrch_146588263_infrastructure_70,evolutionary-heuristics,9,"{""algorithm"": ""NSGAII"", ""max_evaluations"": 1000, ""operators"": ""UNIFORM"", ""population_size"": 20, ""seed"": 9, ""time_budget_ms"": 300000}",ok,FEASIBLE,True,0.1023207991286833,0.1023207991286833,True,82.36931940000001,42.0,1.0,300009.0,3403881,301.623,,5,454,
stockOrch_146588263_infrastructure_70|random-search#seed9,stockOrch,70,146588263,stockOrch_146588263_infrastructure_70,random-search,9,"{""iterations_count"": 1000, ""seed"": 9, ""time_budget_ms"": 300000}",ok,FEASIBLE,True,0.11391952400342886,0.11391952400342886,True,93.19909654499999,32.0,1.0,300003.0,3600812,301.579,,5,454,
stockOrch_146588263_infrastructure_70|evolutionary-heuristics#seed10,stockOrch,70,146588263,stockOrch_146588263_infrastructure_70,evolutionary-heuristics,10,"{""algorithm"": ""NSGAII"", ""max_evaluations"": 1000, ""operators"": ""UNIFORM"", ""population_size"": 20, ""seed"": 10, ""time_budget_ms"": 300000}",ok,FEASIBLE,True,0.1023207991286833,0.1023207991286833,True,82.36931940000001,42.0,1.0,300002.0,3439548,301.59,,5,454,
stockOrch_146588263_infrastructure_70|random-search#seed10,stockOrch,70,146588263,stockOrch_146588263_infrastructure_70,random-search,10,"{""iterations_count"": 1000, ""seed"": 10, ""time_budget_ms"": 300000}",ok,FEASIBLE,True,0.12153450261428567,0.12153450261428567,True,98.33225273000001,31.0,1.0,300009.0,3593436,301.638,,5,454,
stockOrch_146588263_infrastructure_75|evolutionary-heuristics#seed1,stockOrch,75,146588263,stockOrch_146588263_infrastructure_75,evolutionary-heuristics,1,"{""algorithm"": ""NSGAII"", ""max_evaluations"": 1000, ""operators"": ""UNIFORM"", ""population_size"": 20, ""seed"": 1, ""time_budget_ms"": 300000}",ok,FEASIBLE,True,0.13925290098831283,0.13925290098831283,True,100.78082747499998,49.8315,1.0,300009.0,2844676,301.904,,5,444,
stockOrch_146588263_infrastructure_75|random-search#seed1,stockOrch,75,146588263,stockOrch_146588263_infrastructure_75,random-search,1,"{""iterations_count"": 1000, ""seed"": 1, ""time_budget_ms"": 300000}",ok,FEASIBLE,True,0.12575213644810387,0.12575213644810387,True,91.50852540000001,50.742999999999995,1.0,300009.0,2796234,301.827,,5,444,
stockOrch_146588263_infrastructure_75|evolutionary-heuristics#seed2,stockOrch,75,146588263,stockOrch_146588263_infrastructure_75,evolutionary-heuristics,2,"{""algorithm"": ""NSGAII"", ""max_evaluations"": 1000, ""operators"": ""UNIFORM"", ""population_size"": 20, ""seed"": 2, ""time_budget_ms"": 300000}",ok,FEASIBLE,True,0.11784543320474768,0.11784543320474769,True,87.380866535,47.742999999999995,1.0,300009.0,2723450,301.799,,5,444,
stockOrch_146588263_infrastructure_75|random-search#seed2,stockOrch,75,146588263,stockOrch_146588263_infrastructure_75,random-search,2,"{""iterations_count"": 1000, ""seed"": 2, ""time_budget_ms"": 300000}",ok,FEASIBLE,True,0.1220110906211635,0.1220110906211635,True,90.13815991000001,47.742999999999995,1.0,299865.0,2911082,301.686,,5,444,
stockOrch_146588263_infrastructure_75|evolutionary-heuristics#seed3,stockOrch,75,146588263,stockOrch_146588263_infrastructure_75,evolutionary-heuristics,3,"{""algorithm"": ""NSGAII"", ""max_evaluations"": 1000, ""operators"": ""UNIFORM"", ""population_size"": 20, ""seed"": 3, ""time_budget_ms"": 300000}",ok,FEASIBLE,True,0.11784543320474768,0.11784543320474769,True,87.380866535,47.742999999999995,1.0,299864.0,2825825,301.712,,5,444,
stockOrch_146588263_infrastructure_75|random-search#seed3,stockOrch,75,146588263,stockOrch_146588263_infrastructure_75,random-search,3,"{""iterations_count"": 1000, ""seed"": 3, ""time_budget_ms"": 300000}",ok,FEASIBLE,True,0.12381226030051035,0.12381226030051035,True,90.040188395,51.242999999999995,1.0,299992.0,2887138,301.748,,5,444,
stockOrch_146588263_infrastructure_75|evolutionary-heuristics#seed4,stockOrch,75,146588263,stockOrch_146588263_infrastructure_75,evolutionary-heuristics,4,"{""algorithm"": ""NSGAII"", ""max_evaluations"": 1000, ""operators"": ""UNIFORM"", ""population_size"": 20, ""seed"": 4, ""time_budget_ms"": 300000}",ok,FEASIBLE,True,0.11784543320474768,0.11784543320474769,True,87.380866535,47.742999999999995,1.0,299991.0,2772237,301.814,,5,444,
stockOrch_146588263_infrastructure_75|random-search#seed4,stockOrch,75,146588263,stockOrch_146588263_infrastructure_75,random-search,4,"{""iterations_count"": 1000, ""seed"": 4, ""time_budget_ms"": 300000}",ok,FEASIBLE,True,0.12894055742188845,0.12894055742188845,True,93.61897548,50.742999999999995,1.0,299992.0,2872182,301.787,,5,444,
stockOrch_146588263_infrastructure_75|evolutionary-heuristics#seed5,stockOrch,75,146588263,stockOrch_146588263_infrastructure_75,evolutionary-heuristics,5,"{""algorithm"": ""NSGAII"", ""max_evaluations"": 1000, ""operators"": ""UNIFORM"", ""population_size"": 20, ""seed"": 5, ""time_budget_ms"": 300000}",ok,FEASIBLE,True,0.13925290098831283,0.13925290098831283,True,100.78082747499998,49.8315,1.0,299992.0,2801007,301.862,,5,444,
stockOrch_146588263_infrastructure_75|random-search#seed5,stockOrch,75,146588263,stockOrch_146588263_infrastructure_75,random-search,5,"{""iterations_count"": 1000, ""seed"": 5, ""time_budget_ms"": 300000}",ok,FEASIBLE,True,0.12423034534081039,0.12423034534081039,True,90.50123552500001,50.742999999999995,1.0,300062.0,2930904,301.865,,5,444,
stockOrch_146588263_infrastructure_75|evolutionary-heuristics#seed6,stockOrch,75,146588263,stockOrch_146588263_infrastructure_75,evolutionary-heuristics,6,"{""algorithm"": ""NSGAII"", ""max_evaluations"": 1000, ""operators"": ""UNIFORM"", ""population_size"": 20, ""seed"": 6, ""time_budget_ms"": 300000}",ok,FEASIBLE,True,0.11784543320474768,0.11784543320474769,True,87.380866535,47.742999999999995,1.0,300062.0,2841273,301.883,,5,444,
stockOrch_146588263_infrastructure_75|random-search#seed6,stockOrch,75,146588263,stockOrch_146588263_infrastructure_75,random-search,6,"{""iterations_count"": 1000, ""seed"": 6, ""time_budget_ms"": 300000}",ok,FEASIBLE,True,0.13221974731197975,0.13221974731197975,True,96.52675509000001,48.742999999999995,1.0,300005.0,2932062,301.818,,5,444,
stockOrch_146588263_infrastructure_75|evolutionary-heuristics#seed7,stockOrch,75,146588263,stockOrch_146588263_infrastructure_75,evolutionary-heuristics,7,"{""algorithm"": ""NSGAII"", ""max_evaluations"": 1000, ""operators"": ""UNIFORM"", ""population_size"": 20, ""seed"": 7, ""time_budget_ms"": 300000}",ok,FEASIBLE,True,0.11784543320474768,0.11784543320474769,True,87.380866535,47.742999999999995,1.0,300005.0,2827661,301.845,,5,444,
stockOrch_146588263_infrastructure_75|random-search#seed7,stockOrch,75,146588263,stockOrch_146588263_infrastructure_75,random-search,7,"{""iterations_count"": 1000, ""seed"": 7, ""time_budget_ms"": 300000}",ok,FEASIBLE,True,0.13415553502252314,0.13415553502252314,True,97.25513730499999,50.242999999999995,1.0,300006.0,2919001,301.853,,5,444,
stockOrch_146588263_infrastructure_75|evolutionary-heuristics#seed8,stockOrch,75,146588263,stockOrch_146588263_infrastructure_75,evolutionary-heuristics,8,"{""algorithm"": ""NSGAII"", ""max_evaluations"": 1000, ""operators"": ""UNIFORM"", ""population_size"": 20, ""seed"": 8, ""time_budget_ms"": 300000}",ok,FEASIBLE,True,0.11784543320474768,0.11784543320474769,True,87.380866535,47.742999999999995,1.0,300042.0,2718135,306.977,,5,444,
stockOrch_146588263_infrastructure_75|random-search#seed8,stockOrch,75,146588263,stockOrch_146588263_infrastructure_75,random-search,8,"{""iterations_count"": 1000, ""seed"": 8, ""time_budget_ms"": 300000}",ok,FEASIBLE,True,0.1284317850825814,0.1284317850825814,True,94.019462215,48.742999999999995,1.0,300056.0,2413739,302.184,,5,444,
stockOrch_146588263_infrastructure_75|evolutionary-heuristics#seed9,stockOrch,75,146588263,stockOrch_146588263_infrastructure_75,evolutionary-heuristics,9,"{""algorithm"": ""NSGAII"", ""max_evaluations"": 1000, ""operators"": ""UNIFORM"", ""population_size"": 20, ""seed"": 9, ""time_budget_ms"": 300000}",ok,FEASIBLE,True,0.11784543320474768,0.11784543320474769,True,87.380866535,47.742999999999995,1.0,300117.0,2527774,309.898,,5,444,
stockOrch_146588263_infrastructure_75|random-search#seed9,stockOrch,75,146588263,stockOrch_146588263_infrastructure_75,random-search,9,"{""iterations_count"": 1000, ""seed"": 9, ""time_budget_ms"": 300000}",ok,FEASIBLE,True,0.13342842071857716,0.13342842071857716,True,95.667979625,53.242999999999995,1.0,300015.0,2819863,301.922,,5,444,
stockOrch_146588263_infrastructure_75|evolutionary-heuristics#seed10,stockOrch,75,146588263,stockOrch_146588263_infrastructure_75,evolutionary-heuristics,10,"{""algorithm"": ""NSGAII"", ""max_evaluations"": 1000, ""operators"": ""UNIFORM"", ""population_size"": 20, ""seed"": 10, ""time_budget_ms"": 300000}",ok,FEASIBLE,True,0.11784543320474768,0.11784543320474769,True,87.380866535,47.742999999999995,1.0,300009.0,2759774,302.327,,5,444,
stockOrch_146588263_infrastructure_75|random-search#seed10,stockOrch,75,146588263,stockOrch_146588263_infrastructure_75,random-search,10,"{""iterations_count"": 1000, ""seed"": 10, ""time_budget_ms"": 300000}",ok,FEASIBLE,True,0.13486649982714288,0.13486649982714288,True,99.75316622000001,44.742999999999995,1.0,300008.0,2737555,301.902,,5,444,
stockOrch_146588263_infrastructure_80|evolutionary-heuristics#seed1,stockOrch,80,146588263,stockOrch_146588263_infrastructure_80,evolutionary-heuristics,1,"{""algorithm"": ""NSGAII"", ""max_evaluations"": 1000, ""operators"": ""UNIFORM"", ""population_size"": 20, ""seed"": 1, ""time_budget_ms"": 300000}",ok,FEASIBLE,True,0.08903846513451875,0.08903846513451875,True,82.36931940000001,47.0,1.0,300009.0,3240332,301.4,,5,331,
stockOrch_146588263_infrastructure_80|random-search#seed1,stockOrch,80,146588263,stockOrch_146588263_infrastructure_80,random-search,1,"{""iterations_count"": 1000, ""seed"": 1, ""time_budget_ms"": 300000}",ok,FEASIBLE,True,0.10520691355764827,0.10520691355764827,True,100.46551982,35.0,1.0,299944.0,3513526,301.541,,5,331,
stockOrch_146588263_infrastructure_80|evolutionary-heuristics#seed2,stockOrch,80,146588263,stockOrch_146588263_infrastructure_80,evolutionary-heuristics,2,"{""algorithm"": ""NSGAII"", ""max_evaluations"": 1000, ""operators"": ""UNIFORM"", ""population_size"": 20, ""seed"": 2, ""time_budget_ms"": 300000}",ok,FEASIBLE,True,0.08903846513451875,0.08903846513451875,True,82.36931940000001,47.0,1.0,299944.0,3334329,301.479,,5,331,
stockOrch_146588263_infrastructure_80|random-search#seed2,stockOrch,80,146588263,stockOrch_146588263_infrastructure_80,random-search,2,"{""iterations_count"": 1000, ""seed"": 2, ""time_budget_ms"": 300000}",ok,FEASIBLE,True,0.10575499158064847,0.10575499158064847,True,96.5209366,45.0,1.0,300005.0,3473879,301.546,,5,331,
stockOrch_146588263_infrastructure_80|evolutionary-heuristics#seed3,stockOrch,80,146588263,stockOrch_146588263_infrastructure_80,evolutionary-heuristics,3,"{""algorithm"": ""NSGAII"", ""max_evaluations"": 1000, ""operators"": ""UNIFORM"", ""population_size"": 20, ""seed"": 3, ""time_budget_ms"": 300000}",ok,FEASIBLE,True,0.08903846513451875,0.08903846513451875,True,82.36931940000001,47.0,1.0,300004.0,3306462,301.475,,5,331,
stockOrch_146588263_infrastructure_80|random-search#seed3,stockOrch,80,146588263,stockOrch_146588263_infrastructure_80,random-search,3,"{""iterations_count"": 1000, ""seed"": 3, ""time_budget_ms"": 300000}",ok,FEASIBLE,True,0.10338030011530702,0.10338030011530702,True,96.60597528999999,40.5,1.0,300005.0,3641787,301.43,,5,331,
stockOrch_146588263_infrastructure_80|evolutionary-heuristics#seed4,stockOrch,80,146588263,stockOrch_146588263_infrastructure_80,evolutionary-heuristics,4,"{""algorithm"": ""NSGAII"", ""max_evaluations"": 1000, ""operators"": ""UNIFORM"", ""population_size"": 20, ""seed"": 4, ""time_budget_ms"": 300000}",ok,FEASIBLE,True,0.08903846513451875,0.08903846513451875,True,82.36931940000001,47.0,1.0,300005.0,3384069,301.466,,5,331,
stockOrch_146588263_infrastructure_80|random-search#seed4,stockOrch,80,146588263,stockOrch_146588263_infrastructure_80,random-search,4,"{""iterations_count"": 1000, ""seed"": 4, ""time_budget_ms"": 300000}",ok,FEASIBLE,True,0.10120029251797832,0.10120029251797832,True,87.546115545,57.2325,1.0,299996.0,3587463,301.43,,5,331,
stockOrch_146588263_infrastructure_80|evolutionary-heuristics#seed5,stockOrch,80,146588263,stockOrch_146588263_infrastructure_80,evolutionary-heuristics,5,"{""algorithm"": ""NSGAII"", ""max_evaluations"": 1000, ""operators"": ""UNIFORM"", ""population_size"": 20, ""seed"": 5, ""time_budget_ms"": 300000}",ok,FEASIBLE,True,0.08903846513451875,0.08903846513451875,True,82.36931940000001,47.0,1.0,299997.0,3479203,301.501,,5,331,
stockOrch_146588263_infrastructure_80|random-search#seed5,stockOrch,80,146588263,stockOrch_146588263_infrastructure_80,random-search,5,"{""iterations_count"": 1000, ""seed"": 5, ""time_budget_ms"": 300000}",ok,FEASIBLE,True,0.09980959322041849,0.09980959322041849,True,86.511094095,57.074,1.0,300008.0,3647471,301.417,,5,331,
stockOrch_146588263_infrastructure_80|evolutionary-heuristics#seed6,stockOrch,80,146588263,stockOrch_146588263_infrastructure_80,evolutionary-heuristics,6,"{""algorithm"": ""NSGAII"", ""max_evaluations"": 1000, ""operators"": ""UNIFORM"", ""population_size"": 20, ""seed"": 6, ""time_budget_ms"": 300000}",ok,FEASIBLE,True,0.08903846513451875,0.08903846513451875,True,82.36931940000001,47.0,1.0,300008.0,3473001,301.381,,5,331,
stockOrch_146588263_infrastructure_80|random-search#seed6,stockOrch,80,146588263,stockOrch_146588263_infrastructure_80,random-search,6,"{""iterations_count"": 1000, ""seed"": 6, ""time_budget_ms"": 300000}",ok,FEASIBLE,True,0.10118726500231517,0.10118726500231517,True,97.27326339999999,35.0,1.0,300007.0,3538901,301.416,,5,331,
stockOrch_146588263_infrastructure_80|evolutionary-heuristics#seed7,stockOrch,80,146588263,stockOrch_146588263_infrastructure_80,evolutionary-heuristics,7,"{""algorithm"": ""NSGAII"", ""max_evaluations"": 1000, ""operators"": ""UNIFORM"", ""population_size"": 20, ""seed"": 7, ""time_budget_ms"": 300000}",ok,FEASIBLE,True,0.08903846513451875,0.08903846513451875,True,82.36931940000001,47.0,1.0,300007.0,3307544,301.523,,5,331,
stockOrch_146588263_infrastructure_80|random-search#seed7,stockOrch,80,146588263,stockOrch_146588263_infrastructure_80,random-search,7,"{""iterations_count"": 1000, ""seed"": 7, ""time_budget_ms"": 300000}",ok,FEASIBLE,True,0.10985590521442679,0.10985590521442679,True,96.241442645,53.074,1.0,300007.0,3571578,301.541,,5,331,
stockOrch_146588263_infrastructure_80|evolutionary-heuristics#seed8,stockOrch,80,146588263,stockOrch_146588263_infrastructure_80,evolutionary-heuristics,8,"{""algorithm"": ""NSGAII"", ""max_evaluations"": 1000, ""operators"": ""UNIFORM"", ""population_size"": 20, ""seed"": 8, ""time_budget_ms"": 300000}",ok,FEASIBLE,True,0.08903846513451875,0.08903846513451875,True,82.36931940000001,47.0,1.0,300054.0,3447905,301.465,,5,331,
stockOrch_146588263_infrastructure_80|random-search#seed8,stockOrch,80,146588263,stockOrch_146588263_infrastructure_80,random-search,8,"{""iterations_count"": 1000, ""seed"": 8, ""time_budget_ms"": 300000}",ok,FEASIBLE,True,0.10843105994060599,0.10843105994060599,True,95.91643189500002,51.2325,1.0,300058.0,3548265,301.434,,5,331,
stockOrch_146588263_infrastructure_80|evolutionary-heuristics#seed9,stockOrch,80,146588263,stockOrch_146588263_infrastructure_80,evolutionary-heuristics,9,"{""algorithm"": ""NSGAII"", ""max_evaluations"": 1000, ""operators"": ""UNIFORM"", ""population_size"": 20, ""seed"": 9, ""time_budget_ms"": 300000}",ok,FEASIBLE,True,0.08903846513451875,0.08903846513451875,True,82.36931940000001,47.0,1.0,300010.0,3427821,301.502,,5,331,
stockOrch_146588263_infrastructure_80|random-search#seed9,stockOrch,80,146588263,stockOrch_146588263_infrastructure_80,random-search,9,"{""iterations_count"": 1000, ""seed"": 9, ""time_budget_ms"": 300000}",ok,FEASIBLE,True,0.10847921838738152,0.10847921838738152,True,103.50224811000001,34.0,1.0,300009.0,3627760,301.408,,5,331,
stockOrch_146588263_infrastructure_80|evolutionary-heuristics#seed10,stockOrch,80,146588263,stockOrch_146588263_infrastructure_80,evolutionary-heuristics,10,"{""algorithm"": ""NSGAII"", ""max_evaluations"": 1000, ""operators"": ""UNIFORM"", ""population_size"": 20, ""seed"": 10, ""time_budget_ms"": 300000}",ok,FEASIBLE,True,0.08903846513451875,0.08903846513451875,True,82.36931940000001,47.0,1.0,300009.0,3486897,301.47,,5,331,
stockOrch_146588263_infrastructure_80|random-search#seed10,stockOrch,80,146588263,stockOrch_146588263_infrastructure_80,random-search,10,"{""iterations_count"": 1000, ""seed"": 10, ""time_budget_ms"": 300000}",ok,FEASIBLE,True,0.10413494369100906,0.10413494369100906,True,99.17621629000001,36.0,1.0,300009.0,3649784,301.408,,5,331,
stockOrch_146588263_infrastructure_85|evolutionary-heuristics#seed1,stockOrch,85,146588263,stockOrch_146588263_infrastructure_85,evolutionary-heuristics,1,"{""algorithm"": ""NSGAII"", ""max_evaluations"": 1000, ""operators"": ""UNIFORM"", ""population_size"": 20, ""seed"": 1, ""time_budget_ms"": 300000}",ok,FEASIBLE,True,0.10076021989208708,0.10076021989208708,True,95.82411973,23.0,1.0,300009.0,3037320,301.917,,5,445,
stockOrch_146588263_infrastructure_85|random-search#seed1,stockOrch,85,146588263,stockOrch_146588263_infrastructure_85,random-search,1,"{""iterations_count"": 1000, ""seed"": 1, ""time_budget_ms"": 300000}",ok,FEASIBLE,True,0.10694703952509876,0.10694703952509876,True,92.427101525,43.2905,1.0,300010.0,3027892,301.981,,5,445,
stockOrch_146588263_infrastructure_85|evolutionary-heuristics#seed2,stockOrch,85,146588263,stockOrch_146588263_infrastructure_85,evolutionary-heuristics,2,"{""algorithm"": ""NSGAII"", ""max_evaluations"": 1000, ""operators"": ""UNIFORM"", ""population_size"": 20, ""seed"": 2, ""time_budget_ms"": 300000}",ok,FEASIBLE,True,0.10076021989208708,0.10076021989208708,True,95.82411973,23.0,1.0,300009.0,3008036,301.875,,5,445,
stockOrch_146588263_infrastructure_85|random-search#seed2,stockOrch,85,146588263,stockOrch_146588263_infrastructure_85,random-search,2,"{""iterations_count"": 1000, ""seed"": 2, ""time_budget_ms"": 300000}",ok,FEASIBLE,True,0.1034593637188329,0.1034593637188329,True,94.65683702,31.0,1.0,300008.0,2956416,302.283,,5,445,
stockOrch_146588263_infrastructure_85|evolutionary-heuristics#seed3,stockOrch,85,146588263,stockOrch_146588263_infrastructure_85,evolutionary-heuristics,3,"{""algorithm"": ""NSGAII"", ""max_evaluations"": 1000, ""operators"": ""UNIFORM"", ""population_size"": 20, ""seed"": 3, ""time_budget_ms"": 300000}",ok,FEASIBLE,True,0.09834017698962981,0.09834017698962981,True,95.32956355,20.0,1.0,300009.0,2952047,301.819,,5,445,
stockOrch_146588263_infrastructure_85|random-search#seed3,stockOrch,85,146588263,stockOrch_146588263_infrastructure_85,random-search,3,"{""iterations_count"": 1000, ""seed"": 3, ""time_budget_ms"": 300000}",ok,FEASIBLE,True,0.10517932340344649,0.10517932340344649,True,97.273121495,27.0,1.0,299833.0,3028137,301.835,,5,445,
stockOrch_146588263_infrastructure_85|evolutionary-heuristics#seed4,stockOrch,85,146588263,stockOrch_146588263_infrastructure_85,evolutionary-heuristics,4,"{""algorithm"": ""NSGAII"", ""max_evaluations"": 1000, ""operators"": ""UNIFORM"", ""population_size"": 20, ""seed"": 4, ""time_budget_ms"": 300000}",ok,FEASIBLE,True,0.09834017698962981,0.09834017698962981,True,95.32956355,20.0,1.0,299829.0,2981652,301.766,,5,445,
stockOrch_146588263_infrastructure_85|random-search#seed4,stockOrch,85,146588263,stockOrch_146588263_infrastructure_85,random-search,4,"{""iterations_count"": 1000, ""seed"": 4, ""time_budget_ms"": 300000}",ok,FEASIBLE,True,0.10514520655839667,0.10514520655839667,True,95.40386987,32.0,1.0,299988.0,2981688,301.991,,5,445,
stockOrch_146588263_infrastructure_85|evolutionary-heuristics#seed5,stockOrch,85,146588263,stockOrch_146588263_infrastructure_85,evolutionary-heuristics,5,"{""algorithm"": ""NSGAII"", ""max_evaluations"": 1000, ""operators"": ""UNIFORM"", ""population_size"": 20, ""seed"": 5, ""time_budget_ms"": 300000}",ok,FEASIBLE,True,0.10076021989208708,0.10076021989208708,True,95.82411973,23.0,1.0,299918.0,2896825,301.868,,5,445,
stockOrch_146588263_infrastructure_85|random-search#seed5,stockOrch,85,146588263,stockOrch_146588263_infrastructure_85,random-search,5,"{""iterations_count"": 1000, ""seed"": 5, ""time_budget_ms"": 300000}",ok,FEASIBLE,True,0.11436390778477824,0.11436390778477824,True,99.84649819500001,36.5,1.0,299987.0,2908909,302.014,,5,445,
stockOrch_146588263_infrastructure_85|evolutionary-heuristics#seed6,stockOrch,85,146588263,stockOrch_146588263_infrastructure_85,evolutionary-heuristics,6,"{""algorithm"": ""NSGAII"", ""max_evaluations"": 1000, ""operators"": ""UNIFORM"", ""population_size"": 20, ""seed"": 6, ""time_budget_ms"": 300000}",ok,FEASIBLE,True,0.10076021989208708,0.10076021989208708,True,95.82411973,23.0,1.0,300058.0,2974378,302.32,,5,445,
stockOrch_146588263_infrastructure_85|random-search#seed6,stockOrch,85,146588263,stockOrch_146588263_infrastructure_85,random-search,6,"{""iterations_count"": 1000, ""seed"": 6, ""time_budget_ms"": 300000}",ok,FEASIBLE,True,0.10845984395433123,0.10845984395433123,True,94.35221,40.7905,1.0,300065.0,3013905,301.902,,5,445,
stockOrch_146588263_infrastructure_85|evolutionary-heuristics#seed7,stockOrch,85,146588263,stockOrch_146588263_infrastructure_85,evolutionary-heuristics,7,"{""algorithm"": ""NSGAII"", ""max_evaluations"": 1000, ""operators"": ""UNIFORM"", ""population_size"": 20, ""seed"": 7, ""time_budget_ms"": 300000}",ok,FEASIBLE,True,0.10076021989208708,0.10076021989208708,True,95.82411973,23.0,1.0,300068.0,3001222,301.941,,5,445,
stockOrch_146588263_infrastructure_85|random-search#seed7,stockOrch,85,146588263,stockOrch_146588263_infrastructure_85,random-search,7,"{""iterations_count"": 1000, ""seed"": 7, ""time_budget_ms"": 300000}",ok,FEASIBLE,True,0.10974016416175038,0.10974016416175038,True,98.261983795,32.5,1.0,299995.0,2957068,301.871,,5,445,
stockOrch_146588263_infrastructure_85|evolutionary-heuristics#seed8,stockOrch,85,146588263,stockOrch_146588263_infrastructure_85,evolutionary-heuristics,8,"{""algorithm"": ""NSGAII"", ""max_evaluations"": 1000, ""operators"": ""UNIFORM"", ""population_size"": 20, ""seed"": 8, ""time_budget_ms"": 300000}",ok,FEASIBLE,True,0.10076021989208708,0.10076021989208708,True,95.82411973,23.0,1.0,299995.0,3011385,302.089,,5,445,
stockOrch_146588263_infrastructure_85|random-search#seed8,stockOrch,85,146588263,stockOrch_146588263_infrastructure_85,random-search,8,"{""iterations_count"": 1000, ""seed"": 8, ""time_budget_ms"": 300000}",ok,FEASIBLE,True,0.10701203587445451,0.10701203587445451,True,95.53208814,35.0,1.0,300001.0,3035141,301.952,,5,445,
stockOrch_146588263_infrastructure_85|evolutionary-heuristics#seed9,stockOrch,85,146588263,stockOrch_146588263_infrastructure_85,evolutionary-heuristics,9,"{""algorithm"": ""NSGAII"", ""max_evaluations"": 1000, ""operators"": ""UNIFORM"", ""population_size"": 20, ""seed"": 9, ""time_budget_ms"": 300000}",ok,FEASIBLE,True,0.10076021989208708,0.10076021989208708,True,95.82411973,23.0,1.0,300001.0,3016780,301.986,,5,445,
stockOrch_146588263_infrastructure_85|random-search#seed9,stockOrch,85,146588263,stockOrch_146588263_infrastructure_85,random-search,9,"{""iterations_count"": 1000, ""seed"": 9, ""time_budget_ms"": 300000}",ok,FEASIBLE,True,0.11110909233938149,0.11110909233938149,True,100.276483395,29.5,1.0,300100.0,3035503,302.063,,5,445,
stockOrch_146588263_infrastructure_85|evolutionary-heuristics#seed10,stockOrch,85,146588263,stockOrch_146588263_infrastructure_85,evolutionary-heuristics,10,"{""algorithm"": ""NSGAII"", ""max_evaluations"": 1000, ""operators"": ""UNIFORM"", ""population_size"": 20, ""seed"": 10, ""time_budget_ms"": 300000}",ok,FEASIBLE,True,0.10076021989208708,0.10076021989208708,True,95.82411973,23.0,1.0,300102.0,2984662,301.937,,5,445,
stockOrch_146588263_infrastructure_85|random-search#seed10,stockOrch,85,146588263,stockOrch_146588263_infrastructure_85,random-search,10,"{""iterations_count"": 1000, ""seed"": 10, ""time_budget_ms"": 300000}",ok,FEASIBLE,True,0.10904808954147435,0.10904808954147435,True,91.78709096,48.790499999999994,1.0,300008.0,2997539,301.922,,5,445,
stockOrch_146588263_infrastructure_90|evolutionary-heuristics#seed1,stockOrch,90,146588263,stockOrch_146588263_infrastructure_90,evolutionary-heuristics,1,"{""algorithm"": ""NSGAII"", ""max_evaluations"": 1000, ""operators"": ""UNIFORM"", ""population_size"": 20, ""seed"": 1, ""time_budget_ms"": 300000}",ok,FEASIBLE,True,0.07417753201964916,0.07417753201964916,True,62.504169665,41.186499999999995,1.0,300009.0,3050833,301.906,,5,406,
stockOrch_146588263_infrastructure_90|random-search#seed1,stockOrch,90,146588263,stockOrch_146588263_infrastructure_90,random-search,1,"{""iterations_count"": 1000, ""seed"": 1, ""time_budget_ms"": 300000}",ok,FEASIBLE,True,0.11257249232275934,0.11257249232275934,True,93.24657178,52.574,1.0,299989.0,3031874,301.855,,5,406,
stockOrch_146588263_infrastructure_90|evolutionary-heuristics#seed2,stockOrch,90,146588263,stockOrch_146588263_infrastructure_90,evolutionary-heuristics,2,"{""algorithm"": ""NSGAII"", ""max_evaluations"": 1000, ""operators"": ""UNIFORM"", ""population_size"": 20, ""seed"": 2, ""time_budget_ms"": 300000}",ok,FEASIBLE,True,0.07417753201964916,0.07417753201964916,True,62.504169665,41.186499999999995,1.0,299988.0,3025584,301.729,,5,406,
stockOrch_146588263_infrastructure_90|random-search#seed2,stockOrch,90,146588263,stockOrch_146588263_infrastructure_90,random-search,2,"{""iterations_count"": 1000, ""seed"": 2, ""time_budget_ms"": 300000}",ok,FEASIBLE,True,0.09667369759084185,0.09667369759084185,True,81.94834109499999,45.186499999999995,1.0,300010.0,3038846,301.842,,5,406,
stockOrch_146588263_infrastructure_90|evolutionary-heuristics#seed3,stockOrch,90,146588263,stockOrch_146588263_infrastructure_90,evolutionary-heuristics,3,"{""algorithm"": ""NSGAII"", ""max_evaluations"": 1000, ""operators"": ""UNIFORM"", ""population_size"": 20, ""seed"": 3, ""time_budget_ms"": 300000}",ok,FEASIBLE,True,0.07417753201964916,0.07417753201964916,True,62.504169665,41.186499999999995,1.0,300025.0,3009968,301.737,,5,406,
stockOrch_146588263_infrastructure_90|random-search#seed3,stockOrch,90,146588263,stockOrch_146588263_infrastructure_90,random-search,3,"{""iterations_count"": 1000, ""seed"": 3, ""time_budget_ms"": 300000}",ok,FEASIBLE,True,0.11162970247946871,0.11162970247946871,True,93.145587865,51.074,1.0,300020.0,3008480,301.877,,5,406,
stockOrch_146588263_infrastructure_90|evolutionary-heuristics#seed4,stockOrch,90,146588263,stockOrch_146588263_infrastructure_90,evolutionary-heuristics,4,"{""algorithm"": ""NSGAII"", ""max_evaluations"": 1000, ""operators"": ""UNIFORM"", ""population_size"": 20, ""seed"": 4, ""time_budget_ms"": 300000}",ok,FEASIBLE,True,0.07417753201964916,0.07417753201964916,True,62.504169665,41.186499999999995,1.0,300004.0,3003647,301.903,,5,406,
stockOrch_146588263_infrastructure_90|random-search#seed4,stockOrch,90,146588263,stockOrch_146588263_infrastructure_90,random-search,4,"{""iterations_count"": 1000, ""seed"": 4, ""time_budget_ms"": 300000}",ok,FEASIBLE,True,0.08380068545555815,0.08380068545555815,True,71.202779825,42.186499999999995,1.0,300009.0,2944512,301.973,,5,406,
stockOrch_146588263_infrastructure_90|evolutionary-heuristics#seed5,stockOrch,90,146588263,stockOrch_146588263_infrastructure_90,evolutionary-heuristics,5,"{""algorithm"": ""NSGAII"", ""max_evaluations"": 1000, ""operators"": ""UNIFORM"", ""population_size"": 20, ""seed"": 5, ""time_budget_ms"": 300000}",ok,FEASIBLE,True,0.07417753201964916,0.07417753201964916,True,62.504169665,41.186499999999995,1.0,300009.0,2947396,302.072,,5,406,
stockOrch_146588263_infrastructure_90|random-search#seed5,stockOrch,90,146588263,stockOrch_146588263_infrastructure_90,random-search,5,"{""iterations_count"": 1000, ""seed"": 5, ""time_budget_ms"": 300000}",ok,FEASIBLE,True,0.09684741128802112,0.09684741128802112,True,81.57922307499999,46.186499999999995,1.0,299988.0,2995493,301.832,,5,406,
stockOrch_146588263_infrastructure_90|evolutionary-heuristics#seed6,stockOrch,90,146588263,stockOrch_146588263_infrastructure_90,evolutionary-heuristics,6,"{""algorithm"": ""NSGAII"", ""max_evaluations"": 1000, ""operators"": ""UNIFORM"", ""population_size"": 20, ""seed"": 6, ""time_budget_ms"": 300000}",ok,FEASIBLE,True,0.07417753201964916,0.07417753201964916,True,62.504169665,41.186499999999995,1.0,299905.0,3047158,301.778,,5,406,
stockOrch_146588263_infrastructure_90|random-search#seed6,stockOrch,90,146588263,stockOrch_146588263_infrastructure_90,random-search,6,"{""iterations_count"": 1000, ""seed"": 6, ""time_budget_ms"": 300000}",ok,FEASIBLE,True,0.11429541805954287,0.11429541805954287,True,98.297767485,46.2325,1.0,299919.0,2909037,301.778,,5,406,
stockOrch_146588263_infrastructure_90|evolutionary-heuristics#seed7,stockOrch,90,146588263,stockOrch_146588263_infrastructure_90,evolutionary-heuristics,7,"{""algorithm"": ""NSGAII"", ""max_evaluations"": 1000, ""operators"": ""UNIFORM"", ""population_size"": 20, ""seed"": 7, ""time_budget_ms"": 300000}",ok,FEASIBLE,True,0.07417753201964916,0.07417753201964916,True,62.504169665,41.186499999999995,1.0,299998.0,2833785,302.192,,5,406,
stockOrch_146588263_infrastructure_90|random-search#seed7,stockOrch,90,146588263,stockOrch_146588263_infrastructure_90,random-search,7,"{""iterations_count"": 1000, ""seed"": 7, ""time_budget_ms"": 300000}",ok,FEASIBLE,True,0.10094394670657028,0.10094394670657028,True,85.570557455,46.074,1.0,299999.0,2914670,301.789,,5,406,
stockOrch_146588263_infrastructure_90|evolutionary-heuristics#seed8,stockOrch,90,146588263,stockOrch_146588263_infrastructure_90,evolutionary-heuristics,8,"{""algorithm"": ""NSGAII"", ""max_evaluations"": 1000, ""operators"": ""UNIFORM"", ""population_size"": 20, ""seed"": 8, ""time_budget_ms"": 300000}",ok,FEASIBLE,True,0.07417753201964916,0.07417753201964916,True,62.504169665,41.186499999999995,1.0,299998.0,3003332,301.893,,5,406,
stockOrch_146588263_infrastructure_90|random-search#seed8,stockOrch,90,146588263,stockOrch_146588263_infrastructure_90,random-search,8,"{""iterations_count"": 1000, ""seed"": 8, ""time_budget_ms"": 300000}",ok,FEASIBLE,True,0.09502629080404487,0.09502629080404487,True,78.55240985,48.574,1.0,299998.0,2997649,301.803,,5,406,
stockOrch_146588263_infrastructure_90|evolutionary-heuristics#seed9,stockOrch,90,146588263,stockOrch_146588263_infrastructure_90,evolutionary-heuristics,9,"{""algorithm"": ""NSGAII"", ""max_evaluations"": 1000, ""operators"": ""UNIFORM"", ""population_size"": 20, ""seed"": 9, ""time_budget_ms"": 300000}",ok,FEASIBLE,True,0.07417753201964916,0.07417753201964916,True,62.504169665,41.186499999999995,1.0,300001.0,2995408,301.832,,5,406,
stockOrch_146588263_infrastructure_90|random-search#seed9,stockOrch,90,146588263,stockOrch_146588263_infrastructure_90,random-search,9,"{""iterations_count"": 1000, ""seed"": 9, ""time_budget_ms"": 300000}",ok,FEASIBLE,True,0.10022052903510492,0.10022052903510492,True,83.00101151,49.574,1.0,300004.0,2975966,301.876,,5,406,
stockOrch_146588263_infrastructure_90|evolutionary-heuristics#seed10,stockOrch,90,146588263,stockOrch_146588263_infrastructure_90,evolutionary-heuristics,10,"{""algorithm"": ""NSGAII"", ""max_evaluations"": 1000, ""operators"": ""UNIFORM"", ""population_size"": 20, ""seed"": 10, ""time_budget_ms"": 300000}",ok,FEASIBLE,True,0.07417753201964916,0.07417753201964916,True,62.504169665,41.186499999999995,1.0,300001.0,2968094,301.997,,5,406,
stockOrch_146588263_infrastructure_90|random-search#seed10,stockOrch,90,146588263,stockOrch_146588263_infrastructure_90,random-search,10,"{""iterations_count"": 1000, ""seed"": 10, ""time_budget_ms"": 300000}",ok,FEASIBLE,True,0.09684741128802112,0.09684741128802112,True,81.57922307499999,46.186499999999995,1.0,300002.0,2995825,301.847,,5,406,
stockOrch_146588263_infrastructure_95|evolutionary-heuristics#seed1,stockOrch,95,146588263,stockOrch_146588263_infrastructure_95,evolutionary-heuristics,1,"{""algorithm"": ""NSGAII"", ""max_evaluations"": 1000, ""operators"": ""UNIFORM"", ""population_size"": 20, ""seed"": 1, ""time_budget_ms"": 300000}",ok,FEASIBLE,True,0.1070954991968751,0.1070954991968751,True,82.58104777999999,44.0,1.0,300002.0,2813568,301.914,,5,389,
stockOrch_146588263_infrastructure_95|random-search#seed1,stockOrch,95,146588263,stockOrch_146588263_infrastructure_95,random-search,1,"{""iterations_count"": 1000, ""seed"": 1, ""time_budget_ms"": 300000}",ok,FEASIBLE,True,0.11277879264529753,0.11277879264529753,True,89.08025832499999,41.0,1.0,299975.0,2914337,301.85,,5,389,
stockOrch_146588263_infrastructure_95|evolutionary-heuristics#seed2,stockOrch,95,146588263,stockOrch_146588263_infrastructure_95,evolutionary-heuristics,2,"{""algorithm"": ""NSGAII"", ""max_evaluations"": 1000, ""operators"": ""UNIFORM"", ""population_size"": 20, ""seed"": 2, ""time_budget_ms"": 300000}",ok,FEASIBLE,True,0.1070954991968751,0.1070954991968751,True,82.58104777999999,44.0,1.0,299969.0,2841003,301.803,,5,389,
stockOrch_146588263_infrastructure_95|random-search#seed2,stockOrch,95,146588263,stockOrch_146588263_infrastructure_95,random-search,2,"{""iterations_count"": 1000, ""seed"": 2, ""time_budget_ms"": 300000}",ok,FEASIBLE,True,0.11518728058315561,0.11518728058315561,True,91.94670021499999,39.5,1.0,299994.0,2926170,301.989,,5,389,
stockOrch_146588263_infrastructure_95|evolutionary-heuristics#seed3,stockOrch,95,146588263,stockOrch_146588263_infrastructure_95,evolutionary-heuristics,3,"{""algorithm"": ""NSGAII"", ""max_evaluations"": 1000, ""operators"": ""UNIFORM"", ""population_size"": 20, ""seed"": 3, ""time_budget_ms"": 300000}",ok,FEASIBLE,True,0.1070954991968751,0.1070954991968751,True,82.58104777999999,44.0,1.0,300001.0,2852834,301.956,,5,389,
stockOrch_146588263_infrastructure_95|random-search#seed3,stockOrch,95,146588263,stockOrch_146588263_infrastructure_95,random-search,3,"{""iterations_count"": 1000, ""seed"": 3, ""time_budget_ms"": 300000}",ok,FEASIBLE,True,0.11577927513748085,0.11577927513748085,True,92.71568074,39.0,1.0,300002.0,2947157,301.917,,5,389,
stockOrch_146588263_infrastructure_95|evolutionary-heuristics#seed4,stockOrch,95,146588263,stockOrch_146588263_infrastructure_95,evolutionary-heuristics,4,"{""algorithm"": ""NSGAII"", ""max_evaluations"": 1000, ""operators"": ""UNIFORM"", ""population_size"": 20, ""seed"": 4, ""time_budget_ms"": 300000}",ok,FEASIBLE,True,0.1070954991968751,0.1070954991968751,True,82.58104777999999,44.0,1.0,299982.0,2771138,301.862,,5,389,
stockOrch_146588263_infrastructure_95|random-search#seed4,stockOrch,95,146588263,stockOrch_146588263_infrastructure_95,random-search,4,"{""iterations_count"": 1000, ""seed"": 4, ""time_budget_ms"": 300000}",ok,FEASIBLE,True,0.11889678628575263,0.11889678628575263,True,94.982738635,40.0,1.0,299980.0,2756183,301.856,,5,389,
stockOrch_146588263_infrastructure_95|evolutionary-heuristics#seed5,stockOrch,95,146588263,stockOrch_146588263_infrastructure_95,evolutionary-heuristics,5,"{""algorithm"": ""NSGAII"", ""max_evaluations"": 1000, ""operators"": ""UNIFORM"", ""population_size"": 20, ""seed"": 5, ""time_budget_ms"": 300000}",ok,FEASIBLE,True,0.1070954991968751,0.1070954991968751,True,82.58104777999999,44.0,1.0,300002.0,2466679,301.984,,5,389,
stockOrch_146588263_infrastructure_95|random-search#seed5,stockOrch,95,146588263,stockOrch_146588263_infrastructure_95,random-search,5,"{""iterations_count"": 1000, ""seed"": 5, ""time_budget_ms"": 300000}",ok,FEASIBLE,True,0.11972661507484388,0.11972661507484388,True,94.2449025,43.0,1.0,300096.0,2665005,305.247,,5,389,
stockOrch_146588263_infrastructure_95|evolutionary-heuristics#seed6,stockOrch,95,146588263,stockOrch_146588263_infrastructure_95,evolutionary-heuristics,6,"{""algorithm"": ""NSGAII"", ""max_evaluations"": 1000, ""operators"": ""UNIFORM"", ""population_size"": 20, ""seed"": 6, ""time_budget_ms"": 300000}",ok,FEASIBLE,True,0.10784253409906723,0.10784253409906723,True,83.24185954000001,44.0,1.0,300102.0,2628067,302.154,,5,389,
stockOrch_146588263_infrastructure_95|random-search#seed6,stockOrch,95,146588263,stockOrch_146588263_infrastructure_95,random-search,6,"{""iterations_count"": 1000, ""seed"": 6, ""time_budget_ms"": 300000}",ok,FEASIBLE,True,0.12042952948054986,0.12042952948054986,True,96.093257565,40.5,1.0,300009.0,1677559,302.045,,5,389,
stockOrch_146588263_infrastructure_95|evolutionary-heuristics#seed7,stockOrch,95,146588263,stockOrch_146588263_infrastructure_95,evolutionary-heuristics,7,"{""algorithm"": ""NSGAII"", ""max_evaluations"": 1000, ""operators"": ""UNIFORM"", ""population_size"": 20, ""seed"": 7, ""time_budget_ms"": 300000}",ok,FEASIBLE,True,0.10784253409906723,0.10784253409906723,True,83.24185954000001,44.0,1.0,300009.0,1766319,310.869,,5,389,
stockOrch_146588263_infrastructure_95|random-search#seed7,stockOrch,95,146588263,stockOrch_146588263_infrastructure_95,random-search,7,"{""iterations_count"": 1000, ""seed"": 7, ""time_budget_ms"": 300000}",ok,FEASIBLE,True,0.109433217918012,0.109433217918012,True,84.89426011500001,43.5,1.0,300010.0,2055650,302.567,,5,389,
stockOrch_146588263_infrastructure_95|evolutionary-heuristics#seed8,stockOrch,95,146588263,stockOrch_146588263_infrastructure_95,evolutionary-heuristics,8,"{""algorithm"": ""NSGAII"", ""max_evaluations"": 1000, ""operators"": ""UNIFORM"", ""population_size"": 20, ""seed"": 8, ""time_budget_ms"": 300000}",ok,FEASIBLE,True,0.10784253409906723,0.10784253409906723,True,83.24185954000001,44.0,1.0,299990.0,2077941,302.925,,5,389,
stockOrch_146588263_infrastructure_95|random-search#seed8,stockOrch,95,146588263,stockOrch_146588263_infrastructure_95,random-search,8,"{""iterations_count"": 1000, ""seed"": 8, ""time_budget_ms"": 300000}",ok,FEASIBLE,True,0.11500813129435766,0.11500813129435766,True,89.089771365,45.0,1.0,299978.0,2458653,302.682,,5,389,
stockOrch_146588263_infrastructure_95|evolutionary-heuristics#seed9,stockOrch,95,146588263,stockOrch_146588263_infrastructure_95,evolutionary-heuristics,9,"{""algorithm"": ""NSGAII"", ""max_evaluations"": 1000, ""operators"": ""UNIFORM"", ""population_size"": 20, ""seed"": 9, ""time_budget_ms"": 300000}",ok,FEASIBLE,True,0.1070954991968751,0.1070954991968751,True,82.58104777999999,44.0,1.0,299998.0,2643921,305.189,,5,389,
stockOrch_146588263_infrastructure_95|random-search#seed9,stockOrch,95,146588263,stockOrch_146588263_infrastructure_95,random-search,9,"{""iterations_count"": 1000, ""seed"": 9, ""time_budget_ms"": 300000}",ok,FEASIBLE,True,0.11389628726517095,0.11389628726517095,True,88.842199765,43.5,1.0,300009.0,2764532,301.923,,5,389,
stockOrch_146588263_infrastructure_95|evolutionary-heuristics#seed10,stockOrch,95,146588263,stockOrch_146588263_infrastructure_95,evolutionary-heuristics,10,"{""algorithm"": ""NSGAII"", ""max_evaluations"": 1000, ""operators"": ""UNIFORM"", ""population_size"": 20, ""seed"": 10, ""time_budget_ms"": 300000}",ok,FEASIBLE,True,0.10784253409906723,0.10784253409906723,True,83.24185954000001,44.0,1.0,300009.0,2628003,301.932,,5,389,
stockOrch_146588263_infrastructure_95|random-search#seed10,stockOrch,95,146588263,stockOrch_146588263_infrastructure_95,random-search,10,"{""iterations_count"": 1000, ""seed"": 10, ""time_budget_ms"": 300000}",ok,FEASIBLE,True,0.10887197126517943,0.10887197126517943,True,84.64310710999999,43.0,1.0,300008.0,2985859,302.48,,5,389,
